Γ£ô Initialized. View run at 
https://modal.com/apps/csc490-assignment3/main/ap-G5PamqRt9ENfGOcC6BB7XX
Γ£ô Created objects.
Γö£ΓöÇΓöÇ ≡ƒö¿ Created mount 
Γöé   C:\Users\minhc\workspace\csc490\Compos3D\a3\part3\nanochat_modal.py
Γö£ΓöÇΓöÇ ≡ƒö¿ Created mount 
Γöé   C:\Users\minhc\workspace\csc490\Compos3D\a3\part3\..\nanochat
Γö£ΓöÇΓöÇ ≡ƒö¿ Created function stage_make_eval_figures_p3.
Γö£ΓöÇΓöÇ ≡ƒö¿ Created function stage_make_sweep_figures_p3.
Γö£ΓöÇΓöÇ ≡ƒö¿ Created mount C:\Users\minhc\workspace\csc490\Compos3D\a3\part3
Γö£ΓöÇΓöÇ ≡ƒö¿ Created mount 
Γöé   C:\Users\minhc\workspace\csc490\Compos3D\a3\part3\patches\base_train.py
Γö£ΓöÇΓöÇ ≡ƒö¿ Created mount 
Γöé   C:\Users\minhc\workspace\csc490\Compos3D\a3\part3\patches\base_eval.py
Γö£ΓöÇΓöÇ ≡ƒö¿ Created function stage_sweep_p3_s256.
Γö£ΓöÇΓöÇ ≡ƒö¿ Created function stage_sweep_p3_s512.
Γö£ΓöÇΓöÇ ≡ƒö¿ Created function stage_pretrain_phase1.
Γö£ΓöÇΓöÇ ≡ƒö¿ Created function stage_pretrain_phase2.
Γö£ΓöÇΓöÇ ≡ƒö¿ Created function stage_pretrain_baseline.
Γö£ΓöÇΓöÇ ≡ƒö¿ Created function stage_eval_and_report.
Γö£ΓöÇΓöÇ ≡ƒö¿ Created function stage_needle_reeval.
Γö£ΓöÇΓöÇ ≡ƒö¿ Created function quick_test_d12.
ΓööΓöÇΓöÇ ≡ƒö¿ Created function quick_test_d12_eval_report.

==========
== CUDA ==
==========

CUDA Version 12.8.1

Container image Copyright (c) 2016-2023, NVIDIA CORPORATION & AFFILIATES. All rights reserved.

This container image and its contents are governed by the NVIDIA Deep Learning Container License.
By pulling and using the container, you accept the terms and conditions of this license:
https://developer.nvidia.com/ngc/nvidia-deep-learning-container-license

A copy of this license is made available in this container at /NGC-DL-CONTAINER-LICENSE for your convenience.

Symlinked /data/.cache/nanochat -> /vol/nanochat_cache
Baseline: depth=16 seq=2048 steps=4692 tag=part3/d16_baseline
cd /root/nanochat && PYTHONPATH=/root/nanochat:$PYTHONPATH uv run torchrun --standalone --nproc_per_node=8 -m scripts.base_train -- --depth=16 --max-seq-len=2048 --model-tag=part3/d16_baseline --device-batch-size=32 --total-batch-size=524288 --num-iterations=4692 --save-every=500 --wandb-project=nanochat-part3 --run=p3_d16_baseline --core-metric-every=1000

>>>  cd /root/nanochat && PYTHONPATH=/root/nanochat:$PYTHONPATH uv run torchrun --standalone --nproc_per_node=8 -m scripts.base_train -- --depth=16 --max-seq-len=2048 --model-tag=part3/d16_baseline --device-batch-size=32 --total-batch-size=524288 --num-iterations=4692 --save-every=500 --wandb-project=nanochat-part3 --run=p3_d16_baseline --core-metric-every=1000

Downloading torch (858.1MiB)
 Downloaded torch
Uninstalled 1 package in 917ms
Installed 1 package in 580ms

                                                       ΓûêΓûêΓûêΓûêΓûê                ΓûêΓûêΓûêΓûêΓûê
                                                      ΓûæΓûæΓûêΓûêΓûê                ΓûæΓûæΓûêΓûêΓûê
     ΓûêΓûêΓûêΓûêΓûêΓûêΓûêΓûê    ΓûêΓûêΓûêΓûêΓûêΓûê   ΓûêΓûêΓûêΓûêΓûêΓûêΓûêΓûê    ΓûêΓûêΓûêΓûêΓûêΓûê   ΓûêΓûêΓûêΓûêΓûêΓûê  ΓûæΓûêΓûêΓûêΓûêΓûêΓûêΓûê    ΓûêΓûêΓûêΓûêΓûêΓûê  ΓûêΓûêΓûêΓûêΓûêΓûêΓûê
    ΓûæΓûæΓûêΓûêΓûêΓûæΓûæΓûêΓûêΓûê  ΓûæΓûæΓûæΓûæΓûæΓûêΓûêΓûê ΓûæΓûæΓûêΓûêΓûêΓûæΓûæΓûêΓûêΓûê  ΓûêΓûêΓûêΓûæΓûæΓûêΓûêΓûê ΓûêΓûêΓûêΓûæΓûæΓûêΓûêΓûê ΓûæΓûêΓûêΓûêΓûæΓûæΓûêΓûêΓûê  ΓûæΓûæΓûæΓûæΓûæΓûêΓûêΓûêΓûæΓûæΓûæΓûêΓûêΓûêΓûæ
     ΓûæΓûêΓûêΓûê ΓûæΓûêΓûêΓûê   ΓûêΓûêΓûêΓûêΓûêΓûêΓûê  ΓûæΓûêΓûêΓûê ΓûæΓûêΓûêΓûê ΓûæΓûêΓûêΓûê ΓûæΓûêΓûêΓûêΓûæΓûêΓûêΓûê ΓûæΓûæΓûæ  ΓûæΓûêΓûêΓûê ΓûæΓûêΓûêΓûê   ΓûêΓûêΓûêΓûêΓûêΓûêΓûê  ΓûæΓûêΓûêΓûê
     ΓûæΓûêΓûêΓûê ΓûæΓûêΓûêΓûê  ΓûêΓûêΓûêΓûæΓûæΓûêΓûêΓûê  ΓûæΓûêΓûêΓûê ΓûæΓûêΓûêΓûê ΓûæΓûêΓûêΓûê ΓûæΓûêΓûêΓûêΓûæΓûêΓûêΓûê  ΓûêΓûêΓûê ΓûæΓûêΓûêΓûê ΓûæΓûêΓûêΓûê  ΓûêΓûêΓûêΓûæΓûæΓûêΓûêΓûê  ΓûæΓûêΓûêΓûê ΓûêΓûêΓûê
     ΓûêΓûêΓûêΓûê ΓûêΓûêΓûêΓûêΓûêΓûæΓûæΓûêΓûêΓûêΓûêΓûêΓûêΓûêΓûê ΓûêΓûêΓûêΓûê ΓûêΓûêΓûêΓûêΓûêΓûæΓûæΓûêΓûêΓûêΓûêΓûêΓûê ΓûæΓûæΓûêΓûêΓûêΓûêΓûêΓûê  ΓûêΓûêΓûêΓûê ΓûêΓûêΓûêΓûêΓûêΓûæΓûæΓûêΓûêΓûêΓûêΓûêΓûêΓûê  ΓûæΓûæΓûêΓûêΓûêΓûêΓûê
    ΓûæΓûæΓûæΓûæ ΓûæΓûæΓûæΓûæΓûæ  ΓûæΓûæΓûæΓûæΓûæΓûæΓûæΓûæ ΓûæΓûæΓûæΓûæ ΓûæΓûæΓûæΓûæΓûæ  ΓûæΓûæΓûæΓûæΓûæΓûæ   ΓûæΓûæΓûæΓûæΓûæΓûæ  ΓûæΓûæΓûæΓûæ ΓûæΓûæΓûæΓûæΓûæ  ΓûæΓûæΓûæΓûæΓûæΓûæΓûæΓûæ   ΓûæΓûæΓûæΓûæΓûæ
    
Autodetected device type: cuda
2026-03-06 21:03:52,588 - nanochat.common - [32m[1mINFO[0m - Distributed world size: 8
GPU: NVIDIA H100 80GB HBM3 | Peak FLOPS (BF16): 9.89e+14
wandb: Currently logged in as: chau-nguyenminh109 (chau-nguyenminh109-university-of-toronto) to https://api.wandb.ai. Use `wandb login --relogin` to force relogin
wandb: creating run
wandb: Tracking run with wandb version 0.21.3
wandb: Run data is saved locally in /root/nanochat/wandb/run-20260306_210352-tgvpb1v8
wandb: Run `wandb offline` to turn off syncing.
wandb: Syncing run p3_d16_baseline
wandb: Γ¡É∩╕Å View project at https://wandb.ai/chau-nguyenminh109-university-of-toronto/nanochat-part3
wandb: ≡ƒÜÇ View run at https://wandb.ai/chau-nguyenminh109-university-of-toronto/nanochat-part3/runs/tgvpb1v8
Γ£ô Using Flash Attention 3 (Hopper GPU detected), efficient, new and awesome.
Vocab size: 32,768
Model config:
{
  "sequence_len": 2048,
  "vocab_size": 32768,
  "n_layer": 16,
  "n_head": 8,
  "n_kv_head": 8,
  "n_embd": 1024,
  "window_pattern": "SSSL"
}
Parameter counts:
wte                     : 33,554,432
value_embeds            : 268,435,456
lm_head                 : 33,554,432
transformer_matrices    : 201,328,640
scalars                 : 32
total                   : 536,872,992
Estimated FLOPs per token: 1.660957e+09
Scaling weight decay from 0.200000 to 0.093750 for depth 16
Scaling the LR for the AdamW parameters Γê¥1/ΓêÜ(1024/768) = 0.866025
Using user-provided number of iterations: 4,692
Total number of training tokens: 2,459,959,296
Tokens : Scaling params ratio: 10.47
Total training FLOPs estimate: 4.085886e+18
Tokens / micro-batch / rank: 32 x 2048 = 65,536
Tokens / micro-batch: 524,288
Total batch size 524,288 => gradient accumulation steps: 1
Step 00000 | Validation bpb: 3.167127
step 00000/04692 (0.00%) | loss: 10.396984 | lrm: 1.00 | dt: 49236.32ms | tok/sec: 10,648 | bf16_mfu: 0.22 | epoch: 1 pq: 0 rg: 8 | total time: 0.00m
step 00001/04692 (0.02%) | loss: 10.145532 | lrm: 1.00 | dt: 229.63ms | tok/sec: 2,283,205 | bf16_mfu: 47.93 | epoch: 1 pq: 0 rg: 8 | total time: 0.00m
step 00002/04692 (0.04%) | loss: 9.634533 | lrm: 1.00 | dt: 229.69ms | tok/sec: 2,282,558 | bf16_mfu: 47.92 | epoch: 1 pq: 0 rg: 8 | total time: 0.00m
step 00003/04692 (0.06%) | loss: 9.250429 | lrm: 1.00 | dt: 228.98ms | tok/sec: 2,289,671 | bf16_mfu: 48.07 | epoch: 1 pq: 0 rg: 8 | total time: 0.00m
step 00004/04692 (0.09%) | loss: 8.718981 | lrm: 1.00 | dt: 243.54ms | tok/sec: 2,152,737 | bf16_mfu: 45.19 | epoch: 1 pq: 0 rg: 8 | total time: 0.00m
step 00005/04692 (0.11%) | loss: 8.308658 | lrm: 1.00 | dt: 239.87ms | tok/sec: 2,185,692 | bf16_mfu: 45.88 | epoch: 1 pq: 0 rg: 8 | total time: 0.00m
step 00006/04692 (0.13%) | loss: 7.989951 | lrm: 1.00 | dt: 236.70ms | tok/sec: 2,215,011 | bf16_mfu: 46.50 | epoch: 1 pq: 0 rg: 8 | total time: 0.00m
step 00007/04692 (0.15%) | loss: 7.740095 | lrm: 1.00 | dt: 234.35ms | tok/sec: 2,237,244 | bf16_mfu: 46.97 | epoch: 1 pq: 0 rg: 8 | total time: 0.00m
step 00008/04692 (0.17%) | loss: 7.531099 | lrm: 1.00 | dt: 237.74ms | tok/sec: 2,205,268 | bf16_mfu: 46.29 | epoch: 1 pq: 0 rg: 8 | total time: 0.00m
step 00009/04692 (0.19%) | loss: 7.346261 | lrm: 1.00 | dt: 241.56ms | tok/sec: 2,170,387 | bf16_mfu: 45.56 | epoch: 1 pq: 0 rg: 16 | total time: 0.00m
step 00010/04692 (0.21%) | loss: 7.191179 | lrm: 1.00 | dt: 238.37ms | tok/sec: 2,199,482 | bf16_mfu: 46.17 | epoch: 1 pq: 0 rg: 16 | total time: 0.00m
step 00011/04692 (0.23%) | loss: 7.054691 | lrm: 1.00 | dt: 235.63ms | tok/sec: 2,225,090 | bf16_mfu: 46.71 | epoch: 1 pq: 0 rg: 16 | total time: 0.00m | eta: 18.4m
step 00012/04692 (0.26%) | loss: 6.934184 | lrm: 1.00 | dt: 235.04ms | tok/sec: 2,230,595 | bf16_mfu: 46.83 | epoch: 1 pq: 0 rg: 16 | total time: 0.01m | eta: 18.4m
step 00013/04692 (0.28%) | loss: 6.835906 | lrm: 1.00 | dt: 240.22ms | tok/sec: 2,182,553 | bf16_mfu: 45.82 | epoch: 1 pq: 0 rg: 16 | total time: 0.01m | eta: 18.5m
step 00014/04692 (0.30%) | loss: 6.745531 | lrm: 1.00 | dt: 238.21ms | tok/sec: 2,200,913 | bf16_mfu: 46.20 | epoch: 1 pq: 0 rg: 16 | total time: 0.02m | eta: 18.5m
step 00015/04692 (0.32%) | loss: 6.660413 | lrm: 1.00 | dt: 236.58ms | tok/sec: 2,216,080 | bf16_mfu: 46.52 | epoch: 1 pq: 0 rg: 16 | total time: 0.02m | eta: 18.5m
step 00016/04692 (0.34%) | loss: 6.589979 | lrm: 1.00 | dt: 235.12ms | tok/sec: 2,229,909 | bf16_mfu: 46.81 | epoch: 1 pq: 0 rg: 16 | total time: 0.02m | eta: 18.5m
step 00017/04692 (0.36%) | loss: 6.521024 | lrm: 1.00 | dt: 236.56ms | tok/sec: 2,216,301 | bf16_mfu: 46.53 | epoch: 1 pq: 0 rg: 16 | total time: 0.03m | eta: 18.4m
step 00018/04692 (0.38%) | loss: 6.457262 | lrm: 1.00 | dt: 239.46ms | tok/sec: 2,189,470 | bf16_mfu: 45.96 | epoch: 1 pq: 0 rg: 24 | total time: 0.03m | eta: 18.5m
step 00019/04692 (0.40%) | loss: 6.396784 | lrm: 1.00 | dt: 236.62ms | tok/sec: 2,215,770 | bf16_mfu: 46.52 | epoch: 1 pq: 0 rg: 24 | total time: 0.04m | eta: 18.5m
step 00020/04692 (0.43%) | loss: 6.349771 | lrm: 1.00 | dt: 236.54ms | tok/sec: 2,216,466 | bf16_mfu: 46.53 | epoch: 1 pq: 0 rg: 24 | total time: 0.04m | eta: 18.5m
step 00021/04692 (0.45%) | loss: 6.305534 | lrm: 1.00 | dt: 238.94ms | tok/sec: 2,194,200 | bf16_mfu: 46.06 | epoch: 1 pq: 0 rg: 24 | total time: 0.04m | eta: 18.5m
step 00022/04692 (0.47%) | loss: 6.253604 | lrm: 1.00 | dt: 238.59ms | tok/sec: 2,197,432 | bf16_mfu: 46.13 | epoch: 1 pq: 0 rg: 24 | total time: 0.05m | eta: 18.5m
step 00023/04692 (0.49%) | loss: 6.223588 | lrm: 1.00 | dt: 243.31ms | tok/sec: 2,154,853 | bf16_mfu: 45.24 | epoch: 1 pq: 0 rg: 24 | total time: 0.05m | eta: 18.5m
step 00024/04692 (0.51%) | loss: 6.184598 | lrm: 1.00 | dt: 236.69ms | tok/sec: 2,215,107 | bf16_mfu: 46.50 | epoch: 1 pq: 0 rg: 24 | total time: 0.06m | eta: 18.5m
step 00025/04692 (0.53%) | loss: 6.153051 | lrm: 1.00 | dt: 237.43ms | tok/sec: 2,208,180 | bf16_mfu: 46.36 | epoch: 1 pq: 0 rg: 24 | total time: 0.06m | eta: 18.5m
step 00026/04692 (0.55%) | loss: 6.124207 | lrm: 1.00 | dt: 237.27ms | tok/sec: 2,209,638 | bf16_mfu: 46.39 | epoch: 1 pq: 0 rg: 32 | total time: 0.06m | eta: 18.5m
step 00027/04692 (0.58%) | loss: 6.092947 | lrm: 1.00 | dt: 239.45ms | tok/sec: 2,189,581 | bf16_mfu: 45.97 | epoch: 1 pq: 0 rg: 32 | total time: 0.07m | eta: 18.5m
step 00028/04692 (0.60%) | loss: 6.072838 | lrm: 1.00 | dt: 237.17ms | tok/sec: 2,210,569 | bf16_mfu: 46.41 | epoch: 1 pq: 0 rg: 32 | total time: 0.07m | eta: 18.5m
step 00029/04692 (0.62%) | loss: 6.043011 | lrm: 1.00 | dt: 235.81ms | tok/sec: 2,223,355 | bf16_mfu: 46.67 | epoch: 1 pq: 0 rg: 32 | total time: 0.08m | eta: 18.5m
step 00030/04692 (0.64%) | loss: 6.015281 | lrm: 1.00 | dt: 236.06ms | tok/sec: 2,220,948 | bf16_mfu: 46.62 | epoch: 1 pq: 0 rg: 32 | total time: 0.08m | eta: 18.5m
step 00031/04692 (0.66%) | loss: 5.994355 | lrm: 1.00 | dt: 237.60ms | tok/sec: 2,206,620 | bf16_mfu: 46.32 | epoch: 1 pq: 0 rg: 32 | total time: 0.08m | eta: 18.5m
step 00032/04692 (0.68%) | loss: 5.975208 | lrm: 1.00 | dt: 237.67ms | tok/sec: 2,205,938 | bf16_mfu: 46.31 | epoch: 1 pq: 0 rg: 32 | total time: 0.09m | eta: 18.4m
step 00033/04692 (0.70%) | loss: 5.952536 | lrm: 1.00 | dt: 237.06ms | tok/sec: 2,211,600 | bf16_mfu: 46.43 | epoch: 1 pq: 0 rg: 32 | total time: 0.09m | eta: 18.4m
step 00034/04692 (0.72%) | loss: 5.929689 | lrm: 1.00 | dt: 236.88ms | tok/sec: 2,213,272 | bf16_mfu: 46.46 | epoch: 1 pq: 0 rg: 40 | total time: 0.09m | eta: 18.4m
step 00035/04692 (0.75%) | loss: 5.911551 | lrm: 1.00 | dt: 240.42ms | tok/sec: 2,180,750 | bf16_mfu: 45.78 | epoch: 1 pq: 0 rg: 40 | total time: 0.10m | eta: 18.4m
step 00036/04692 (0.77%) | loss: 5.900151 | lrm: 1.00 | dt: 237.93ms | tok/sec: 2,203,551 | bf16_mfu: 46.26 | epoch: 1 pq: 0 rg: 40 | total time: 0.10m | eta: 18.4m
step 00037/04692 (0.79%) | loss: 5.882180 | lrm: 1.00 | dt: 237.22ms | tok/sec: 2,210,142 | bf16_mfu: 46.40 | epoch: 1 pq: 0 rg: 40 | total time: 0.11m | eta: 18.4m
step 00038/04692 (0.81%) | loss: 5.858687 | lrm: 1.00 | dt: 238.51ms | tok/sec: 2,198,203 | bf16_mfu: 46.15 | epoch: 1 pq: 0 rg: 40 | total time: 0.11m | eta: 18.4m
step 00039/04692 (0.83%) | loss: 5.847259 | lrm: 1.00 | dt: 238.03ms | tok/sec: 2,202,626 | bf16_mfu: 46.24 | epoch: 1 pq: 0 rg: 40 | total time: 0.11m | eta: 18.4m
step 00040/04692 (0.85%) | loss: 5.826228 | lrm: 1.00 | dt: 238.78ms | tok/sec: 2,195,688 | bf16_mfu: 46.09 | epoch: 1 pq: 0 rg: 40 | total time: 0.12m | eta: 18.4m
step 00041/04692 (0.87%) | loss: 5.820035 | lrm: 1.00 | dt: 238.21ms | tok/sec: 2,200,916 | bf16_mfu: 46.20 | epoch: 1 pq: 0 rg: 48 | total time: 0.12m | eta: 18.4m
step 00042/04692 (0.90%) | loss: 5.805363 | lrm: 1.00 | dt: 239.39ms | tok/sec: 2,190,135 | bf16_mfu: 45.98 | epoch: 1 pq: 0 rg: 48 | total time: 0.13m | eta: 18.4m
step 00043/04692 (0.92%) | loss: 5.785966 | lrm: 1.00 | dt: 238.76ms | tok/sec: 2,195,837 | bf16_mfu: 46.10 | epoch: 1 pq: 0 rg: 48 | total time: 0.13m | eta: 18.4m
step 00044/04692 (0.94%) | loss: 5.769689 | lrm: 1.00 | dt: 240.96ms | tok/sec: 2,175,818 | bf16_mfu: 45.68 | epoch: 1 pq: 0 rg: 48 | total time: 0.13m | eta: 18.4m
step 00045/04692 (0.96%) | loss: 5.753425 | lrm: 1.00 | dt: 238.18ms | tok/sec: 2,201,255 | bf16_mfu: 46.21 | epoch: 1 pq: 0 rg: 48 | total time: 0.14m | eta: 18.4m
step 00046/04692 (0.98%) | loss: 5.732360 | lrm: 1.00 | dt: 238.84ms | tok/sec: 2,195,146 | bf16_mfu: 46.08 | epoch: 1 pq: 0 rg: 48 | total time: 0.14m | eta: 18.4m
step 00047/04692 (1.00%) | loss: 5.712564 | lrm: 1.00 | dt: 240.21ms | tok/sec: 2,182,614 | bf16_mfu: 45.82 | epoch: 1 pq: 0 rg: 48 | total time: 0.15m | eta: 18.4m
step 00048/04692 (1.02%) | loss: 5.696552 | lrm: 1.00 | dt: 240.01ms | tok/sec: 2,184,418 | bf16_mfu: 45.86 | epoch: 1 pq: 0 rg: 48 | total time: 0.15m | eta: 18.4m
step 00049/04692 (1.04%) | loss: 5.682067 | lrm: 1.00 | dt: 238.32ms | tok/sec: 2,199,958 | bf16_mfu: 46.18 | epoch: 1 pq: 0 rg: 56 | total time: 0.15m | eta: 18.4m
step 00050/04692 (1.07%) | loss: 5.662013 | lrm: 1.00 | dt: 238.21ms | tok/sec: 2,200,920 | bf16_mfu: 46.20 | epoch: 1 pq: 0 rg: 56 | total time: 0.16m | eta: 18.4m
step 00051/04692 (1.09%) | loss: 5.648037 | lrm: 1.00 | dt: 237.97ms | tok/sec: 2,203,140 | bf16_mfu: 46.25 | epoch: 1 pq: 0 rg: 56 | total time: 0.16m | eta: 18.4m
step 00052/04692 (1.11%) | loss: 5.632505 | lrm: 1.00 | dt: 239.95ms | tok/sec: 2,185,012 | bf16_mfu: 45.87 | epoch: 1 pq: 0 rg: 56 | total time: 0.17m | eta: 18.4m
step 00053/04692 (1.13%) | loss: 5.616307 | lrm: 1.00 | dt: 238.16ms | tok/sec: 2,201,409 | bf16_mfu: 46.21 | epoch: 1 pq: 0 rg: 56 | total time: 0.17m | eta: 18.4m
step 00054/04692 (1.15%) | loss: 5.600036 | lrm: 1.00 | dt: 239.24ms | tok/sec: 2,191,488 | bf16_mfu: 46.01 | epoch: 1 pq: 0 rg: 56 | total time: 0.17m | eta: 18.4m
step 00055/04692 (1.17%) | loss: 5.584279 | lrm: 1.00 | dt: 238.52ms | tok/sec: 2,198,062 | bf16_mfu: 46.14 | epoch: 1 pq: 0 rg: 56 | total time: 0.18m | eta: 18.4m
step 00056/04692 (1.19%) | loss: 5.555553 | lrm: 1.00 | dt: 240.06ms | tok/sec: 2,183,947 | bf16_mfu: 45.85 | epoch: 1 pq: 0 rg: 64 | total time: 0.18m | eta: 18.4m
step 00057/04692 (1.21%) | loss: 5.548023 | lrm: 1.00 | dt: 238.97ms | tok/sec: 2,193,990 | bf16_mfu: 46.06 | epoch: 1 pq: 0 rg: 64 | total time: 0.19m | eta: 18.4m
step 00058/04692 (1.24%) | loss: 5.535956 | lrm: 1.00 | dt: 237.24ms | tok/sec: 2,209,940 | bf16_mfu: 46.39 | epoch: 1 pq: 0 rg: 64 | total time: 0.19m | eta: 18.4m
step 00059/04692 (1.26%) | loss: 5.519444 | lrm: 1.00 | dt: 239.21ms | tok/sec: 2,191,726 | bf16_mfu: 46.01 | epoch: 1 pq: 0 rg: 64 | total time: 0.19m | eta: 18.4m
step 00060/04692 (1.28%) | loss: 5.504352 | lrm: 1.00 | dt: 240.07ms | tok/sec: 2,183,871 | bf16_mfu: 45.85 | epoch: 1 pq: 0 rg: 64 | total time: 0.20m | eta: 18.4m
step 00061/04692 (1.30%) | loss: 5.478174 | lrm: 1.00 | dt: 239.62ms | tok/sec: 2,188,028 | bf16_mfu: 45.93 | epoch: 1 pq: 0 rg: 64 | total time: 0.20m | eta: 18.4m
step 00062/04692 (1.32%) | loss: 5.449874 | lrm: 1.00 | dt: 236.93ms | tok/sec: 2,212,869 | bf16_mfu: 46.45 | epoch: 1 pq: 0 rg: 64 | total time: 0.21m | eta: 18.4m
step 00063/04692 (1.34%) | loss: 5.433781 | lrm: 1.00 | dt: 239.98ms | tok/sec: 2,184,696 | bf16_mfu: 45.86 | epoch: 1 pq: 0 rg: 64 | total time: 0.21m | eta: 18.4m
step 00064/04692 (1.36%) | loss: 5.414293 | lrm: 1.00 | dt: 238.23ms | tok/sec: 2,200,746 | bf16_mfu: 46.20 | epoch: 1 pq: 0 rg: 72 | total time: 0.21m | eta: 18.4m
step 00065/04692 (1.39%) | loss: 5.396578 | lrm: 1.00 | dt: 239.81ms | tok/sec: 2,186,296 | bf16_mfu: 45.90 | epoch: 1 pq: 0 rg: 72 | total time: 0.22m | eta: 18.4m
step 00066/04692 (1.41%) | loss: 5.390107 | lrm: 1.00 | dt: 237.05ms | tok/sec: 2,211,678 | bf16_mfu: 46.43 | epoch: 1 pq: 0 rg: 72 | total time: 0.22m | eta: 18.4m
step 00067/04692 (1.43%) | loss: 5.368330 | lrm: 1.00 | dt: 238.62ms | tok/sec: 2,197,201 | bf16_mfu: 46.13 | epoch: 1 pq: 0 rg: 72 | total time: 0.23m | eta: 18.4m
step 00068/04692 (1.45%) | loss: 5.353356 | lrm: 1.00 | dt: 239.08ms | tok/sec: 2,192,977 | bf16_mfu: 46.04 | epoch: 1 pq: 0 rg: 72 | total time: 0.23m | eta: 18.4m
step 00069/04692 (1.47%) | loss: 5.332751 | lrm: 1.00 | dt: 239.26ms | tok/sec: 2,191,314 | bf16_mfu: 46.00 | epoch: 1 pq: 0 rg: 72 | total time: 0.23m | eta: 18.4m
step 00070/04692 (1.49%) | loss: 5.313460 | lrm: 1.00 | dt: 237.96ms | tok/sec: 2,203,268 | bf16_mfu: 46.25 | epoch: 1 pq: 0 rg: 72 | total time: 0.24m | eta: 18.4m
step 00071/04692 (1.51%) | loss: 5.289577 | lrm: 1.00 | dt: 238.74ms | tok/sec: 2,196,021 | bf16_mfu: 46.10 | epoch: 1 pq: 0 rg: 72 | total time: 0.24m | eta: 18.4m
step 00072/04692 (1.53%) | loss: 5.273628 | lrm: 1.00 | dt: 238.79ms | tok/sec: 2,195,611 | bf16_mfu: 46.09 | epoch: 1 pq: 0 rg: 80 | total time: 0.25m | eta: 18.4m
step 00073/04692 (1.56%) | loss: 5.258030 | lrm: 1.00 | dt: 239.78ms | tok/sec: 2,186,512 | bf16_mfu: 45.90 | epoch: 1 pq: 0 rg: 80 | total time: 0.25m | eta: 18.3m
step 00074/04692 (1.58%) | loss: 5.233094 | lrm: 1.00 | dt: 237.64ms | tok/sec: 2,206,255 | bf16_mfu: 46.32 | epoch: 1 pq: 0 rg: 80 | total time: 0.25m | eta: 18.3m
step 00075/04692 (1.60%) | loss: 5.227653 | lrm: 1.00 | dt: 236.55ms | tok/sec: 2,216,402 | bf16_mfu: 46.53 | epoch: 1 pq: 0 rg: 80 | total time: 0.26m | eta: 18.3m
step 00076/04692 (1.62%) | loss: 5.202400 | lrm: 1.00 | dt: 238.42ms | tok/sec: 2,198,968 | bf16_mfu: 46.16 | epoch: 1 pq: 0 rg: 80 | total time: 0.26m | eta: 18.3m
step 00077/04692 (1.64%) | loss: 5.193614 | lrm: 1.00 | dt: 235.95ms | tok/sec: 2,222,048 | bf16_mfu: 46.65 | epoch: 1 pq: 0 rg: 80 | total time: 0.27m | eta: 18.3m
step 00078/04692 (1.66%) | loss: 5.186420 | lrm: 1.00 | dt: 236.84ms | tok/sec: 2,213,724 | bf16_mfu: 46.47 | epoch: 1 pq: 0 rg: 80 | total time: 0.27m | eta: 18.3m
step 00079/04692 (1.68%) | loss: 5.164116 | lrm: 1.00 | dt: 237.62ms | tok/sec: 2,206,414 | bf16_mfu: 46.32 | epoch: 1 pq: 1 rg: 0 | total time: 0.27m | eta: 18.3m
step 00080/04692 (1.71%) | loss: 5.150989 | lrm: 1.00 | dt: 238.01ms | tok/sec: 2,202,807 | bf16_mfu: 46.24 | epoch: 1 pq: 1 rg: 0 | total time: 0.28m | eta: 18.3m
step 00081/04692 (1.73%) | loss: 5.139027 | lrm: 1.00 | dt: 236.44ms | tok/sec: 2,217,416 | bf16_mfu: 46.55 | epoch: 1 pq: 1 rg: 0 | total time: 0.28m | eta: 18.3m
step 00082/04692 (1.75%) | loss: 5.120943 | lrm: 1.00 | dt: 240.29ms | tok/sec: 2,181,934 | bf16_mfu: 45.81 | epoch: 1 pq: 1 rg: 0 | total time: 0.29m | eta: 18.3m
step 00083/04692 (1.77%) | loss: 5.105109 | lrm: 1.00 | dt: 235.54ms | tok/sec: 2,225,862 | bf16_mfu: 46.73 | epoch: 1 pq: 1 rg: 0 | total time: 0.29m | eta: 18.3m
step 00084/04692 (1.79%) | loss: 5.083894 | lrm: 1.00 | dt: 236.36ms | tok/sec: 2,218,206 | bf16_mfu: 46.57 | epoch: 1 pq: 1 rg: 0 | total time: 0.29m | eta: 18.3m
step 00085/04692 (1.81%) | loss: 5.070415 | lrm: 1.00 | dt: 237.37ms | tok/sec: 2,208,741 | bf16_mfu: 46.37 | epoch: 1 pq: 1 rg: 0 | total time: 0.30m | eta: 18.3m
step 00086/04692 (1.83%) | loss: 5.060358 | lrm: 1.00 | dt: 240.78ms | tok/sec: 2,177,412 | bf16_mfu: 45.71 | epoch: 1 pq: 1 rg: 0 | total time: 0.30m | eta: 18.3m
step 00087/04692 (1.85%) | loss: 5.046976 | lrm: 1.00 | dt: 237.32ms | tok/sec: 2,209,189 | bf16_mfu: 46.38 | epoch: 1 pq: 1 rg: 8 | total time: 0.31m | eta: 18.3m
step 00088/04692 (1.88%) | loss: 5.033142 | lrm: 1.00 | dt: 238.57ms | tok/sec: 2,197,581 | bf16_mfu: 46.13 | epoch: 1 pq: 1 rg: 8 | total time: 0.31m | eta: 18.3m
step 00089/04692 (1.90%) | loss: 5.012259 | lrm: 1.00 | dt: 239.20ms | tok/sec: 2,191,875 | bf16_mfu: 46.01 | epoch: 1 pq: 1 rg: 8 | total time: 0.31m | eta: 18.3m
step 00090/04692 (1.92%) | loss: 4.991997 | lrm: 1.00 | dt: 238.57ms | tok/sec: 2,197,594 | bf16_mfu: 46.13 | epoch: 1 pq: 1 rg: 8 | total time: 0.32m | eta: 18.3m
step 00091/04692 (1.94%) | loss: 4.970452 | lrm: 1.00 | dt: 238.23ms | tok/sec: 2,200,759 | bf16_mfu: 46.20 | epoch: 1 pq: 1 rg: 8 | total time: 0.32m | eta: 18.3m
step 00092/04692 (1.96%) | loss: 4.956772 | lrm: 1.00 | dt: 239.98ms | tok/sec: 2,184,687 | bf16_mfu: 45.86 | epoch: 1 pq: 1 rg: 8 | total time: 0.33m | eta: 18.3m
step 00093/04692 (1.98%) | loss: 4.937127 | lrm: 1.00 | dt: 239.65ms | tok/sec: 2,187,751 | bf16_mfu: 45.93 | epoch: 1 pq: 1 rg: 8 | total time: 0.33m | eta: 18.3m
step 00094/04692 (2.00%) | loss: 4.924285 | lrm: 1.00 | dt: 240.20ms | tok/sec: 2,182,705 | bf16_mfu: 45.82 | epoch: 1 pq: 1 rg: 16 | total time: 0.33m | eta: 18.3m
step 00095/04692 (2.02%) | loss: 4.907085 | lrm: 1.00 | dt: 238.36ms | tok/sec: 2,199,548 | bf16_mfu: 46.17 | epoch: 1 pq: 1 rg: 16 | total time: 0.34m | eta: 18.3m
step 00096/04692 (2.05%) | loss: 4.899190 | lrm: 1.00 | dt: 239.12ms | tok/sec: 2,192,557 | bf16_mfu: 46.03 | epoch: 1 pq: 1 rg: 16 | total time: 0.34m | eta: 18.3m
step 00097/04692 (2.07%) | loss: 4.889746 | lrm: 1.00 | dt: 238.59ms | tok/sec: 2,197,482 | bf16_mfu: 46.13 | epoch: 1 pq: 1 rg: 16 | total time: 0.35m | eta: 18.2m
step 00098/04692 (2.09%) | loss: 4.880799 | lrm: 1.00 | dt: 242.13ms | tok/sec: 2,165,298 | bf16_mfu: 45.46 | epoch: 1 pq: 1 rg: 16 | total time: 0.35m | eta: 18.2m
step 00099/04692 (2.11%) | loss: 4.865292 | lrm: 1.00 | dt: 237.00ms | tok/sec: 2,212,212 | bf16_mfu: 46.44 | epoch: 1 pq: 1 rg: 16 | total time: 0.35m | eta: 18.2m
step 00100/04692 (2.13%) | loss: 4.855877 | lrm: 1.00 | dt: 238.19ms | tok/sec: 2,201,120 | bf16_mfu: 46.21 | epoch: 1 pq: 1 rg: 16 | total time: 0.36m | eta: 18.2m
step 00101/04692 (2.15%) | loss: 4.834356 | lrm: 1.00 | dt: 237.91ms | tok/sec: 2,203,714 | bf16_mfu: 46.26 | epoch: 1 pq: 1 rg: 16 | total time: 0.36m | eta: 18.2m
step 00102/04692 (2.17%) | loss: 4.824380 | lrm: 1.00 | dt: 240.74ms | tok/sec: 2,177,843 | bf16_mfu: 45.72 | epoch: 1 pq: 1 rg: 24 | total time: 0.37m | eta: 18.2m
step 00103/04692 (2.20%) | loss: 4.803691 | lrm: 1.00 | dt: 238.49ms | tok/sec: 2,198,387 | bf16_mfu: 46.15 | epoch: 1 pq: 1 rg: 24 | total time: 0.37m | eta: 18.2m
step 00104/04692 (2.22%) | loss: 4.800666 | lrm: 1.00 | dt: 237.85ms | tok/sec: 2,204,282 | bf16_mfu: 46.27 | epoch: 1 pq: 1 rg: 24 | total time: 0.37m | eta: 18.2m
step 00105/04692 (2.24%) | loss: 4.785013 | lrm: 1.00 | dt: 240.03ms | tok/sec: 2,184,259 | bf16_mfu: 45.85 | epoch: 1 pq: 1 rg: 24 | total time: 0.38m | eta: 18.2m
step 00106/04692 (2.26%) | loss: 4.774324 | lrm: 1.00 | dt: 239.61ms | tok/sec: 2,188,074 | bf16_mfu: 45.93 | epoch: 1 pq: 1 rg: 24 | total time: 0.38m | eta: 18.2m
step 00107/04692 (2.28%) | loss: 4.755652 | lrm: 1.00 | dt: 239.22ms | tok/sec: 2,191,650 | bf16_mfu: 46.01 | epoch: 1 pq: 1 rg: 24 | total time: 0.39m | eta: 18.2m
step 00108/04692 (2.30%) | loss: 4.744062 | lrm: 1.00 | dt: 236.86ms | tok/sec: 2,213,517 | bf16_mfu: 46.47 | epoch: 1 pq: 1 rg: 24 | total time: 0.39m | eta: 18.2m
step 00109/04692 (2.32%) | loss: 4.731606 | lrm: 1.00 | dt: 238.15ms | tok/sec: 2,201,548 | bf16_mfu: 46.22 | epoch: 1 pq: 1 rg: 32 | total time: 0.39m | eta: 18.2m
step 00110/04692 (2.34%) | loss: 4.721861 | lrm: 1.00 | dt: 241.23ms | tok/sec: 2,173,424 | bf16_mfu: 45.63 | epoch: 1 pq: 1 rg: 32 | total time: 0.40m | eta: 18.2m
step 00111/04692 (2.37%) | loss: 4.708858 | lrm: 1.00 | dt: 237.64ms | tok/sec: 2,206,235 | bf16_mfu: 46.32 | epoch: 1 pq: 1 rg: 32 | total time: 0.40m | eta: 18.2m
step 00112/04692 (2.39%) | loss: 4.695832 | lrm: 1.00 | dt: 239.49ms | tok/sec: 2,189,226 | bf16_mfu: 45.96 | epoch: 1 pq: 1 rg: 32 | total time: 0.41m | eta: 18.2m
step 00113/04692 (2.41%) | loss: 4.676134 | lrm: 1.00 | dt: 238.54ms | tok/sec: 2,197,882 | bf16_mfu: 46.14 | epoch: 1 pq: 1 rg: 32 | total time: 0.41m | eta: 18.2m
step 00114/04692 (2.43%) | loss: 4.661844 | lrm: 1.00 | dt: 239.11ms | tok/sec: 2,192,664 | bf16_mfu: 46.03 | epoch: 1 pq: 1 rg: 32 | total time: 0.41m | eta: 18.2m
step 00115/04692 (2.45%) | loss: 4.647890 | lrm: 1.00 | dt: 239.18ms | tok/sec: 2,192,015 | bf16_mfu: 46.02 | epoch: 1 pq: 1 rg: 32 | total time: 0.42m | eta: 18.2m
step 00116/04692 (2.47%) | loss: 4.645292 | lrm: 1.00 | dt: 239.25ms | tok/sec: 2,191,375 | bf16_mfu: 46.00 | epoch: 1 pq: 1 rg: 32 | total time: 0.42m | eta: 18.2m
step 00117/04692 (2.49%) | loss: 4.633490 | lrm: 1.00 | dt: 237.92ms | tok/sec: 2,203,657 | bf16_mfu: 46.26 | epoch: 1 pq: 1 rg: 40 | total time: 0.43m | eta: 18.2m
step 00118/04692 (2.51%) | loss: 4.609916 | lrm: 1.00 | dt: 239.81ms | tok/sec: 2,186,285 | bf16_mfu: 45.90 | epoch: 1 pq: 1 rg: 40 | total time: 0.43m | eta: 18.2m
step 00119/04692 (2.54%) | loss: 4.600950 | lrm: 1.00 | dt: 238.01ms | tok/sec: 2,202,778 | bf16_mfu: 46.24 | epoch: 1 pq: 1 rg: 40 | total time: 0.43m | eta: 18.2m
step 00120/04692 (2.56%) | loss: 4.581572 | lrm: 1.00 | dt: 239.60ms | tok/sec: 2,188,220 | bf16_mfu: 45.94 | epoch: 1 pq: 1 rg: 40 | total time: 0.44m | eta: 18.2m
step 00121/04692 (2.58%) | loss: 4.564413 | lrm: 1.00 | dt: 238.49ms | tok/sec: 2,198,348 | bf16_mfu: 46.15 | epoch: 1 pq: 1 rg: 40 | total time: 0.44m | eta: 18.2m
step 00122/04692 (2.60%) | loss: 4.555126 | lrm: 1.00 | dt: 239.53ms | tok/sec: 2,188,810 | bf16_mfu: 45.95 | epoch: 1 pq: 1 rg: 40 | total time: 0.45m | eta: 18.2m
step 00123/04692 (2.62%) | loss: 4.541692 | lrm: 1.00 | dt: 238.91ms | tok/sec: 2,194,504 | bf16_mfu: 46.07 | epoch: 1 pq: 1 rg: 40 | total time: 0.45m | eta: 18.2m
step 00124/04692 (2.64%) | loss: 4.529233 | lrm: 1.00 | dt: 237.95ms | tok/sec: 2,203,399 | bf16_mfu: 46.26 | epoch: 1 pq: 1 rg: 48 | total time: 0.45m | eta: 18.2m
step 00125/04692 (2.66%) | loss: 4.511954 | lrm: 1.00 | dt: 238.76ms | tok/sec: 2,195,865 | bf16_mfu: 46.10 | epoch: 1 pq: 1 rg: 48 | total time: 0.46m | eta: 18.1m
step 00126/04692 (2.69%) | loss: 4.495894 | lrm: 1.00 | dt: 239.06ms | tok/sec: 2,193,119 | bf16_mfu: 46.04 | epoch: 1 pq: 1 rg: 48 | total time: 0.46m | eta: 18.1m
step 00127/04692 (2.71%) | loss: 4.479283 | lrm: 1.00 | dt: 240.76ms | tok/sec: 2,177,647 | bf16_mfu: 45.72 | epoch: 1 pq: 1 rg: 48 | total time: 0.47m | eta: 18.1m
step 00128/04692 (2.73%) | loss: 4.474045 | lrm: 1.00 | dt: 236.85ms | tok/sec: 2,213,593 | bf16_mfu: 46.47 | epoch: 1 pq: 1 rg: 48 | total time: 0.47m | eta: 18.1m
step 00129/04692 (2.75%) | loss: 4.454697 | lrm: 1.00 | dt: 240.13ms | tok/sec: 2,183,307 | bf16_mfu: 45.83 | epoch: 1 pq: 1 rg: 48 | total time: 0.47m | eta: 18.1m
step 00130/04692 (2.77%) | loss: 4.448573 | lrm: 1.00 | dt: 238.58ms | tok/sec: 2,197,509 | bf16_mfu: 46.13 | epoch: 1 pq: 1 rg: 48 | total time: 0.48m | eta: 18.1m
step 00131/04692 (2.79%) | loss: 4.439600 | lrm: 1.00 | dt: 240.17ms | tok/sec: 2,182,987 | bf16_mfu: 45.83 | epoch: 1 pq: 1 rg: 48 | total time: 0.48m | eta: 18.1m
step 00132/04692 (2.81%) | loss: 4.427903 | lrm: 1.00 | dt: 238.33ms | tok/sec: 2,199,804 | bf16_mfu: 46.18 | epoch: 1 pq: 1 rg: 56 | total time: 0.48m | eta: 18.1m
step 00133/04692 (2.83%) | loss: 4.415835 | lrm: 1.00 | dt: 240.35ms | tok/sec: 2,181,347 | bf16_mfu: 45.79 | epoch: 1 pq: 1 rg: 56 | total time: 0.49m | eta: 18.1m
step 00134/04692 (2.86%) | loss: 4.398026 | lrm: 1.00 | dt: 238.02ms | tok/sec: 2,202,723 | bf16_mfu: 46.24 | epoch: 1 pq: 1 rg: 56 | total time: 0.49m | eta: 18.1m
step 00135/04692 (2.88%) | loss: 4.382755 | lrm: 1.00 | dt: 238.10ms | tok/sec: 2,201,920 | bf16_mfu: 46.22 | epoch: 1 pq: 1 rg: 56 | total time: 0.50m | eta: 18.1m
step 00136/04692 (2.90%) | loss: 4.381654 | lrm: 1.00 | dt: 237.77ms | tok/sec: 2,204,992 | bf16_mfu: 46.29 | epoch: 1 pq: 1 rg: 56 | total time: 0.50m | eta: 18.1m
step 00137/04692 (2.92%) | loss: 4.373017 | lrm: 1.00 | dt: 238.40ms | tok/sec: 2,199,177 | bf16_mfu: 46.17 | epoch: 1 pq: 1 rg: 56 | total time: 0.50m | eta: 18.1m
step 00138/04692 (2.94%) | loss: 4.365234 | lrm: 1.00 | dt: 239.25ms | tok/sec: 2,191,351 | bf16_mfu: 46.00 | epoch: 1 pq: 1 rg: 56 | total time: 0.51m | eta: 18.1m
step 00139/04692 (2.96%) | loss: 4.355354 | lrm: 1.00 | dt: 239.45ms | tok/sec: 2,189,516 | bf16_mfu: 45.96 | epoch: 1 pq: 1 rg: 64 | total time: 0.51m | eta: 18.1m
step 00140/04692 (2.98%) | loss: 4.348692 | lrm: 1.00 | dt: 238.02ms | tok/sec: 2,202,686 | bf16_mfu: 46.24 | epoch: 1 pq: 1 rg: 64 | total time: 0.52m | eta: 18.1m
step 00141/04692 (3.01%) | loss: 4.345320 | lrm: 1.00 | dt: 239.11ms | tok/sec: 2,192,692 | bf16_mfu: 46.03 | epoch: 1 pq: 1 rg: 64 | total time: 0.52m | eta: 18.1m
step 00142/04692 (3.03%) | loss: 4.327228 | lrm: 1.00 | dt: 240.58ms | tok/sec: 2,179,296 | bf16_mfu: 45.75 | epoch: 1 pq: 1 rg: 64 | total time: 0.52m | eta: 18.1m
step 00143/04692 (3.05%) | loss: 4.311465 | lrm: 1.00 | dt: 237.81ms | tok/sec: 2,204,669 | bf16_mfu: 46.28 | epoch: 1 pq: 1 rg: 64 | total time: 0.53m | eta: 18.1m
step 00144/04692 (3.07%) | loss: 4.290665 | lrm: 1.00 | dt: 239.68ms | tok/sec: 2,187,418 | bf16_mfu: 45.92 | epoch: 1 pq: 1 rg: 64 | total time: 0.53m | eta: 18.1m
step 00145/04692 (3.09%) | loss: 4.277282 | lrm: 1.00 | dt: 239.92ms | tok/sec: 2,185,225 | bf16_mfu: 45.87 | epoch: 1 pq: 1 rg: 64 | total time: 0.54m | eta: 18.1m
step 00146/04692 (3.11%) | loss: 4.267497 | lrm: 1.00 | dt: 237.83ms | tok/sec: 2,204,470 | bf16_mfu: 46.28 | epoch: 1 pq: 1 rg: 64 | total time: 0.54m | eta: 18.1m
step 00147/04692 (3.13%) | loss: 4.260366 | lrm: 1.00 | dt: 237.88ms | tok/sec: 2,203,960 | bf16_mfu: 46.27 | epoch: 1 pq: 1 rg: 72 | total time: 0.54m | eta: 18.1m
step 00148/04692 (3.15%) | loss: 4.254528 | lrm: 1.00 | dt: 238.38ms | tok/sec: 2,199,419 | bf16_mfu: 46.17 | epoch: 1 pq: 1 rg: 72 | total time: 0.55m | eta: 18.1m
step 00149/04692 (3.18%) | loss: 4.250902 | lrm: 1.00 | dt: 239.20ms | tok/sec: 2,191,877 | bf16_mfu: 46.01 | epoch: 1 pq: 1 rg: 72 | total time: 0.55m | eta: 18.1m
step 00150/04692 (3.20%) | loss: 4.237193 | lrm: 1.00 | dt: 239.15ms | tok/sec: 2,192,290 | bf16_mfu: 46.02 | epoch: 1 pq: 1 rg: 72 | total time: 0.56m | eta: 18.1m
step 00151/04692 (3.22%) | loss: 4.223419 | lrm: 1.00 | dt: 239.52ms | tok/sec: 2,188,925 | bf16_mfu: 45.95 | epoch: 1 pq: 1 rg: 72 | total time: 0.56m | eta: 18.1m
step 00152/04692 (3.24%) | loss: 4.211594 | lrm: 1.00 | dt: 238.02ms | tok/sec: 2,202,697 | bf16_mfu: 46.24 | epoch: 1 pq: 1 rg: 72 | total time: 0.56m | eta: 18.0m
step 00153/04692 (3.26%) | loss: 4.196653 | lrm: 1.00 | dt: 237.92ms | tok/sec: 2,203,650 | bf16_mfu: 46.26 | epoch: 1 pq: 1 rg: 72 | total time: 0.57m | eta: 18.0m
step 00154/04692 (3.28%) | loss: 4.179460 | lrm: 1.00 | dt: 238.21ms | tok/sec: 2,200,931 | bf16_mfu: 46.20 | epoch: 1 pq: 1 rg: 80 | total time: 0.57m | eta: 18.0m
step 00155/04692 (3.30%) | loss: 4.165056 | lrm: 1.00 | dt: 237.10ms | tok/sec: 2,211,282 | bf16_mfu: 46.42 | epoch: 1 pq: 1 rg: 80 | total time: 0.58m | eta: 18.0m
step 00156/04692 (3.32%) | loss: 4.151589 | lrm: 1.00 | dt: 237.07ms | tok/sec: 2,211,551 | bf16_mfu: 46.43 | epoch: 1 pq: 1 rg: 80 | total time: 0.58m | eta: 18.0m
step 00157/04692 (3.35%) | loss: 4.140273 | lrm: 1.00 | dt: 236.55ms | tok/sec: 2,216,419 | bf16_mfu: 46.53 | epoch: 1 pq: 1 rg: 80 | total time: 0.58m | eta: 18.0m
step 00158/04692 (3.37%) | loss: 4.133215 | lrm: 1.00 | dt: 238.68ms | tok/sec: 2,196,631 | bf16_mfu: 46.11 | epoch: 1 pq: 1 rg: 80 | total time: 0.59m | eta: 18.0m
step 00159/04692 (3.39%) | loss: 4.109626 | lrm: 1.00 | dt: 236.79ms | tok/sec: 2,214,125 | bf16_mfu: 46.48 | epoch: 1 pq: 1 rg: 80 | total time: 0.59m | eta: 18.0m
step 00160/04692 (3.41%) | loss: 4.097971 | lrm: 1.00 | dt: 236.37ms | tok/sec: 2,218,092 | bf16_mfu: 46.56 | epoch: 1 pq: 1 rg: 80 | total time: 0.60m | eta: 18.0m
step 00161/04692 (3.43%) | loss: 4.094321 | lrm: 1.00 | dt: 236.18ms | tok/sec: 2,219,908 | bf16_mfu: 46.60 | epoch: 1 pq: 1 rg: 80 | total time: 0.60m | eta: 18.0m
step 00162/04692 (3.45%) | loss: 4.087080 | lrm: 1.00 | dt: 239.23ms | tok/sec: 2,191,576 | bf16_mfu: 46.01 | epoch: 1 pq: 2 rg: 0 | total time: 0.60m | eta: 18.0m
step 00163/04692 (3.47%) | loss: 4.069445 | lrm: 1.00 | dt: 238.34ms | tok/sec: 2,199,729 | bf16_mfu: 46.18 | epoch: 1 pq: 2 rg: 0 | total time: 0.61m | eta: 18.0m
step 00164/04692 (3.50%) | loss: 4.059404 | lrm: 1.00 | dt: 237.19ms | tok/sec: 2,210,400 | bf16_mfu: 46.40 | epoch: 1 pq: 2 rg: 0 | total time: 0.61m | eta: 18.0m
step 00165/04692 (3.52%) | loss: 4.036595 | lrm: 1.00 | dt: 237.99ms | tok/sec: 2,203,008 | bf16_mfu: 46.25 | epoch: 1 pq: 2 rg: 0 | total time: 0.62m | eta: 18.0m
step 00166/04692 (3.54%) | loss: 4.031623 | lrm: 1.00 | dt: 238.55ms | tok/sec: 2,197,853 | bf16_mfu: 46.14 | epoch: 1 pq: 2 rg: 0 | total time: 0.62m | eta: 18.0m
step 00167/04692 (3.56%) | loss: 4.022693 | lrm: 1.00 | dt: 240.05ms | tok/sec: 2,184,077 | bf16_mfu: 45.85 | epoch: 1 pq: 2 rg: 0 | total time: 0.62m | eta: 18.0m
step 00168/04692 (3.58%) | loss: 4.008030 | lrm: 1.00 | dt: 238.87ms | tok/sec: 2,194,909 | bf16_mfu: 46.08 | epoch: 1 pq: 2 rg: 0 | total time: 0.63m | eta: 18.0m
step 00169/04692 (3.60%) | loss: 4.000448 | lrm: 1.00 | dt: 239.32ms | tok/sec: 2,190,785 | bf16_mfu: 45.99 | epoch: 1 pq: 2 rg: 8 | total time: 0.63m | eta: 18.0m
step 00170/04692 (3.62%) | loss: 3.984751 | lrm: 1.00 | dt: 239.70ms | tok/sec: 2,187,231 | bf16_mfu: 45.92 | epoch: 1 pq: 2 rg: 8 | total time: 0.64m | eta: 18.0m
step 00171/04692 (3.64%) | loss: 3.972656 | lrm: 1.00 | dt: 238.18ms | tok/sec: 2,201,182 | bf16_mfu: 46.21 | epoch: 1 pq: 2 rg: 8 | total time: 0.64m | eta: 18.0m
step 00172/04692 (3.67%) | loss: 3.962683 | lrm: 1.00 | dt: 237.76ms | tok/sec: 2,205,091 | bf16_mfu: 46.29 | epoch: 1 pq: 2 rg: 8 | total time: 0.64m | eta: 18.0m
step 00173/04692 (3.69%) | loss: 3.950561 | lrm: 1.00 | dt: 239.61ms | tok/sec: 2,188,098 | bf16_mfu: 45.93 | epoch: 1 pq: 2 rg: 8 | total time: 0.65m | eta: 18.0m
step 00174/04692 (3.71%) | loss: 3.941266 | lrm: 1.00 | dt: 238.78ms | tok/sec: 2,195,694 | bf16_mfu: 46.09 | epoch: 1 pq: 2 rg: 8 | total time: 0.65m | eta: 18.0m
step 00175/04692 (3.73%) | loss: 3.930675 | lrm: 1.00 | dt: 236.54ms | tok/sec: 2,216,495 | bf16_mfu: 46.53 | epoch: 1 pq: 2 rg: 8 | total time: 0.66m | eta: 18.0m
step 00176/04692 (3.75%) | loss: 3.920812 | lrm: 1.00 | dt: 237.62ms | tok/sec: 2,206,370 | bf16_mfu: 46.32 | epoch: 1 pq: 2 rg: 8 | total time: 0.66m | eta: 17.9m
step 00177/04692 (3.77%) | loss: 3.912999 | lrm: 1.00 | dt: 236.28ms | tok/sec: 2,218,902 | bf16_mfu: 46.58 | epoch: 1 pq: 2 rg: 16 | total time: 0.66m | eta: 17.9m
step 00178/04692 (3.79%) | loss: 3.902356 | lrm: 1.00 | dt: 236.73ms | tok/sec: 2,214,705 | bf16_mfu: 46.49 | epoch: 1 pq: 2 rg: 16 | total time: 0.67m | eta: 17.9m
step 00179/04692 (3.82%) | loss: 3.899645 | lrm: 1.00 | dt: 235.80ms | tok/sec: 2,223,472 | bf16_mfu: 46.68 | epoch: 1 pq: 2 rg: 16 | total time: 0.67m | eta: 17.9m
step 00180/04692 (3.84%) | loss: 3.895079 | lrm: 1.00 | dt: 236.38ms | tok/sec: 2,218,018 | bf16_mfu: 46.56 | epoch: 1 pq: 2 rg: 16 | total time: 0.68m | eta: 17.9m
step 00181/04692 (3.86%) | loss: 3.896046 | lrm: 1.00 | dt: 237.03ms | tok/sec: 2,211,894 | bf16_mfu: 46.43 | epoch: 1 pq: 2 rg: 16 | total time: 0.68m | eta: 17.9m
step 00182/04692 (3.88%) | loss: 3.880602 | lrm: 1.00 | dt: 237.27ms | tok/sec: 2,209,698 | bf16_mfu: 46.39 | epoch: 1 pq: 2 rg: 16 | total time: 0.68m | eta: 17.9m
step 00183/04692 (3.90%) | loss: 3.884267 | lrm: 1.00 | dt: 239.24ms | tok/sec: 2,191,462 | bf16_mfu: 46.01 | epoch: 1 pq: 2 rg: 16 | total time: 0.69m | eta: 17.9m
step 00184/04692 (3.92%) | loss: 3.865423 | lrm: 1.00 | dt: 237.73ms | tok/sec: 2,205,403 | bf16_mfu: 46.30 | epoch: 1 pq: 2 rg: 24 | total time: 0.69m | eta: 17.9m
step 00185/04692 (3.94%) | loss: 3.859213 | lrm: 1.00 | dt: 239.13ms | tok/sec: 2,192,485 | bf16_mfu: 46.03 | epoch: 1 pq: 2 rg: 24 | total time: 0.70m | eta: 17.9m
step 00186/04692 (3.96%) | loss: 3.852520 | lrm: 1.00 | dt: 239.25ms | tok/sec: 2,191,346 | bf16_mfu: 46.00 | epoch: 1 pq: 2 rg: 24 | total time: 0.70m | eta: 17.9m
step 00187/04692 (3.99%) | loss: 3.841940 | lrm: 1.00 | dt: 238.44ms | tok/sec: 2,198,803 | bf16_mfu: 46.16 | epoch: 1 pq: 2 rg: 24 | total time: 0.70m | eta: 17.9m
step 00188/04692 (4.01%) | loss: 3.840380 | lrm: 1.00 | dt: 238.17ms | tok/sec: 2,201,350 | bf16_mfu: 46.21 | epoch: 1 pq: 2 rg: 24 | total time: 0.71m | eta: 17.9m
step 00189/04692 (4.03%) | loss: 3.836118 | lrm: 1.00 | dt: 238.11ms | tok/sec: 2,201,905 | bf16_mfu: 46.22 | epoch: 1 pq: 2 rg: 24 | total time: 0.71m | eta: 17.9m
step 00190/04692 (4.05%) | loss: 3.827102 | lrm: 1.00 | dt: 235.85ms | tok/sec: 2,222,975 | bf16_mfu: 46.67 | epoch: 1 pq: 2 rg: 24 | total time: 0.72m | eta: 17.9m
step 00191/04692 (4.07%) | loss: 3.815092 | lrm: 1.00 | dt: 234.76ms | tok/sec: 2,233,309 | bf16_mfu: 46.88 | epoch: 1 pq: 2 rg: 24 | total time: 0.72m | eta: 17.9m
step 00192/04692 (4.09%) | loss: 3.800750 | lrm: 1.00 | dt: 238.26ms | tok/sec: 2,200,493 | bf16_mfu: 46.19 | epoch: 1 pq: 2 rg: 32 | total time: 0.72m | eta: 17.9m
step 00193/04692 (4.11%) | loss: 3.799235 | lrm: 1.00 | dt: 236.86ms | tok/sec: 2,213,492 | bf16_mfu: 46.47 | epoch: 1 pq: 2 rg: 32 | total time: 0.73m | eta: 17.9m
step 00194/04692 (4.13%) | loss: 3.800556 | lrm: 1.00 | dt: 236.18ms | tok/sec: 2,219,847 | bf16_mfu: 46.60 | epoch: 1 pq: 2 rg: 32 | total time: 0.73m | eta: 17.9m
step 00195/04692 (4.16%) | loss: 3.802012 | lrm: 1.00 | dt: 236.95ms | tok/sec: 2,212,608 | bf16_mfu: 46.45 | epoch: 1 pq: 2 rg: 32 | total time: 0.73m | eta: 17.9m
step 00196/04692 (4.18%) | loss: 3.788313 | lrm: 1.00 | dt: 237.12ms | tok/sec: 2,211,029 | bf16_mfu: 46.42 | epoch: 1 pq: 2 rg: 32 | total time: 0.74m | eta: 17.9m
step 00197/04692 (4.20%) | loss: 3.787580 | lrm: 1.00 | dt: 236.43ms | tok/sec: 2,217,508 | bf16_mfu: 46.55 | epoch: 1 pq: 2 rg: 32 | total time: 0.74m | eta: 17.9m
step 00198/04692 (4.22%) | loss: 3.779382 | lrm: 1.00 | dt: 237.62ms | tok/sec: 2,206,397 | bf16_mfu: 46.32 | epoch: 1 pq: 2 rg: 32 | total time: 0.75m | eta: 17.8m
step 00199/04692 (4.24%) | loss: 3.777087 | lrm: 1.00 | dt: 237.09ms | tok/sec: 2,211,358 | bf16_mfu: 46.42 | epoch: 1 pq: 2 rg: 40 | total time: 0.75m | eta: 17.8m
step 00200/04692 (4.26%) | loss: 3.769421 | lrm: 1.00 | dt: 237.25ms | tok/sec: 2,209,891 | bf16_mfu: 46.39 | epoch: 1 pq: 2 rg: 40 | total time: 0.75m | eta: 17.8m
step 00201/04692 (4.28%) | loss: 3.759955 | lrm: 1.00 | dt: 238.44ms | tok/sec: 2,198,847 | bf16_mfu: 46.16 | epoch: 1 pq: 2 rg: 40 | total time: 0.76m | eta: 17.8m
step 00202/04692 (4.31%) | loss: 3.761463 | lrm: 1.00 | dt: 237.16ms | tok/sec: 2,210,666 | bf16_mfu: 46.41 | epoch: 1 pq: 2 rg: 40 | total time: 0.76m | eta: 17.8m
step 00203/04692 (4.33%) | loss: 3.751110 | lrm: 1.00 | dt: 236.84ms | tok/sec: 2,213,657 | bf16_mfu: 46.47 | epoch: 1 pq: 2 rg: 40 | total time: 0.77m | eta: 17.8m
step 00204/04692 (4.35%) | loss: 3.738439 | lrm: 1.00 | dt: 236.44ms | tok/sec: 2,217,443 | bf16_mfu: 46.55 | epoch: 1 pq: 2 rg: 40 | total time: 0.77m | eta: 17.8m
step 00205/04692 (4.37%) | loss: 3.732591 | lrm: 1.00 | dt: 235.74ms | tok/sec: 2,223,983 | bf16_mfu: 46.69 | epoch: 1 pq: 2 rg: 40 | total time: 0.77m | eta: 17.8m
step 00206/04692 (4.39%) | loss: 3.731963 | lrm: 1.00 | dt: 235.98ms | tok/sec: 2,221,720 | bf16_mfu: 46.64 | epoch: 1 pq: 2 rg: 48 | total time: 0.78m | eta: 17.8m
step 00207/04692 (4.41%) | loss: 3.723492 | lrm: 1.00 | dt: 239.10ms | tok/sec: 2,192,791 | bf16_mfu: 46.03 | epoch: 1 pq: 2 rg: 48 | total time: 0.78m | eta: 17.8m
step 00208/04692 (4.43%) | loss: 3.719152 | lrm: 1.00 | dt: 236.78ms | tok/sec: 2,214,248 | bf16_mfu: 46.48 | epoch: 1 pq: 2 rg: 48 | total time: 0.79m | eta: 17.8m
step 00209/04692 (4.45%) | loss: 3.711051 | lrm: 1.00 | dt: 236.70ms | tok/sec: 2,214,948 | bf16_mfu: 46.50 | epoch: 1 pq: 2 rg: 48 | total time: 0.79m | eta: 17.8m
step 00210/04692 (4.48%) | loss: 3.696167 | lrm: 1.00 | dt: 237.24ms | tok/sec: 2,209,920 | bf16_mfu: 46.39 | epoch: 1 pq: 2 rg: 48 | total time: 0.79m | eta: 17.8m
step 00211/04692 (4.50%) | loss: 3.700916 | lrm: 1.00 | dt: 236.99ms | tok/sec: 2,212,301 | bf16_mfu: 46.44 | epoch: 1 pq: 2 rg: 48 | total time: 0.80m | eta: 17.8m
step 00212/04692 (4.52%) | loss: 3.691021 | lrm: 1.00 | dt: 236.18ms | tok/sec: 2,219,912 | bf16_mfu: 46.60 | epoch: 1 pq: 2 rg: 48 | total time: 0.80m | eta: 17.8m
step 00213/04692 (4.54%) | loss: 3.685770 | lrm: 1.00 | dt: 235.18ms | tok/sec: 2,229,335 | bf16_mfu: 46.80 | epoch: 1 pq: 2 rg: 48 | total time: 0.81m | eta: 17.8m
step 00214/04692 (4.56%) | loss: 3.668031 | lrm: 1.00 | dt: 235.23ms | tok/sec: 2,228,854 | bf16_mfu: 46.79 | epoch: 1 pq: 2 rg: 56 | total time: 0.81m | eta: 17.8m
step 00215/04692 (4.58%) | loss: 3.663049 | lrm: 1.00 | dt: 236.69ms | tok/sec: 2,215,120 | bf16_mfu: 46.50 | epoch: 1 pq: 2 rg: 56 | total time: 0.81m | eta: 17.8m
step 00216/04692 (4.60%) | loss: 3.659217 | lrm: 1.00 | dt: 236.89ms | tok/sec: 2,213,238 | bf16_mfu: 46.46 | epoch: 1 pq: 2 rg: 56 | total time: 0.82m | eta: 17.8m
step 00217/04692 (4.62%) | loss: 3.645569 | lrm: 1.00 | dt: 237.76ms | tok/sec: 2,205,069 | bf16_mfu: 46.29 | epoch: 1 pq: 2 rg: 56 | total time: 0.82m | eta: 17.8m
step 00218/04692 (4.65%) | loss: 3.637566 | lrm: 1.00 | dt: 236.34ms | tok/sec: 2,218,336 | bf16_mfu: 46.57 | epoch: 1 pq: 2 rg: 56 | total time: 0.83m | eta: 17.8m
step 00219/04692 (4.67%) | loss: 3.637232 | lrm: 1.00 | dt: 236.50ms | tok/sec: 2,216,880 | bf16_mfu: 46.54 | epoch: 1 pq: 2 rg: 56 | total time: 0.83m | eta: 17.8m
step 00220/04692 (4.69%) | loss: 3.643357 | lrm: 1.00 | dt: 236.83ms | tok/sec: 2,213,733 | bf16_mfu: 46.47 | epoch: 1 pq: 2 rg: 56 | total time: 0.83m | eta: 17.8m
step 00221/04692 (4.71%) | loss: 3.646685 | lrm: 1.00 | dt: 238.02ms | tok/sec: 2,202,750 | bf16_mfu: 46.24 | epoch: 1 pq: 2 rg: 64 | total time: 0.84m | eta: 17.7m
step 00222/04692 (4.73%) | loss: 3.643030 | lrm: 1.00 | dt: 234.52ms | tok/sec: 2,235,602 | bf16_mfu: 46.93 | epoch: 1 pq: 2 rg: 64 | total time: 0.84m | eta: 17.7m
step 00223/04692 (4.75%) | loss: 3.639616 | lrm: 1.00 | dt: 234.33ms | tok/sec: 2,237,403 | bf16_mfu: 46.97 | epoch: 1 pq: 2 rg: 64 | total time: 0.85m | eta: 17.7m
step 00224/04692 (4.77%) | loss: 3.629962 | lrm: 1.00 | dt: 238.36ms | tok/sec: 2,199,551 | bf16_mfu: 46.17 | epoch: 1 pq: 2 rg: 64 | total time: 0.85m | eta: 17.7m
step 00225/04692 (4.80%) | loss: 3.633308 | lrm: 1.00 | dt: 237.57ms | tok/sec: 2,206,879 | bf16_mfu: 46.33 | epoch: 1 pq: 2 rg: 64 | total time: 0.85m | eta: 17.7m
step 00226/04692 (4.82%) | loss: 3.613250 | lrm: 1.00 | dt: 236.05ms | tok/sec: 2,221,087 | bf16_mfu: 46.63 | epoch: 1 pq: 2 rg: 64 | total time: 0.86m | eta: 17.7m
step 00227/04692 (4.84%) | loss: 3.603279 | lrm: 1.00 | dt: 237.68ms | tok/sec: 2,205,892 | bf16_mfu: 46.31 | epoch: 1 pq: 2 rg: 64 | total time: 0.86m | eta: 17.7m
step 00228/04692 (4.86%) | loss: 3.596339 | lrm: 1.00 | dt: 236.69ms | tok/sec: 2,215,066 | bf16_mfu: 46.50 | epoch: 1 pq: 2 rg: 64 | total time: 0.87m | eta: 17.7m
step 00229/04692 (4.88%) | loss: 3.601925 | lrm: 1.00 | dt: 238.04ms | tok/sec: 2,202,478 | bf16_mfu: 46.24 | epoch: 1 pq: 2 rg: 72 | total time: 0.87m | eta: 17.7m
step 00230/04692 (4.90%) | loss: 3.602534 | lrm: 1.00 | dt: 236.49ms | tok/sec: 2,216,927 | bf16_mfu: 46.54 | epoch: 1 pq: 2 rg: 72 | total time: 0.87m | eta: 17.7m
step 00231/04692 (4.92%) | loss: 3.593650 | lrm: 1.00 | dt: 236.04ms | tok/sec: 2,221,222 | bf16_mfu: 46.63 | epoch: 1 pq: 2 rg: 72 | total time: 0.88m | eta: 17.7m
step 00232/04692 (4.94%) | loss: 3.586395 | lrm: 1.00 | dt: 234.39ms | tok/sec: 2,236,818 | bf16_mfu: 46.96 | epoch: 1 pq: 2 rg: 72 | total time: 0.88m | eta: 17.7m
step 00233/04692 (4.97%) | loss: 3.588425 | lrm: 1.00 | dt: 235.72ms | tok/sec: 2,224,212 | bf16_mfu: 46.69 | epoch: 1 pq: 2 rg: 72 | total time: 0.88m | eta: 17.7m
step 00234/04692 (4.99%) | loss: 3.586371 | lrm: 1.00 | dt: 237.86ms | tok/sec: 2,204,147 | bf16_mfu: 46.27 | epoch: 1 pq: 2 rg: 72 | total time: 0.89m | eta: 17.7m
step 00235/04692 (5.01%) | loss: 3.592073 | lrm: 1.00 | dt: 239.10ms | tok/sec: 2,192,723 | bf16_mfu: 46.03 | epoch: 1 pq: 2 rg: 72 | total time: 0.89m | eta: 17.7m
step 00236/04692 (5.03%) | loss: 3.594467 | lrm: 1.00 | dt: 237.09ms | tok/sec: 2,211,307 | bf16_mfu: 46.42 | epoch: 1 pq: 2 rg: 80 | total time: 0.90m | eta: 17.7m
step 00237/04692 (5.05%) | loss: 3.595373 | lrm: 1.00 | dt: 236.17ms | tok/sec: 2,219,975 | bf16_mfu: 46.60 | epoch: 1 pq: 2 rg: 80 | total time: 0.90m | eta: 17.7m
step 00238/04692 (5.07%) | loss: 3.591519 | lrm: 1.00 | dt: 239.08ms | tok/sec: 2,192,898 | bf16_mfu: 46.04 | epoch: 1 pq: 2 rg: 80 | total time: 0.90m | eta: 17.7m
step 00239/04692 (5.09%) | loss: 3.595877 | lrm: 1.00 | dt: 235.26ms | tok/sec: 2,228,528 | bf16_mfu: 46.78 | epoch: 1 pq: 2 rg: 80 | total time: 0.91m | eta: 17.7m
step 00240/04692 (5.12%) | loss: 3.591980 | lrm: 1.00 | dt: 237.30ms | tok/sec: 2,209,371 | bf16_mfu: 46.38 | epoch: 1 pq: 2 rg: 80 | total time: 0.91m | eta: 17.7m
step 00241/04692 (5.14%) | loss: 3.578532 | lrm: 1.00 | dt: 236.00ms | tok/sec: 2,221,578 | bf16_mfu: 46.64 | epoch: 1 pq: 2 rg: 80 | total time: 0.92m | eta: 17.7m
step 00242/04692 (5.16%) | loss: 3.576169 | lrm: 1.00 | dt: 236.90ms | tok/sec: 2,213,145 | bf16_mfu: 46.46 | epoch: 1 pq: 2 rg: 80 | total time: 0.92m | eta: 17.7m
step 00243/04692 (5.18%) | loss: 3.574440 | lrm: 1.00 | dt: 234.66ms | tok/sec: 2,234,282 | bf16_mfu: 46.90 | epoch: 1 pq: 2 rg: 80 | total time: 0.92m | eta: 17.6m
step 00244/04692 (5.20%) | loss: 3.562765 | lrm: 1.00 | dt: 236.27ms | tok/sec: 2,219,045 | bf16_mfu: 46.58 | epoch: 1 pq: 3 rg: 0 | total time: 0.93m | eta: 17.6m
step 00245/04692 (5.22%) | loss: 3.558166 | lrm: 1.00 | dt: 237.18ms | tok/sec: 2,210,491 | bf16_mfu: 46.40 | epoch: 1 pq: 3 rg: 0 | total time: 0.93m | eta: 17.6m
step 00246/04692 (5.24%) | loss: 3.544227 | lrm: 1.00 | dt: 236.04ms | tok/sec: 2,221,159 | bf16_mfu: 46.63 | epoch: 1 pq: 3 rg: 0 | total time: 0.94m | eta: 17.6m
step 00247/04692 (5.26%) | loss: 3.539202 | lrm: 1.00 | dt: 236.99ms | tok/sec: 2,212,277 | bf16_mfu: 46.44 | epoch: 1 pq: 3 rg: 0 | total time: 0.94m | eta: 17.6m
step 00248/04692 (5.29%) | loss: 3.547250 | lrm: 1.00 | dt: 235.79ms | tok/sec: 2,223,513 | bf16_mfu: 46.68 | epoch: 1 pq: 3 rg: 0 | total time: 0.94m | eta: 17.6m
step 00249/04692 (5.31%) | loss: 3.542796 | lrm: 1.00 | dt: 236.80ms | tok/sec: 2,214,036 | bf16_mfu: 46.48 | epoch: 1 pq: 3 rg: 0 | total time: 0.95m | eta: 17.6m
Step 00250 | Validation bpb: 1.074477
step 00250/04692 (5.33%) | loss: 3.544928 | lrm: 1.00 | dt: 231.51ms | tok/sec: 2,264,613 | bf16_mfu: 47.54 | epoch: 1 pq: 3 rg: 0 | total time: 0.95m | eta: 17.6m
step 00251/04692 (5.35%) | loss: 3.542936 | lrm: 1.00 | dt: 231.19ms | tok/sec: 2,267,740 | bf16_mfu: 47.61 | epoch: 1 pq: 3 rg: 0 | total time: 0.96m | eta: 17.6m
step 00252/04692 (5.37%) | loss: 3.542668 | lrm: 1.00 | dt: 233.36ms | tok/sec: 2,246,668 | bf16_mfu: 47.16 | epoch: 1 pq: 3 rg: 0 | total time: 0.96m | eta: 17.6m
step 00253/04692 (5.39%) | loss: 3.546826 | lrm: 1.00 | dt: 244.76ms | tok/sec: 2,142,028 | bf16_mfu: 44.97 | epoch: 1 pq: 3 rg: 8 | total time: 0.96m | eta: 17.6m
step 00254/04692 (5.41%) | loss: 3.549402 | lrm: 1.00 | dt: 240.96ms | tok/sec: 2,175,826 | bf16_mfu: 45.68 | epoch: 1 pq: 3 rg: 8 | total time: 0.97m | eta: 17.6m
step 00255/04692 (5.43%) | loss: 3.547134 | lrm: 1.00 | dt: 232.75ms | tok/sec: 2,252,532 | bf16_mfu: 47.29 | epoch: 1 pq: 3 rg: 8 | total time: 0.97m | eta: 17.6m
step 00256/04692 (5.46%) | loss: 3.539321 | lrm: 1.00 | dt: 232.32ms | tok/sec: 2,256,762 | bf16_mfu: 47.38 | epoch: 1 pq: 3 rg: 8 | total time: 0.98m | eta: 17.6m
step 00257/04692 (5.48%) | loss: 3.528511 | lrm: 1.00 | dt: 239.45ms | tok/sec: 2,189,551 | bf16_mfu: 45.96 | epoch: 1 pq: 3 rg: 8 | total time: 0.98m | eta: 17.6m
step 00258/04692 (5.50%) | loss: 3.513552 | lrm: 1.00 | dt: 240.13ms | tok/sec: 2,183,309 | bf16_mfu: 45.83 | epoch: 1 pq: 3 rg: 8 | total time: 0.98m | eta: 17.6m
step 00259/04692 (5.52%) | loss: 3.527226 | lrm: 1.00 | dt: 232.92ms | tok/sec: 2,250,911 | bf16_mfu: 47.25 | epoch: 1 pq: 3 rg: 8 | total time: 0.99m | eta: 17.6m
step 00260/04692 (5.54%) | loss: 3.526386 | lrm: 1.00 | dt: 233.06ms | tok/sec: 2,249,612 | bf16_mfu: 47.23 | epoch: 1 pq: 3 rg: 8 | total time: 0.99m | eta: 17.6m
step 00261/04692 (5.56%) | loss: 3.517018 | lrm: 1.00 | dt: 238.50ms | tok/sec: 2,198,306 | bf16_mfu: 46.15 | epoch: 1 pq: 3 rg: 16 | total time: 1.00m | eta: 17.6m
step 00262/04692 (5.58%) | loss: 3.516231 | lrm: 1.00 | dt: 241.78ms | tok/sec: 2,168,422 | bf16_mfu: 45.52 | epoch: 1 pq: 3 rg: 16 | total time: 1.00m | eta: 17.6m
step 00263/04692 (5.61%) | loss: 3.511517 | lrm: 1.00 | dt: 238.15ms | tok/sec: 2,201,502 | bf16_mfu: 46.22 | epoch: 1 pq: 3 rg: 16 | total time: 1.00m | eta: 17.6m
step 00264/04692 (5.63%) | loss: 3.501617 | lrm: 1.00 | dt: 233.88ms | tok/sec: 2,241,705 | bf16_mfu: 47.06 | epoch: 1 pq: 3 rg: 16 | total time: 1.01m | eta: 17.6m
step 00265/04692 (5.65%) | loss: 3.500785 | lrm: 1.00 | dt: 233.97ms | tok/sec: 2,240,871 | bf16_mfu: 47.04 | epoch: 1 pq: 3 rg: 16 | total time: 1.01m | eta: 17.5m
step 00266/04692 (5.67%) | loss: 3.502840 | lrm: 1.00 | dt: 238.02ms | tok/sec: 2,202,726 | bf16_mfu: 46.24 | epoch: 1 pq: 3 rg: 16 | total time: 1.01m | eta: 17.5m
step 00267/04692 (5.69%) | loss: 3.499703 | lrm: 1.00 | dt: 236.79ms | tok/sec: 2,214,110 | bf16_mfu: 46.48 | epoch: 1 pq: 3 rg: 16 | total time: 1.02m | eta: 17.5m
step 00268/04692 (5.71%) | loss: 3.502820 | lrm: 1.00 | dt: 235.32ms | tok/sec: 2,227,993 | bf16_mfu: 46.77 | epoch: 1 pq: 3 rg: 16 | total time: 1.02m | eta: 17.5m
step 00269/04692 (5.73%) | loss: 3.498804 | lrm: 1.00 | dt: 235.49ms | tok/sec: 2,226,360 | bf16_mfu: 46.74 | epoch: 1 pq: 3 rg: 24 | total time: 1.03m | eta: 17.5m
step 00270/04692 (5.75%) | loss: 3.509364 | lrm: 1.00 | dt: 237.34ms | tok/sec: 2,208,999 | bf16_mfu: 46.37 | epoch: 1 pq: 3 rg: 24 | total time: 1.03m | eta: 17.5m
step 00271/04692 (5.78%) | loss: 3.493542 | lrm: 1.00 | dt: 238.23ms | tok/sec: 2,200,750 | bf16_mfu: 46.20 | epoch: 1 pq: 3 rg: 24 | total time: 1.03m | eta: 17.5m
step 00272/04692 (5.80%) | loss: 3.492649 | lrm: 1.00 | dt: 236.13ms | tok/sec: 2,220,365 | bf16_mfu: 46.61 | epoch: 1 pq: 3 rg: 24 | total time: 1.04m | eta: 17.5m
step 00273/04692 (5.82%) | loss: 3.489666 | lrm: 1.00 | dt: 235.32ms | tok/sec: 2,228,023 | bf16_mfu: 46.77 | epoch: 1 pq: 3 rg: 24 | total time: 1.04m | eta: 17.5m
step 00274/04692 (5.84%) | loss: 3.486398 | lrm: 1.00 | dt: 235.59ms | tok/sec: 2,225,441 | bf16_mfu: 46.72 | epoch: 1 pq: 3 rg: 24 | total time: 1.05m | eta: 17.5m
step 00275/04692 (5.86%) | loss: 3.472323 | lrm: 1.00 | dt: 238.44ms | tok/sec: 2,198,812 | bf16_mfu: 46.16 | epoch: 1 pq: 3 rg: 24 | total time: 1.05m | eta: 17.5m
step 00276/04692 (5.88%) | loss: 3.472473 | lrm: 1.00 | dt: 234.03ms | tok/sec: 2,240,248 | bf16_mfu: 47.03 | epoch: 1 pq: 3 rg: 24 | total time: 1.05m | eta: 17.5m
step 00277/04692 (5.90%) | loss: 3.456838 | lrm: 1.00 | dt: 236.33ms | tok/sec: 2,218,441 | bf16_mfu: 46.57 | epoch: 1 pq: 3 rg: 32 | total time: 1.06m | eta: 17.5m
step 00278/04692 (5.92%) | loss: 3.465062 | lrm: 1.00 | dt: 235.25ms | tok/sec: 2,228,641 | bf16_mfu: 46.79 | epoch: 1 pq: 3 rg: 32 | total time: 1.06m | eta: 17.5m
step 00279/04692 (5.95%) | loss: 3.480378 | lrm: 1.00 | dt: 236.95ms | tok/sec: 2,212,682 | bf16_mfu: 46.45 | epoch: 1 pq: 3 rg: 32 | total time: 1.07m | eta: 17.5m
step 00280/04692 (5.97%) | loss: 3.482635 | lrm: 1.00 | dt: 236.19ms | tok/sec: 2,219,775 | bf16_mfu: 46.60 | epoch: 1 pq: 3 rg: 32 | total time: 1.07m | eta: 17.5m
step 00281/04692 (5.99%) | loss: 3.475755 | lrm: 1.00 | dt: 235.05ms | tok/sec: 2,230,504 | bf16_mfu: 46.82 | epoch: 1 pq: 3 rg: 32 | total time: 1.07m | eta: 17.5m
step 00282/04692 (6.01%) | loss: 3.465037 | lrm: 1.00 | dt: 234.94ms | tok/sec: 2,231,588 | bf16_mfu: 46.85 | epoch: 1 pq: 3 rg: 32 | total time: 1.08m | eta: 17.5m
step 00283/04692 (6.03%) | loss: 3.451326 | lrm: 1.00 | dt: 238.85ms | tok/sec: 2,195,037 | bf16_mfu: 46.08 | epoch: 1 pq: 3 rg: 32 | total time: 1.08m | eta: 17.5m
step 00284/04692 (6.05%) | loss: 3.455632 | lrm: 1.00 | dt: 236.36ms | tok/sec: 2,218,161 | bf16_mfu: 46.57 | epoch: 1 pq: 3 rg: 32 | total time: 1.09m | eta: 17.5m
step 00285/04692 (6.07%) | loss: 3.440601 | lrm: 1.00 | dt: 236.48ms | tok/sec: 2,217,018 | bf16_mfu: 46.54 | epoch: 1 pq: 3 rg: 40 | total time: 1.09m | eta: 17.5m
step 00286/04692 (6.10%) | loss: 3.428001 | lrm: 1.00 | dt: 234.64ms | tok/sec: 2,234,470 | bf16_mfu: 46.91 | epoch: 1 pq: 3 rg: 40 | total time: 1.09m | eta: 17.5m
step 00287/04692 (6.12%) | loss: 3.426016 | lrm: 1.00 | dt: 235.62ms | tok/sec: 2,225,159 | bf16_mfu: 46.71 | epoch: 1 pq: 3 rg: 40 | total time: 1.10m | eta: 17.5m
step 00288/04692 (6.14%) | loss: 3.435108 | lrm: 1.00 | dt: 235.72ms | tok/sec: 2,224,169 | bf16_mfu: 46.69 | epoch: 1 pq: 3 rg: 40 | total time: 1.10m | eta: 17.4m
step 00289/04692 (6.16%) | loss: 3.431371 | lrm: 1.00 | dt: 236.33ms | tok/sec: 2,218,454 | bf16_mfu: 46.57 | epoch: 1 pq: 3 rg: 40 | total time: 1.11m | eta: 17.4m
step 00290/04692 (6.18%) | loss: 3.427405 | lrm: 1.00 | dt: 235.55ms | tok/sec: 2,225,801 | bf16_mfu: 46.73 | epoch: 1 pq: 3 rg: 40 | total time: 1.11m | eta: 17.4m
step 00291/04692 (6.20%) | loss: 3.435570 | lrm: 1.00 | dt: 236.92ms | tok/sec: 2,212,940 | bf16_mfu: 46.46 | epoch: 1 pq: 3 rg: 40 | total time: 1.11m | eta: 17.4m
step 00292/04692 (6.22%) | loss: 3.435000 | lrm: 1.00 | dt: 238.73ms | tok/sec: 2,196,170 | bf16_mfu: 46.10 | epoch: 1 pq: 3 rg: 40 | total time: 1.12m | eta: 17.4m
step 00293/04692 (6.24%) | loss: 3.437867 | lrm: 1.00 | dt: 237.92ms | tok/sec: 2,203,608 | bf16_mfu: 46.26 | epoch: 1 pq: 3 rg: 48 | total time: 1.12m | eta: 17.4m
step 00294/04692 (6.27%) | loss: 3.437619 | lrm: 1.00 | dt: 235.20ms | tok/sec: 2,229,111 | bf16_mfu: 46.80 | epoch: 1 pq: 3 rg: 48 | total time: 1.13m | eta: 17.4m
step 00295/04692 (6.29%) | loss: 3.432307 | lrm: 1.00 | dt: 236.72ms | tok/sec: 2,214,830 | bf16_mfu: 46.50 | epoch: 1 pq: 3 rg: 48 | total time: 1.13m | eta: 17.4m
step 00296/04692 (6.31%) | loss: 3.425232 | lrm: 1.00 | dt: 236.67ms | tok/sec: 2,215,249 | bf16_mfu: 46.50 | epoch: 1 pq: 3 rg: 48 | total time: 1.13m | eta: 17.4m
step 00297/04692 (6.33%) | loss: 3.430628 | lrm: 1.00 | dt: 235.01ms | tok/sec: 2,230,945 | bf16_mfu: 46.83 | epoch: 1 pq: 3 rg: 48 | total time: 1.14m | eta: 17.4m
step 00298/04692 (6.35%) | loss: 3.431956 | lrm: 1.00 | dt: 234.14ms | tok/sec: 2,239,235 | bf16_mfu: 47.01 | epoch: 1 pq: 3 rg: 48 | total time: 1.14m | eta: 17.4m
step 00299/04692 (6.37%) | loss: 3.436210 | lrm: 1.00 | dt: 236.84ms | tok/sec: 2,213,715 | bf16_mfu: 46.47 | epoch: 1 pq: 3 rg: 48 | total time: 1.14m | eta: 17.4m
step 00300/04692 (6.39%) | loss: 3.434989 | lrm: 1.00 | dt: 237.73ms | tok/sec: 2,205,416 | bf16_mfu: 46.30 | epoch: 1 pq: 3 rg: 48 | total time: 1.15m | eta: 17.4m
step 00301/04692 (6.42%) | loss: 3.434438 | lrm: 1.00 | dt: 235.47ms | tok/sec: 2,226,563 | bf16_mfu: 46.74 | epoch: 1 pq: 3 rg: 48 | total time: 1.15m | eta: 17.4m
step 00302/04692 (6.44%) | loss: 3.431228 | lrm: 1.00 | dt: 232.50ms | tok/sec: 2,255,006 | bf16_mfu: 47.34 | epoch: 1 pq: 3 rg: 56 | total time: 1.16m | eta: 17.4m
step 00303/04692 (6.46%) | loss: 3.437046 | lrm: 1.00 | dt: 235.26ms | tok/sec: 2,228,531 | bf16_mfu: 46.78 | epoch: 1 pq: 3 rg: 56 | total time: 1.16m | eta: 17.4m
step 00304/04692 (6.48%) | loss: 3.442257 | lrm: 1.00 | dt: 236.12ms | tok/sec: 2,220,416 | bf16_mfu: 46.61 | epoch: 1 pq: 3 rg: 56 | total time: 1.16m | eta: 17.4m
step 00305/04692 (6.50%) | loss: 3.444186 | lrm: 1.00 | dt: 237.33ms | tok/sec: 2,209,081 | bf16_mfu: 46.37 | epoch: 1 pq: 3 rg: 56 | total time: 1.17m | eta: 17.4m
step 00306/04692 (6.52%) | loss: 3.444445 | lrm: 1.00 | dt: 237.36ms | tok/sec: 2,208,790 | bf16_mfu: 46.37 | epoch: 1 pq: 3 rg: 56 | total time: 1.17m | eta: 17.4m
step 00307/04692 (6.54%) | loss: 3.431411 | lrm: 1.00 | dt: 235.98ms | tok/sec: 2,221,747 | bf16_mfu: 46.64 | epoch: 1 pq: 3 rg: 56 | total time: 1.18m | eta: 17.4m
step 00308/04692 (6.56%) | loss: 3.435946 | lrm: 1.00 | dt: 236.05ms | tok/sec: 2,221,125 | bf16_mfu: 46.63 | epoch: 1 pq: 3 rg: 56 | total time: 1.18m | eta: 17.4m
step 00309/04692 (6.59%) | loss: 3.443258 | lrm: 1.00 | dt: 236.29ms | tok/sec: 2,218,850 | bf16_mfu: 46.58 | epoch: 1 pq: 3 rg: 56 | total time: 1.18m | eta: 17.4m
step 00310/04692 (6.61%) | loss: 3.447982 | lrm: 1.00 | dt: 234.71ms | tok/sec: 2,233,792 | bf16_mfu: 46.89 | epoch: 1 pq: 3 rg: 64 | total time: 1.19m | eta: 17.4m
step 00311/04692 (6.63%) | loss: 3.446085 | lrm: 1.00 | dt: 235.06ms | tok/sec: 2,230,452 | bf16_mfu: 46.82 | epoch: 1 pq: 3 rg: 64 | total time: 1.19m | eta: 17.3m
step 00312/04692 (6.65%) | loss: 3.442234 | lrm: 1.00 | dt: 237.82ms | tok/sec: 2,204,596 | bf16_mfu: 46.28 | epoch: 1 pq: 3 rg: 64 | total time: 1.20m | eta: 17.3m
step 00313/04692 (6.67%) | loss: 3.443975 | lrm: 1.00 | dt: 236.82ms | tok/sec: 2,213,840 | bf16_mfu: 46.47 | epoch: 1 pq: 3 rg: 64 | total time: 1.20m | eta: 17.3m
step 00314/04692 (6.69%) | loss: 3.438937 | lrm: 1.00 | dt: 237.35ms | tok/sec: 2,208,901 | bf16_mfu: 46.37 | epoch: 1 pq: 3 rg: 64 | total time: 1.20m | eta: 17.3m
step 00315/04692 (6.71%) | loss: 3.424368 | lrm: 1.00 | dt: 233.96ms | tok/sec: 2,240,930 | bf16_mfu: 47.04 | epoch: 1 pq: 3 rg: 64 | total time: 1.21m | eta: 17.3m
step 00316/04692 (6.73%) | loss: 3.439454 | lrm: 1.00 | dt: 236.41ms | tok/sec: 2,217,725 | bf16_mfu: 46.56 | epoch: 1 pq: 3 rg: 64 | total time: 1.21m | eta: 17.3m
step 00317/04692 (6.76%) | loss: 3.428932 | lrm: 1.00 | dt: 235.54ms | tok/sec: 2,225,896 | bf16_mfu: 46.73 | epoch: 1 pq: 3 rg: 64 | total time: 1.22m | eta: 17.3m
step 00318/04692 (6.78%) | loss: 3.427832 | lrm: 1.00 | dt: 235.43ms | tok/sec: 2,226,899 | bf16_mfu: 46.75 | epoch: 1 pq: 3 rg: 64 | total time: 1.22m | eta: 17.3m
step 00319/04692 (6.80%) | loss: 3.414921 | lrm: 1.00 | dt: 234.87ms | tok/sec: 2,232,252 | bf16_mfu: 46.86 | epoch: 1 pq: 3 rg: 72 | total time: 1.22m | eta: 17.3m
step 00320/04692 (6.82%) | loss: 3.415065 | lrm: 1.00 | dt: 236.94ms | tok/sec: 2,212,777 | bf16_mfu: 46.45 | epoch: 1 pq: 3 rg: 72 | total time: 1.23m | eta: 17.3m
step 00321/04692 (6.84%) | loss: 3.411796 | lrm: 1.00 | dt: 235.85ms | tok/sec: 2,222,991 | bf16_mfu: 46.67 | epoch: 1 pq: 3 rg: 72 | total time: 1.23m | eta: 17.3m
step 00322/04692 (6.86%) | loss: 3.397678 | lrm: 1.00 | dt: 235.06ms | tok/sec: 2,230,445 | bf16_mfu: 46.82 | epoch: 1 pq: 3 rg: 72 | total time: 1.24m | eta: 17.3m
step 00323/04692 (6.88%) | loss: 3.395171 | lrm: 1.00 | dt: 235.23ms | tok/sec: 2,228,827 | bf16_mfu: 46.79 | epoch: 1 pq: 3 rg: 72 | total time: 1.24m | eta: 17.3m
step 00324/04692 (6.91%) | loss: 3.391040 | lrm: 1.00 | dt: 234.41ms | tok/sec: 2,236,586 | bf16_mfu: 46.95 | epoch: 1 pq: 3 rg: 72 | total time: 1.24m | eta: 17.3m
step 00325/04692 (6.93%) | loss: 3.387377 | lrm: 1.00 | dt: 237.13ms | tok/sec: 2,211,004 | bf16_mfu: 46.42 | epoch: 1 pq: 3 rg: 72 | total time: 1.25m | eta: 17.3m
step 00326/04692 (6.95%) | loss: 3.382623 | lrm: 1.00 | dt: 237.27ms | tok/sec: 2,209,700 | bf16_mfu: 46.39 | epoch: 1 pq: 3 rg: 72 | total time: 1.25m | eta: 17.3m
step 00327/04692 (6.97%) | loss: 3.383019 | lrm: 1.00 | dt: 238.35ms | tok/sec: 2,199,652 | bf16_mfu: 46.18 | epoch: 1 pq: 3 rg: 80 | total time: 1.25m | eta: 17.3m
step 00328/04692 (6.99%) | loss: 3.377343 | lrm: 1.00 | dt: 235.20ms | tok/sec: 2,229,152 | bf16_mfu: 46.80 | epoch: 1 pq: 3 rg: 80 | total time: 1.26m | eta: 17.3m
step 00329/04692 (7.01%) | loss: 3.380342 | lrm: 1.00 | dt: 234.00ms | tok/sec: 2,240,540 | bf16_mfu: 47.04 | epoch: 1 pq: 3 rg: 80 | total time: 1.26m | eta: 17.3m
step 00330/04692 (7.03%) | loss: 3.381477 | lrm: 1.00 | dt: 235.45ms | tok/sec: 2,226,753 | bf16_mfu: 46.75 | epoch: 1 pq: 3 rg: 80 | total time: 1.27m | eta: 17.3m
step 00331/04692 (7.05%) | loss: 3.385747 | lrm: 1.00 | dt: 235.92ms | tok/sec: 2,222,344 | bf16_mfu: 46.65 | epoch: 1 pq: 3 rg: 80 | total time: 1.27m | eta: 17.3m
step 00332/04692 (7.08%) | loss: 3.389449 | lrm: 1.00 | dt: 237.21ms | tok/sec: 2,210,218 | bf16_mfu: 46.40 | epoch: 1 pq: 3 rg: 80 | total time: 1.27m | eta: 17.3m
step 00333/04692 (7.10%) | loss: 3.383856 | lrm: 1.00 | dt: 235.73ms | tok/sec: 2,224,086 | bf16_mfu: 46.69 | epoch: 1 pq: 3 rg: 80 | total time: 1.28m | eta: 17.3m
step 00334/04692 (7.12%) | loss: 3.385756 | lrm: 1.00 | dt: 235.87ms | tok/sec: 2,222,825 | bf16_mfu: 46.66 | epoch: 1 pq: 3 rg: 80 | total time: 1.28m | eta: 17.2m
step 00335/04692 (7.14%) | loss: 3.394415 | lrm: 1.00 | dt: 236.42ms | tok/sec: 2,217,653 | bf16_mfu: 46.55 | epoch: 1 pq: 4 rg: 0 | total time: 1.29m | eta: 17.2m
step 00336/04692 (7.16%) | loss: 3.386225 | lrm: 1.00 | dt: 235.68ms | tok/sec: 2,224,581 | bf16_mfu: 46.70 | epoch: 1 pq: 4 rg: 0 | total time: 1.29m | eta: 17.2m
step 00337/04692 (7.18%) | loss: 3.380484 | lrm: 1.00 | dt: 232.96ms | tok/sec: 2,250,535 | bf16_mfu: 47.25 | epoch: 1 pq: 4 rg: 0 | total time: 1.29m | eta: 17.2m
step 00338/04692 (7.20%) | loss: 3.386035 | lrm: 1.00 | dt: 237.38ms | tok/sec: 2,208,652 | bf16_mfu: 46.37 | epoch: 1 pq: 4 rg: 0 | total time: 1.30m | eta: 17.2m
step 00339/04692 (7.23%) | loss: 3.384005 | lrm: 1.00 | dt: 237.72ms | tok/sec: 2,205,498 | bf16_mfu: 46.30 | epoch: 1 pq: 4 rg: 0 | total time: 1.30m | eta: 17.2m
step 00340/04692 (7.25%) | loss: 3.375539 | lrm: 1.00 | dt: 235.71ms | tok/sec: 2,224,338 | bf16_mfu: 46.70 | epoch: 1 pq: 4 rg: 0 | total time: 1.31m | eta: 17.2m
step 00341/04692 (7.27%) | loss: 3.387520 | lrm: 1.00 | dt: 234.01ms | tok/sec: 2,240,481 | bf16_mfu: 47.03 | epoch: 1 pq: 4 rg: 0 | total time: 1.31m | eta: 17.2m
step 00342/04692 (7.29%) | loss: 3.388419 | lrm: 1.00 | dt: 236.01ms | tok/sec: 2,221,504 | bf16_mfu: 46.64 | epoch: 1 pq: 4 rg: 0 | total time: 1.31m | eta: 17.2m
step 00343/04692 (7.31%) | loss: 3.394921 | lrm: 1.00 | dt: 234.56ms | tok/sec: 2,235,163 | bf16_mfu: 46.92 | epoch: 1 pq: 4 rg: 8 | total time: 1.32m | eta: 17.2m
step 00344/04692 (7.33%) | loss: 3.394901 | lrm: 1.00 | dt: 236.29ms | tok/sec: 2,218,828 | bf16_mfu: 46.58 | epoch: 1 pq: 4 rg: 8 | total time: 1.32m | eta: 17.2m
step 00345/04692 (7.35%) | loss: 3.388020 | lrm: 1.00 | dt: 237.01ms | tok/sec: 2,212,052 | bf16_mfu: 46.44 | epoch: 1 pq: 4 rg: 8 | total time: 1.33m | eta: 17.2m
step 00346/04692 (7.37%) | loss: 3.379213 | lrm: 1.00 | dt: 236.75ms | tok/sec: 2,214,558 | bf16_mfu: 46.49 | epoch: 1 pq: 4 rg: 8 | total time: 1.33m | eta: 17.2m
step 00347/04692 (7.40%) | loss: 3.368219 | lrm: 1.00 | dt: 236.11ms | tok/sec: 2,220,564 | bf16_mfu: 46.62 | epoch: 1 pq: 4 rg: 8 | total time: 1.33m | eta: 17.2m
step 00348/04692 (7.42%) | loss: 3.374444 | lrm: 1.00 | dt: 234.88ms | tok/sec: 2,232,168 | bf16_mfu: 46.86 | epoch: 1 pq: 4 rg: 8 | total time: 1.34m | eta: 17.2m
step 00349/04692 (7.44%) | loss: 3.376922 | lrm: 1.00 | dt: 234.41ms | tok/sec: 2,236,618 | bf16_mfu: 46.95 | epoch: 1 pq: 4 rg: 8 | total time: 1.34m | eta: 17.2m
step 00350/04692 (7.46%) | loss: 3.381525 | lrm: 1.00 | dt: 233.20ms | tok/sec: 2,248,262 | bf16_mfu: 47.20 | epoch: 1 pq: 4 rg: 8 | total time: 1.35m | eta: 17.2m
step 00351/04692 (7.48%) | loss: 3.385542 | lrm: 1.00 | dt: 237.48ms | tok/sec: 2,207,757 | bf16_mfu: 46.35 | epoch: 1 pq: 4 rg: 8 | total time: 1.35m | eta: 17.2m
step 00352/04692 (7.50%) | loss: 3.375505 | lrm: 1.00 | dt: 236.08ms | tok/sec: 2,220,811 | bf16_mfu: 46.62 | epoch: 1 pq: 4 rg: 16 | total time: 1.35m | eta: 17.2m
step 00353/04692 (7.52%) | loss: 3.374642 | lrm: 1.00 | dt: 236.26ms | tok/sec: 2,219,099 | bf16_mfu: 46.59 | epoch: 1 pq: 4 rg: 16 | total time: 1.36m | eta: 17.2m
step 00354/04692 (7.54%) | loss: 3.379137 | lrm: 1.00 | dt: 234.07ms | tok/sec: 2,239,901 | bf16_mfu: 47.02 | epoch: 1 pq: 4 rg: 16 | total time: 1.36m | eta: 17.2m
step 00355/04692 (7.57%) | loss: 3.376443 | lrm: 1.00 | dt: 234.77ms | tok/sec: 2,233,157 | bf16_mfu: 46.88 | epoch: 1 pq: 4 rg: 16 | total time: 1.36m | eta: 17.2m
step 00356/04692 (7.59%) | loss: 3.372218 | lrm: 1.00 | dt: 237.62ms | tok/sec: 2,206,381 | bf16_mfu: 46.32 | epoch: 1 pq: 4 rg: 16 | total time: 1.37m | eta: 17.2m
step 00357/04692 (7.61%) | loss: 3.368448 | lrm: 1.00 | dt: 238.23ms | tok/sec: 2,200,759 | bf16_mfu: 46.20 | epoch: 1 pq: 4 rg: 16 | total time: 1.37m | eta: 17.2m
step 00358/04692 (7.63%) | loss: 3.370445 | lrm: 1.00 | dt: 235.04ms | tok/sec: 2,230,635 | bf16_mfu: 46.83 | epoch: 1 pq: 4 rg: 16 | total time: 1.38m | eta: 17.1m
step 00359/04692 (7.65%) | loss: 3.358580 | lrm: 1.00 | dt: 234.74ms | tok/sec: 2,233,492 | bf16_mfu: 46.89 | epoch: 1 pq: 4 rg: 16 | total time: 1.38m | eta: 17.1m
step 00360/04692 (7.67%) | loss: 3.337136 | lrm: 1.00 | dt: 237.84ms | tok/sec: 2,204,377 | bf16_mfu: 46.28 | epoch: 1 pq: 4 rg: 24 | total time: 1.38m | eta: 17.1m
step 00361/04692 (7.69%) | loss: 3.342965 | lrm: 1.00 | dt: 235.14ms | tok/sec: 2,229,694 | bf16_mfu: 46.81 | epoch: 1 pq: 4 rg: 24 | total time: 1.39m | eta: 17.1m
step 00362/04692 (7.72%) | loss: 3.345053 | lrm: 1.00 | dt: 234.15ms | tok/sec: 2,239,100 | bf16_mfu: 47.01 | epoch: 1 pq: 4 rg: 24 | total time: 1.39m | eta: 17.1m
step 00363/04692 (7.74%) | loss: 3.329204 | lrm: 1.00 | dt: 236.26ms | tok/sec: 2,219,119 | bf16_mfu: 46.59 | epoch: 1 pq: 4 rg: 24 | total time: 1.40m | eta: 17.1m
step 00364/04692 (7.76%) | loss: 3.336954 | lrm: 1.00 | dt: 236.03ms | tok/sec: 2,221,244 | bf16_mfu: 46.63 | epoch: 1 pq: 4 rg: 24 | total time: 1.40m | eta: 17.1m
step 00365/04692 (7.78%) | loss: 3.334268 | lrm: 1.00 | dt: 235.20ms | tok/sec: 2,229,154 | bf16_mfu: 46.80 | epoch: 1 pq: 4 rg: 24 | total time: 1.40m | eta: 17.1m
step 00366/04692 (7.80%) | loss: 3.334760 | lrm: 1.00 | dt: 234.32ms | tok/sec: 2,237,474 | bf16_mfu: 46.97 | epoch: 1 pq: 4 rg: 24 | total time: 1.41m | eta: 17.1m
step 00367/04692 (7.82%) | loss: 3.322195 | lrm: 1.00 | dt: 234.35ms | tok/sec: 2,237,214 | bf16_mfu: 46.97 | epoch: 1 pq: 4 rg: 24 | total time: 1.41m | eta: 17.1m
step 00368/04692 (7.84%) | loss: 3.309016 | lrm: 1.00 | dt: 236.07ms | tok/sec: 2,220,892 | bf16_mfu: 46.62 | epoch: 1 pq: 4 rg: 24 | total time: 1.42m | eta: 17.1m
step 00369/04692 (7.86%) | loss: 3.303129 | lrm: 1.00 | dt: 236.19ms | tok/sec: 2,219,726 | bf16_mfu: 46.60 | epoch: 1 pq: 4 rg: 32 | total time: 1.42m | eta: 17.1m
step 00370/04692 (7.89%) | loss: 3.310829 | lrm: 1.00 | dt: 235.65ms | tok/sec: 2,224,876 | bf16_mfu: 46.71 | epoch: 1 pq: 4 rg: 32 | total time: 1.42m | eta: 17.1m
step 00371/04692 (7.91%) | loss: 3.318384 | lrm: 1.00 | dt: 233.12ms | tok/sec: 2,248,970 | bf16_mfu: 47.21 | epoch: 1 pq: 4 rg: 32 | total time: 1.43m | eta: 17.1m
step 00372/04692 (7.93%) | loss: 3.313388 | lrm: 1.00 | dt: 233.97ms | tok/sec: 2,240,823 | bf16_mfu: 47.04 | epoch: 1 pq: 4 rg: 32 | total time: 1.43m | eta: 17.1m
step 00373/04692 (7.95%) | loss: 3.315247 | lrm: 1.00 | dt: 236.16ms | tok/sec: 2,220,091 | bf16_mfu: 46.61 | epoch: 1 pq: 4 rg: 32 | total time: 1.44m | eta: 17.1m
step 00374/04692 (7.97%) | loss: 3.314437 | lrm: 1.00 | dt: 237.32ms | tok/sec: 2,209,196 | bf16_mfu: 46.38 | epoch: 1 pq: 4 rg: 32 | total time: 1.44m | eta: 17.1m
step 00375/04692 (7.99%) | loss: 3.311306 | lrm: 1.00 | dt: 235.96ms | tok/sec: 2,221,971 | bf16_mfu: 46.65 | epoch: 1 pq: 4 rg: 32 | total time: 1.44m | eta: 17.1m
step 00376/04692 (8.01%) | loss: 3.306811 | lrm: 1.00 | dt: 235.21ms | tok/sec: 2,229,023 | bf16_mfu: 46.79 | epoch: 1 pq: 4 rg: 32 | total time: 1.45m | eta: 17.1m
step 00377/04692 (8.03%) | loss: 3.312208 | lrm: 1.00 | dt: 233.84ms | tok/sec: 2,242,091 | bf16_mfu: 47.07 | epoch: 1 pq: 4 rg: 40 | total time: 1.45m | eta: 17.1m
step 00378/04692 (8.06%) | loss: 3.318370 | lrm: 1.00 | dt: 233.60ms | tok/sec: 2,244,405 | bf16_mfu: 47.12 | epoch: 1 pq: 4 rg: 40 | total time: 1.46m | eta: 17.1m
step 00379/04692 (8.08%) | loss: 3.310827 | lrm: 1.00 | dt: 236.35ms | tok/sec: 2,218,266 | bf16_mfu: 46.57 | epoch: 1 pq: 4 rg: 40 | total time: 1.46m | eta: 17.1m
step 00380/04692 (8.10%) | loss: 3.310665 | lrm: 1.00 | dt: 236.28ms | tok/sec: 2,218,965 | bf16_mfu: 46.58 | epoch: 1 pq: 4 rg: 40 | total time: 1.46m | eta: 17.0m
step 00381/04692 (8.12%) | loss: 3.330095 | lrm: 1.00 | dt: 237.63ms | tok/sec: 2,206,297 | bf16_mfu: 46.32 | epoch: 1 pq: 4 rg: 40 | total time: 1.47m | eta: 17.0m
step 00382/04692 (8.14%) | loss: 3.315867 | lrm: 1.00 | dt: 235.26ms | tok/sec: 2,228,515 | bf16_mfu: 46.78 | epoch: 1 pq: 4 rg: 40 | total time: 1.47m | eta: 17.0m
step 00383/04692 (8.16%) | loss: 3.323340 | lrm: 1.00 | dt: 234.60ms | tok/sec: 2,234,829 | bf16_mfu: 46.92 | epoch: 1 pq: 4 rg: 40 | total time: 1.47m | eta: 17.0m
step 00384/04692 (8.18%) | loss: 3.314156 | lrm: 1.00 | dt: 233.85ms | tok/sec: 2,241,965 | bf16_mfu: 47.07 | epoch: 1 pq: 4 rg: 40 | total time: 1.48m | eta: 17.0m
step 00385/04692 (8.21%) | loss: 3.316709 | lrm: 1.00 | dt: 237.30ms | tok/sec: 2,209,378 | bf16_mfu: 46.38 | epoch: 1 pq: 4 rg: 48 | total time: 1.48m | eta: 17.0m
step 00386/04692 (8.23%) | loss: 3.315746 | lrm: 1.00 | dt: 235.89ms | tok/sec: 2,222,636 | bf16_mfu: 46.66 | epoch: 1 pq: 4 rg: 48 | total time: 1.49m | eta: 17.0m
step 00387/04692 (8.25%) | loss: 3.299801 | lrm: 1.00 | dt: 237.32ms | tok/sec: 2,209,216 | bf16_mfu: 46.38 | epoch: 1 pq: 4 rg: 48 | total time: 1.49m | eta: 17.0m
step 00388/04692 (8.27%) | loss: 3.304762 | lrm: 1.00 | dt: 234.37ms | tok/sec: 2,237,021 | bf16_mfu: 46.96 | epoch: 1 pq: 4 rg: 48 | total time: 1.49m | eta: 17.0m
step 00389/04692 (8.29%) | loss: 3.305898 | lrm: 1.00 | dt: 237.27ms | tok/sec: 2,209,653 | bf16_mfu: 46.39 | epoch: 1 pq: 4 rg: 48 | total time: 1.50m | eta: 17.0m
step 00390/04692 (8.31%) | loss: 3.302677 | lrm: 1.00 | dt: 232.94ms | tok/sec: 2,250,782 | bf16_mfu: 47.25 | epoch: 1 pq: 4 rg: 48 | total time: 1.50m | eta: 17.0m
step 00391/04692 (8.33%) | loss: 3.308679 | lrm: 1.00 | dt: 234.82ms | tok/sec: 2,232,755 | bf16_mfu: 46.87 | epoch: 1 pq: 4 rg: 48 | total time: 1.51m | eta: 17.0m
step 00392/04692 (8.35%) | loss: 3.312358 | lrm: 1.00 | dt: 237.56ms | tok/sec: 2,206,990 | bf16_mfu: 46.33 | epoch: 1 pq: 4 rg: 48 | total time: 1.51m | eta: 17.0m
step 00393/04692 (8.38%) | loss: 3.306492 | lrm: 1.00 | dt: 236.92ms | tok/sec: 2,212,913 | bf16_mfu: 46.46 | epoch: 1 pq: 4 rg: 48 | total time: 1.51m | eta: 17.0m
step 00394/04692 (8.40%) | loss: 3.308012 | lrm: 1.00 | dt: 235.88ms | tok/sec: 2,222,726 | bf16_mfu: 46.66 | epoch: 1 pq: 4 rg: 56 | total time: 1.52m | eta: 17.0m
step 00395/04692 (8.42%) | loss: 3.303955 | lrm: 1.00 | dt: 234.30ms | tok/sec: 2,237,645 | bf16_mfu: 46.97 | epoch: 1 pq: 4 rg: 56 | total time: 1.52m | eta: 17.0m
step 00396/04692 (8.44%) | loss: 3.306881 | lrm: 1.00 | dt: 234.59ms | tok/sec: 2,234,934 | bf16_mfu: 46.92 | epoch: 1 pq: 4 rg: 56 | total time: 1.53m | eta: 17.0m
step 00397/04692 (8.46%) | loss: 3.298125 | lrm: 1.00 | dt: 234.34ms | tok/sec: 2,237,308 | bf16_mfu: 46.97 | epoch: 1 pq: 4 rg: 56 | total time: 1.53m | eta: 17.0m
step 00398/04692 (8.48%) | loss: 3.304771 | lrm: 1.00 | dt: 238.16ms | tok/sec: 2,201,418 | bf16_mfu: 46.21 | epoch: 1 pq: 4 rg: 56 | total time: 1.53m | eta: 17.0m
step 00399/04692 (8.50%) | loss: 3.316723 | lrm: 1.00 | dt: 234.87ms | tok/sec: 2,232,248 | bf16_mfu: 46.86 | epoch: 1 pq: 4 rg: 56 | total time: 1.54m | eta: 17.0m
step 00400/04692 (8.53%) | loss: 3.323649 | lrm: 1.00 | dt: 234.49ms | tok/sec: 2,235,899 | bf16_mfu: 46.94 | epoch: 1 pq: 4 rg: 56 | total time: 1.54m | eta: 17.0m
step 00401/04692 (8.55%) | loss: 3.313387 | lrm: 1.00 | dt: 235.26ms | tok/sec: 2,228,535 | bf16_mfu: 46.78 | epoch: 1 pq: 4 rg: 56 | total time: 1.55m | eta: 17.0m
step 00402/04692 (8.57%) | loss: 3.306986 | lrm: 1.00 | dt: 235.32ms | tok/sec: 2,227,932 | bf16_mfu: 46.77 | epoch: 1 pq: 4 rg: 64 | total time: 1.55m | eta: 17.0m
step 00403/04692 (8.59%) | loss: 3.315473 | lrm: 1.00 | dt: 236.97ms | tok/sec: 2,212,448 | bf16_mfu: 46.45 | epoch: 1 pq: 4 rg: 64 | total time: 1.55m | eta: 17.0m
step 00404/04692 (8.61%) | loss: 3.310320 | lrm: 1.00 | dt: 237.96ms | tok/sec: 2,203,218 | bf16_mfu: 46.25 | epoch: 1 pq: 4 rg: 64 | total time: 1.56m | eta: 16.9m
step 00405/04692 (8.63%) | loss: 3.303710 | lrm: 1.00 | dt: 236.09ms | tok/sec: 2,220,686 | bf16_mfu: 46.62 | epoch: 1 pq: 4 rg: 64 | total time: 1.56m | eta: 16.9m
step 00406/04692 (8.65%) | loss: 3.300367 | lrm: 1.00 | dt: 233.56ms | tok/sec: 2,244,771 | bf16_mfu: 47.12 | epoch: 1 pq: 4 rg: 64 | total time: 1.57m | eta: 16.9m
step 00407/04692 (8.67%) | loss: 3.302904 | lrm: 1.00 | dt: 234.64ms | tok/sec: 2,234,477 | bf16_mfu: 46.91 | epoch: 1 pq: 4 rg: 64 | total time: 1.57m | eta: 16.9m
step 00408/04692 (8.70%) | loss: 3.307171 | lrm: 1.00 | dt: 235.37ms | tok/sec: 2,227,486 | bf16_mfu: 46.76 | epoch: 1 pq: 4 rg: 64 | total time: 1.57m | eta: 16.9m
step 00409/04692 (8.72%) | loss: 3.288967 | lrm: 1.00 | dt: 237.35ms | tok/sec: 2,208,885 | bf16_mfu: 46.37 | epoch: 1 pq: 4 rg: 64 | total time: 1.58m | eta: 16.9m
step 00410/04692 (8.74%) | loss: 3.288430 | lrm: 1.00 | dt: 235.38ms | tok/sec: 2,227,443 | bf16_mfu: 46.76 | epoch: 1 pq: 4 rg: 72 | total time: 1.58m | eta: 16.9m
step 00411/04692 (8.76%) | loss: 3.284518 | lrm: 1.00 | dt: 235.02ms | tok/sec: 2,230,814 | bf16_mfu: 46.83 | epoch: 1 pq: 4 rg: 72 | total time: 1.58m | eta: 16.9m
step 00412/04692 (8.78%) | loss: 3.283342 | lrm: 1.00 | dt: 235.72ms | tok/sec: 2,224,180 | bf16_mfu: 46.69 | epoch: 1 pq: 4 rg: 72 | total time: 1.59m | eta: 16.9m
step 00413/04692 (8.80%) | loss: 3.277276 | lrm: 1.00 | dt: 235.23ms | tok/sec: 2,228,788 | bf16_mfu: 46.79 | epoch: 1 pq: 4 rg: 72 | total time: 1.59m | eta: 16.9m
step 00414/04692 (8.82%) | loss: 3.257273 | lrm: 1.00 | dt: 233.99ms | tok/sec: 2,240,659 | bf16_mfu: 47.04 | epoch: 1 pq: 4 rg: 72 | total time: 1.60m | eta: 16.9m
step 00415/04692 (8.84%) | loss: 3.252693 | lrm: 1.00 | dt: 236.95ms | tok/sec: 2,212,657 | bf16_mfu: 46.45 | epoch: 1 pq: 4 rg: 72 | total time: 1.60m | eta: 16.9m
step 00416/04692 (8.87%) | loss: 3.250303 | lrm: 1.00 | dt: 235.95ms | tok/sec: 2,222,066 | bf16_mfu: 46.65 | epoch: 1 pq: 4 rg: 72 | total time: 1.60m | eta: 16.9m
step 00417/04692 (8.89%) | loss: 3.256781 | lrm: 1.00 | dt: 235.89ms | tok/sec: 2,222,557 | bf16_mfu: 46.66 | epoch: 1 pq: 4 rg: 72 | total time: 1.61m | eta: 16.9m
step 00418/04692 (8.91%) | loss: 3.258418 | lrm: 1.00 | dt: 234.93ms | tok/sec: 2,231,720 | bf16_mfu: 46.85 | epoch: 1 pq: 4 rg: 72 | total time: 1.61m | eta: 16.9m
step 00419/04692 (8.93%) | loss: 3.269875 | lrm: 1.00 | dt: 234.68ms | tok/sec: 2,234,046 | bf16_mfu: 46.90 | epoch: 1 pq: 4 rg: 80 | total time: 1.62m | eta: 16.9m
step 00420/04692 (8.95%) | loss: 3.269232 | lrm: 1.00 | dt: 235.20ms | tok/sec: 2,229,156 | bf16_mfu: 46.80 | epoch: 1 pq: 4 rg: 80 | total time: 1.62m | eta: 16.9m
step 00421/04692 (8.97%) | loss: 3.270797 | lrm: 1.00 | dt: 236.98ms | tok/sec: 2,212,394 | bf16_mfu: 46.44 | epoch: 1 pq: 4 rg: 80 | total time: 1.62m | eta: 16.9m
step 00422/04692 (8.99%) | loss: 3.266199 | lrm: 1.00 | dt: 235.29ms | tok/sec: 2,228,235 | bf16_mfu: 46.78 | epoch: 1 pq: 4 rg: 80 | total time: 1.63m | eta: 16.9m
step 00423/04692 (9.02%) | loss: 3.261801 | lrm: 1.00 | dt: 235.39ms | tok/sec: 2,227,285 | bf16_mfu: 46.76 | epoch: 1 pq: 4 rg: 80 | total time: 1.63m | eta: 16.9m
step 00424/04692 (9.04%) | loss: 3.259823 | lrm: 1.00 | dt: 237.46ms | tok/sec: 2,207,927 | bf16_mfu: 46.35 | epoch: 1 pq: 4 rg: 80 | total time: 1.64m | eta: 16.9m
step 00425/04692 (9.06%) | loss: 3.257345 | lrm: 1.00 | dt: 234.95ms | tok/sec: 2,231,493 | bf16_mfu: 46.85 | epoch: 1 pq: 4 rg: 80 | total time: 1.64m | eta: 16.9m
step 00426/04692 (9.08%) | loss: 3.252013 | lrm: 1.00 | dt: 233.74ms | tok/sec: 2,243,065 | bf16_mfu: 47.09 | epoch: 1 pq: 4 rg: 80 | total time: 1.64m | eta: 16.9m
step 00427/04692 (9.10%) | loss: 3.255502 | lrm: 1.00 | dt: 235.99ms | tok/sec: 2,221,670 | bf16_mfu: 46.64 | epoch: 1 pq: 5 rg: 0 | total time: 1.65m | eta: 16.9m
step 00428/04692 (9.12%) | loss: 3.274177 | lrm: 1.00 | dt: 236.11ms | tok/sec: 2,220,542 | bf16_mfu: 46.62 | epoch: 1 pq: 5 rg: 0 | total time: 1.65m | eta: 16.8m
step 00429/04692 (9.14%) | loss: 3.274415 | lrm: 1.00 | dt: 235.46ms | tok/sec: 2,226,662 | bf16_mfu: 46.74 | epoch: 1 pq: 5 rg: 0 | total time: 1.66m | eta: 16.8m
step 00430/04692 (9.16%) | loss: 3.258541 | lrm: 1.00 | dt: 232.41ms | tok/sec: 2,255,859 | bf16_mfu: 47.36 | epoch: 1 pq: 5 rg: 0 | total time: 1.66m | eta: 16.8m
step 00431/04692 (9.19%) | loss: 3.266404 | lrm: 1.00 | dt: 236.21ms | tok/sec: 2,219,547 | bf16_mfu: 46.59 | epoch: 1 pq: 5 rg: 0 | total time: 1.66m | eta: 16.8m
step 00432/04692 (9.21%) | loss: 3.268069 | lrm: 1.00 | dt: 236.46ms | tok/sec: 2,217,202 | bf16_mfu: 46.55 | epoch: 1 pq: 5 rg: 0 | total time: 1.67m | eta: 16.8m
step 00433/04692 (9.23%) | loss: 3.266142 | lrm: 1.00 | dt: 235.99ms | tok/sec: 2,221,659 | bf16_mfu: 46.64 | epoch: 1 pq: 5 rg: 0 | total time: 1.67m | eta: 16.8m
step 00434/04692 (9.25%) | loss: 3.267652 | lrm: 1.00 | dt: 235.43ms | tok/sec: 2,226,922 | bf16_mfu: 46.75 | epoch: 1 pq: 5 rg: 0 | total time: 1.68m | eta: 16.8m
step 00435/04692 (9.27%) | loss: 3.263663 | lrm: 1.00 | dt: 234.14ms | tok/sec: 2,239,203 | bf16_mfu: 47.01 | epoch: 1 pq: 5 rg: 8 | total time: 1.68m | eta: 16.8m
step 00436/04692 (9.29%) | loss: 3.259249 | lrm: 1.00 | dt: 233.98ms | tok/sec: 2,240,780 | bf16_mfu: 47.04 | epoch: 1 pq: 5 rg: 8 | total time: 1.68m | eta: 16.8m
step 00437/04692 (9.31%) | loss: 3.255207 | lrm: 1.00 | dt: 237.25ms | tok/sec: 2,209,880 | bf16_mfu: 46.39 | epoch: 1 pq: 5 rg: 8 | total time: 1.69m | eta: 16.8m
step 00438/04692 (9.34%) | loss: 3.262832 | lrm: 1.00 | dt: 237.93ms | tok/sec: 2,203,544 | bf16_mfu: 46.26 | epoch: 1 pq: 5 rg: 8 | total time: 1.69m | eta: 16.8m
step 00439/04692 (9.36%) | loss: 3.250892 | lrm: 1.00 | dt: 237.72ms | tok/sec: 2,205,525 | bf16_mfu: 46.30 | epoch: 1 pq: 5 rg: 8 | total time: 1.69m | eta: 16.8m
step 00440/04692 (9.38%) | loss: 3.242029 | lrm: 1.00 | dt: 234.89ms | tok/sec: 2,232,100 | bf16_mfu: 46.86 | epoch: 1 pq: 5 rg: 8 | total time: 1.70m | eta: 16.8m
step 00441/04692 (9.40%) | loss: 3.234676 | lrm: 1.00 | dt: 236.00ms | tok/sec: 2,221,572 | bf16_mfu: 46.64 | epoch: 1 pq: 5 rg: 8 | total time: 1.70m | eta: 16.8m
step 00442/04692 (9.42%) | loss: 3.245422 | lrm: 1.00 | dt: 234.35ms | tok/sec: 2,237,155 | bf16_mfu: 46.96 | epoch: 1 pq: 5 rg: 8 | total time: 1.71m | eta: 16.8m
step 00443/04692 (9.44%) | loss: 3.240269 | lrm: 1.00 | dt: 235.36ms | tok/sec: 2,227,576 | bf16_mfu: 46.76 | epoch: 1 pq: 5 rg: 8 | total time: 1.71m | eta: 16.8m
step 00444/04692 (9.46%) | loss: 3.257752 | lrm: 1.00 | dt: 235.61ms | tok/sec: 2,225,234 | bf16_mfu: 46.71 | epoch: 1 pq: 5 rg: 16 | total time: 1.71m | eta: 16.8m
step 00445/04692 (9.48%) | loss: 3.257984 | lrm: 1.00 | dt: 236.02ms | tok/sec: 2,221,329 | bf16_mfu: 46.63 | epoch: 1 pq: 5 rg: 16 | total time: 1.72m | eta: 16.8m
step 00446/04692 (9.51%) | loss: 3.256163 | lrm: 1.00 | dt: 235.70ms | tok/sec: 2,224,383 | bf16_mfu: 46.70 | epoch: 1 pq: 5 rg: 16 | total time: 1.72m | eta: 16.8m
step 00447/04692 (9.53%) | loss: 3.259193 | lrm: 1.00 | dt: 235.55ms | tok/sec: 2,225,819 | bf16_mfu: 46.73 | epoch: 1 pq: 5 rg: 16 | total time: 1.73m | eta: 16.8m
step 00448/04692 (9.55%) | loss: 3.252436 | lrm: 1.00 | dt: 233.58ms | tok/sec: 2,244,581 | bf16_mfu: 47.12 | epoch: 1 pq: 5 rg: 16 | total time: 1.73m | eta: 16.8m
step 00449/04692 (9.57%) | loss: 3.249434 | lrm: 1.00 | dt: 236.04ms | tok/sec: 2,221,201 | bf16_mfu: 46.63 | epoch: 1 pq: 5 rg: 16 | total time: 1.73m | eta: 16.8m
step 00450/04692 (9.59%) | loss: 3.252955 | lrm: 1.00 | dt: 237.97ms | tok/sec: 2,203,180 | bf16_mfu: 46.25 | epoch: 1 pq: 5 rg: 16 | total time: 1.74m | eta: 16.8m
step 00451/04692 (9.61%) | loss: 3.246970 | lrm: 1.00 | dt: 237.77ms | tok/sec: 2,204,994 | bf16_mfu: 46.29 | epoch: 1 pq: 5 rg: 16 | total time: 1.74m | eta: 16.8m
step 00452/04692 (9.63%) | loss: 3.246297 | lrm: 1.00 | dt: 233.57ms | tok/sec: 2,244,691 | bf16_mfu: 47.12 | epoch: 1 pq: 5 rg: 24 | total time: 1.75m | eta: 16.7m
step 00453/04692 (9.65%) | loss: 3.243786 | lrm: 1.00 | dt: 235.19ms | tok/sec: 2,229,163 | bf16_mfu: 46.80 | epoch: 1 pq: 5 rg: 24 | total time: 1.75m | eta: 16.7m
step 00454/04692 (9.68%) | loss: 3.252636 | lrm: 1.00 | dt: 234.82ms | tok/sec: 2,232,742 | bf16_mfu: 46.87 | epoch: 1 pq: 5 rg: 24 | total time: 1.75m | eta: 16.7m
step 00455/04692 (9.70%) | loss: 3.256258 | lrm: 1.00 | dt: 235.81ms | tok/sec: 2,223,315 | bf16_mfu: 46.67 | epoch: 1 pq: 5 rg: 24 | total time: 1.76m | eta: 16.7m
step 00456/04692 (9.72%) | loss: 3.259278 | lrm: 1.00 | dt: 235.72ms | tok/sec: 2,224,212 | bf16_mfu: 46.69 | epoch: 1 pq: 5 rg: 24 | total time: 1.76m | eta: 16.7m
step 00457/04692 (9.74%) | loss: 3.250566 | lrm: 1.00 | dt: 236.56ms | tok/sec: 2,216,292 | bf16_mfu: 46.53 | epoch: 1 pq: 5 rg: 24 | total time: 1.77m | eta: 16.7m
step 00458/04692 (9.76%) | loss: 3.247514 | lrm: 1.00 | dt: 234.69ms | tok/sec: 2,233,939 | bf16_mfu: 46.90 | epoch: 1 pq: 5 rg: 24 | total time: 1.77m | eta: 16.7m
step 00459/04692 (9.78%) | loss: 3.257179 | lrm: 1.00 | dt: 233.80ms | tok/sec: 2,242,434 | bf16_mfu: 47.08 | epoch: 1 pq: 5 rg: 24 | total time: 1.77m | eta: 16.7m
step 00460/04692 (9.80%) | loss: 3.252809 | lrm: 1.00 | dt: 235.66ms | tok/sec: 2,224,797 | bf16_mfu: 46.70 | epoch: 1 pq: 5 rg: 24 | total time: 1.78m | eta: 16.7m
step 00461/04692 (9.83%) | loss: 3.243340 | lrm: 1.00 | dt: 235.05ms | tok/sec: 2,230,576 | bf16_mfu: 46.83 | epoch: 1 pq: 5 rg: 32 | total time: 1.78m | eta: 16.7m
step 00462/04692 (9.85%) | loss: 3.251200 | lrm: 1.00 | dt: 236.73ms | tok/sec: 2,214,754 | bf16_mfu: 46.49 | epoch: 1 pq: 5 rg: 32 | total time: 1.78m | eta: 16.7m
step 00463/04692 (9.87%) | loss: 3.239912 | lrm: 1.00 | dt: 234.24ms | tok/sec: 2,238,264 | bf16_mfu: 46.99 | epoch: 1 pq: 5 rg: 32 | total time: 1.79m | eta: 16.7m
step 00464/04692 (9.89%) | loss: 3.240309 | lrm: 1.00 | dt: 234.48ms | tok/sec: 2,235,988 | bf16_mfu: 46.94 | epoch: 1 pq: 5 rg: 32 | total time: 1.79m | eta: 16.7m
step 00465/04692 (9.91%) | loss: 3.233483 | lrm: 1.00 | dt: 235.37ms | tok/sec: 2,227,468 | bf16_mfu: 46.76 | epoch: 1 pq: 5 rg: 32 | total time: 1.80m | eta: 16.7m
step 00466/04692 (9.93%) | loss: 3.240759 | lrm: 1.00 | dt: 235.41ms | tok/sec: 2,227,145 | bf16_mfu: 46.75 | epoch: 1 pq: 5 rg: 32 | total time: 1.80m | eta: 16.7m
step 00467/04692 (9.95%) | loss: 3.243032 | lrm: 1.00 | dt: 236.58ms | tok/sec: 2,216,134 | bf16_mfu: 46.52 | epoch: 1 pq: 5 rg: 32 | total time: 1.80m | eta: 16.7m
step 00468/04692 (9.97%) | loss: 3.249655 | lrm: 1.00 | dt: 237.56ms | tok/sec: 2,206,986 | bf16_mfu: 46.33 | epoch: 1 pq: 5 rg: 32 | total time: 1.81m | eta: 16.7m
step 00469/04692 (10.00%) | loss: 3.246899 | lrm: 1.00 | dt: 236.45ms | tok/sec: 2,217,336 | bf16_mfu: 46.55 | epoch: 1 pq: 5 rg: 40 | total time: 1.81m | eta: 16.7m
step 00470/04692 (10.02%) | loss: 3.252941 | lrm: 1.00 | dt: 234.48ms | tok/sec: 2,235,943 | bf16_mfu: 46.94 | epoch: 1 pq: 5 rg: 40 | total time: 1.82m | eta: 16.7m
step 00471/04692 (10.04%) | loss: 3.229581 | lrm: 1.00 | dt: 233.51ms | tok/sec: 2,245,220 | bf16_mfu: 47.13 | epoch: 1 pq: 5 rg: 40 | total time: 1.82m | eta: 16.7m
step 00472/04692 (10.06%) | loss: 3.241504 | lrm: 1.00 | dt: 233.69ms | tok/sec: 2,243,514 | bf16_mfu: 47.10 | epoch: 1 pq: 5 rg: 40 | total time: 1.82m | eta: 16.7m
step 00473/04692 (10.08%) | loss: 3.243215 | lrm: 1.00 | dt: 238.66ms | tok/sec: 2,196,775 | bf16_mfu: 46.12 | epoch: 1 pq: 5 rg: 40 | total time: 1.83m | eta: 16.7m
step 00474/04692 (10.10%) | loss: 3.239334 | lrm: 1.00 | dt: 235.99ms | tok/sec: 2,221,677 | bf16_mfu: 46.64 | epoch: 1 pq: 5 rg: 40 | total time: 1.83m | eta: 16.7m
step 00475/04692 (10.12%) | loss: 3.235634 | lrm: 1.00 | dt: 235.00ms | tok/sec: 2,231,049 | bf16_mfu: 46.84 | epoch: 1 pq: 5 rg: 40 | total time: 1.84m | eta: 16.7m
step 00476/04692 (10.14%) | loss: 3.233456 | lrm: 1.00 | dt: 237.45ms | tok/sec: 2,208,027 | bf16_mfu: 46.35 | epoch: 1 pq: 5 rg: 40 | total time: 1.84m | eta: 16.6m
step 00477/04692 (10.17%) | loss: 3.240557 | lrm: 1.00 | dt: 234.92ms | tok/sec: 2,231,819 | bf16_mfu: 46.85 | epoch: 1 pq: 5 rg: 48 | total time: 1.84m | eta: 16.6m
step 00478/04692 (10.19%) | loss: 3.232681 | lrm: 1.00 | dt: 234.39ms | tok/sec: 2,236,823 | bf16_mfu: 46.96 | epoch: 1 pq: 5 rg: 48 | total time: 1.85m | eta: 16.6m
step 00479/04692 (10.21%) | loss: 3.224752 | lrm: 1.00 | dt: 236.66ms | tok/sec: 2,215,319 | bf16_mfu: 46.51 | epoch: 1 pq: 5 rg: 48 | total time: 1.85m | eta: 16.6m
step 00480/04692 (10.23%) | loss: 3.233102 | lrm: 1.00 | dt: 234.86ms | tok/sec: 2,232,343 | bf16_mfu: 46.86 | epoch: 1 pq: 5 rg: 48 | total time: 1.86m | eta: 16.6m
step 00481/04692 (10.25%) | loss: 3.226110 | lrm: 1.00 | dt: 234.70ms | tok/sec: 2,233,858 | bf16_mfu: 46.90 | epoch: 1 pq: 5 rg: 48 | total time: 1.86m | eta: 16.6m
step 00482/04692 (10.27%) | loss: 3.222451 | lrm: 1.00 | dt: 233.09ms | tok/sec: 2,249,338 | bf16_mfu: 47.22 | epoch: 1 pq: 5 rg: 48 | total time: 1.86m | eta: 16.6m
step 00483/04692 (10.29%) | loss: 3.225250 | lrm: 1.00 | dt: 235.02ms | tok/sec: 2,230,801 | bf16_mfu: 46.83 | epoch: 1 pq: 5 rg: 48 | total time: 1.87m | eta: 16.6m
step 00484/04692 (10.32%) | loss: 3.221612 | lrm: 1.00 | dt: 237.12ms | tok/sec: 2,211,086 | bf16_mfu: 46.42 | epoch: 1 pq: 5 rg: 48 | total time: 1.87m | eta: 16.6m
step 00485/04692 (10.34%) | loss: 3.211786 | lrm: 1.00 | dt: 235.68ms | tok/sec: 2,224,563 | bf16_mfu: 46.70 | epoch: 1 pq: 5 rg: 56 | total time: 1.88m | eta: 16.6m
step 00486/04692 (10.36%) | loss: 3.217075 | lrm: 1.00 | dt: 233.29ms | tok/sec: 2,247,377 | bf16_mfu: 47.18 | epoch: 1 pq: 5 rg: 56 | total time: 1.88m | eta: 16.6m
step 00487/04692 (10.38%) | loss: 3.216964 | lrm: 1.00 | dt: 233.60ms | tok/sec: 2,244,418 | bf16_mfu: 47.12 | epoch: 1 pq: 5 rg: 56 | total time: 1.88m | eta: 16.6m
step 00488/04692 (10.40%) | loss: 3.226465 | lrm: 1.00 | dt: 236.31ms | tok/sec: 2,218,653 | bf16_mfu: 46.58 | epoch: 1 pq: 5 rg: 56 | total time: 1.89m | eta: 16.6m
step 00489/04692 (10.42%) | loss: 3.214562 | lrm: 1.00 | dt: 235.95ms | tok/sec: 2,222,054 | bf16_mfu: 46.65 | epoch: 1 pq: 5 rg: 56 | total time: 1.89m | eta: 16.6m
step 00490/04692 (10.44%) | loss: 3.205622 | lrm: 1.00 | dt: 233.72ms | tok/sec: 2,243,274 | bf16_mfu: 47.09 | epoch: 1 pq: 5 rg: 56 | total time: 1.89m | eta: 16.6m
step 00491/04692 (10.46%) | loss: 3.209227 | lrm: 1.00 | dt: 236.41ms | tok/sec: 2,217,680 | bf16_mfu: 46.56 | epoch: 1 pq: 5 rg: 56 | total time: 1.90m | eta: 16.6m
step 00492/04692 (10.49%) | loss: 3.202927 | lrm: 1.00 | dt: 233.44ms | tok/sec: 2,245,890 | bf16_mfu: 47.15 | epoch: 1 pq: 5 rg: 56 | total time: 1.90m | eta: 16.6m
step 00493/04692 (10.51%) | loss: 3.201816 | lrm: 1.00 | dt: 235.99ms | tok/sec: 2,221,695 | bf16_mfu: 46.64 | epoch: 1 pq: 5 rg: 56 | total time: 1.91m | eta: 16.6m
step 00494/04692 (10.53%) | loss: 3.195583 | lrm: 1.00 | dt: 238.19ms | tok/sec: 2,201,136 | bf16_mfu: 46.21 | epoch: 1 pq: 5 rg: 64 | total time: 1.91m | eta: 16.6m
step 00495/04692 (10.55%) | loss: 3.203297 | lrm: 1.00 | dt: 236.21ms | tok/sec: 2,219,621 | bf16_mfu: 46.60 | epoch: 1 pq: 5 rg: 64 | total time: 1.91m | eta: 16.6m
step 00496/04692 (10.57%) | loss: 3.202601 | lrm: 1.00 | dt: 235.20ms | tok/sec: 2,229,118 | bf16_mfu: 46.80 | epoch: 1 pq: 5 rg: 64 | total time: 1.92m | eta: 16.6m
step 00497/04692 (10.59%) | loss: 3.203034 | lrm: 1.00 | dt: 235.36ms | tok/sec: 2,227,616 | bf16_mfu: 46.76 | epoch: 1 pq: 5 rg: 64 | total time: 1.92m | eta: 16.6m
step 00498/04692 (10.61%) | loss: 3.189428 | lrm: 1.00 | dt: 233.52ms | tok/sec: 2,245,131 | bf16_mfu: 47.13 | epoch: 1 pq: 5 rg: 64 | total time: 1.93m | eta: 16.6m
step 00499/04692 (10.64%) | loss: 3.185337 | lrm: 1.00 | dt: 234.51ms | tok/sec: 2,235,670 | bf16_mfu: 46.93 | epoch: 1 pq: 5 rg: 64 | total time: 1.93m | eta: 16.5m
Step 00500 | Validation bpb: 0.974663
2026-03-06 21:07:37,674 - nanochat.checkpoint_manager - [32m[1mINFO[0m - Saved optimizer state to: /data/.cache/nanochat/base_checkpoints/part3/d16_baseline/optim_000500_rank5.pt
2026-03-06 21:07:37,694 - nanochat.checkpoint_manager - [32m[1mINFO[0m - Saved optimizer state to: /data/.cache/nanochat/base_checkpoints/part3/d16_baseline/optim_000500_rank4.pt
2026-03-06 21:07:37,695 - nanochat.checkpoint_manager - [32m[1mINFO[0m - Saved optimizer state to: /data/.cache/nanochat/base_checkpoints/part3/d16_baseline/optim_000500_rank2.pt
2026-03-06 21:07:37,698 - nanochat.checkpoint_manager - [32m[1mINFO[0m - Saved optimizer state to: /data/.cache/nanochat/base_checkpoints/part3/d16_baseline/optim_000500_rank7.pt
2026-03-06 21:07:37,700 - nanochat.checkpoint_manager - [32m[1mINFO[0m - Saved optimizer state to: /data/.cache/nanochat/base_checkpoints/part3/d16_baseline/optim_000500_rank6.pt
2026-03-06 21:07:37,702 - nanochat.checkpoint_manager - [32m[1mINFO[0m - Saved optimizer state to: /data/.cache/nanochat/base_checkpoints/part3/d16_baseline/optim_000500_rank1.pt
2026-03-06 21:07:37,706 - nanochat.checkpoint_manager - [32m[1mINFO[0m - Saved optimizer state to: /data/.cache/nanochat/base_checkpoints/part3/d16_baseline/optim_000500_rank3.pt
2026-03-06 21:07:40,892 - nanochat.checkpoint_manager - [32m[1mINFO[0m - Saved model parameters to: /data/.cache/nanochat/base_checkpoints/part3/d16_baseline/model_000500.pt
2026-03-06 21:07:40,895 - nanochat.checkpoint_manager - [32m[1mINFO[0m - Saved metadata to: /data/.cache/nanochat/base_checkpoints/part3/d16_baseline/meta_000500.json
2026-03-06 21:07:41,434 - nanochat.checkpoint_manager - [32m[1mINFO[0m - Saved optimizer state to: /data/.cache/nanochat/base_checkpoints/part3/d16_baseline/optim_000500_rank0.pt
step 00500/04692 (10.66%) | loss: 3.180870 | lrm: 1.00 | dt: 223.98ms | tok/sec: 2,340,813 | bf16_mfu: 49.14 | epoch: 1 pq: 5 rg: 64 | total time: 1.93m | eta: 16.5m
step 00501/04692 (10.68%) | loss: 3.180943 | lrm: 1.00 | dt: 228.94ms | tok/sec: 2,290,074 | bf16_mfu: 48.08 | epoch: 1 pq: 5 rg: 64 | total time: 1.94m | eta: 16.5m
step 00502/04692 (10.70%) | loss: 3.172131 | lrm: 1.00 | dt: 228.84ms | tok/sec: 2,291,116 | bf16_mfu: 48.10 | epoch: 1 pq: 5 rg: 72 | total time: 1.94m | eta: 16.5m
step 00503/04692 (10.72%) | loss: 3.159628 | lrm: 1.00 | dt: 239.83ms | tok/sec: 2,186,049 | bf16_mfu: 45.89 | epoch: 1 pq: 5 rg: 72 | total time: 1.95m | eta: 16.5m
step 00504/04692 (10.74%) | loss: 3.160184 | lrm: 1.00 | dt: 239.04ms | tok/sec: 2,193,272 | bf16_mfu: 46.04 | epoch: 1 pq: 5 rg: 72 | total time: 1.95m | eta: 16.5m
step 00505/04692 (10.76%) | loss: 3.158773 | lrm: 1.00 | dt: 234.22ms | tok/sec: 2,238,423 | bf16_mfu: 46.99 | epoch: 1 pq: 5 rg: 72 | total time: 1.95m | eta: 16.5m
step 00506/04692 (10.78%) | loss: 3.167514 | lrm: 1.00 | dt: 230.65ms | tok/sec: 2,273,075 | bf16_mfu: 47.72 | epoch: 1 pq: 5 rg: 72 | total time: 1.96m | eta: 16.5m
step 00507/04692 (10.81%) | loss: 3.181196 | lrm: 1.00 | dt: 234.39ms | tok/sec: 2,236,798 | bf16_mfu: 46.96 | epoch: 1 pq: 5 rg: 72 | total time: 1.96m | eta: 16.5m
step 00508/04692 (10.83%) | loss: 3.178298 | lrm: 1.00 | dt: 239.30ms | tok/sec: 2,190,958 | bf16_mfu: 45.99 | epoch: 1 pq: 5 rg: 72 | total time: 1.97m | eta: 16.5m
step 00509/04692 (10.85%) | loss: 3.188986 | lrm: 1.00 | dt: 233.93ms | tok/sec: 2,241,227 | bf16_mfu: 47.05 | epoch: 1 pq: 5 rg: 72 | total time: 1.97m | eta: 16.5m
step 00510/04692 (10.87%) | loss: 3.179320 | lrm: 1.00 | dt: 230.66ms | tok/sec: 2,272,976 | bf16_mfu: 47.72 | epoch: 1 pq: 5 rg: 72 | total time: 1.97m | eta: 16.5m
step 00511/04692 (10.89%) | loss: 3.161680 | lrm: 1.00 | dt: 234.40ms | tok/sec: 2,236,741 | bf16_mfu: 46.96 | epoch: 1 pq: 5 rg: 80 | total time: 1.98m | eta: 16.5m
step 00512/04692 (10.91%) | loss: 3.167923 | lrm: 1.00 | dt: 238.90ms | tok/sec: 2,194,596 | bf16_mfu: 46.07 | epoch: 1 pq: 5 rg: 80 | total time: 1.98m | eta: 16.5m
step 00513/04692 (10.93%) | loss: 3.176987 | lrm: 1.00 | dt: 235.43ms | tok/sec: 2,226,910 | bf16_mfu: 46.75 | epoch: 1 pq: 5 rg: 80 | total time: 1.98m | eta: 16.5m
step 00514/04692 (10.95%) | loss: 3.179791 | lrm: 1.00 | dt: 232.11ms | tok/sec: 2,258,751 | bf16_mfu: 47.42 | epoch: 1 pq: 5 rg: 80 | total time: 1.99m | eta: 16.5m
step 00515/04692 (10.98%) | loss: 3.186217 | lrm: 1.00 | dt: 232.02ms | tok/sec: 2,259,682 | bf16_mfu: 47.44 | epoch: 1 pq: 5 rg: 80 | total time: 1.99m | eta: 16.5m
step 00516/04692 (11.00%) | loss: 3.202959 | lrm: 1.00 | dt: 238.17ms | tok/sec: 2,201,281 | bf16_mfu: 46.21 | epoch: 1 pq: 5 rg: 80 | total time: 2.00m | eta: 16.5m
step 00517/04692 (11.02%) | loss: 3.199251 | lrm: 1.00 | dt: 236.33ms | tok/sec: 2,218,421 | bf16_mfu: 46.57 | epoch: 1 pq: 5 rg: 80 | total time: 2.00m | eta: 16.5m
step 00518/04692 (11.04%) | loss: 3.201530 | lrm: 1.00 | dt: 235.04ms | tok/sec: 2,230,615 | bf16_mfu: 46.83 | epoch: 1 pq: 5 rg: 80 | total time: 2.00m | eta: 16.5m
step 00519/04692 (11.06%) | loss: 3.200366 | lrm: 1.00 | dt: 232.56ms | tok/sec: 2,254,425 | bf16_mfu: 47.33 | epoch: 1 pq: 6 rg: 0 | total time: 2.01m | eta: 16.5m
step 00520/04692 (11.08%) | loss: 3.209783 | lrm: 1.00 | dt: 234.25ms | tok/sec: 2,238,125 | bf16_mfu: 46.98 | epoch: 1 pq: 6 rg: 0 | total time: 2.01m | eta: 16.5m
step 00521/04692 (11.10%) | loss: 3.188992 | lrm: 1.00 | dt: 237.82ms | tok/sec: 2,204,576 | bf16_mfu: 46.28 | epoch: 1 pq: 6 rg: 0 | total time: 2.02m | eta: 16.5m
step 00522/04692 (11.13%) | loss: 3.203876 | lrm: 1.00 | dt: 234.98ms | tok/sec: 2,231,192 | bf16_mfu: 46.84 | epoch: 1 pq: 6 rg: 0 | total time: 2.02m | eta: 16.5m
step 00523/04692 (11.15%) | loss: 3.200610 | lrm: 1.00 | dt: 233.18ms | tok/sec: 2,248,407 | bf16_mfu: 47.20 | epoch: 1 pq: 6 rg: 0 | total time: 2.02m | eta: 16.4m
step 00524/04692 (11.17%) | loss: 3.211219 | lrm: 1.00 | dt: 232.88ms | tok/sec: 2,251,321 | bf16_mfu: 47.26 | epoch: 1 pq: 6 rg: 0 | total time: 2.03m | eta: 16.4m
step 00525/04692 (11.19%) | loss: 3.213269 | lrm: 1.00 | dt: 237.07ms | tok/sec: 2,211,496 | bf16_mfu: 46.43 | epoch: 1 pq: 6 rg: 0 | total time: 2.03m | eta: 16.4m
step 00526/04692 (11.21%) | loss: 3.206330 | lrm: 1.00 | dt: 236.84ms | tok/sec: 2,213,704 | bf16_mfu: 46.47 | epoch: 1 pq: 6 rg: 0 | total time: 2.04m | eta: 16.4m
step 00527/04692 (11.23%) | loss: 3.205374 | lrm: 1.00 | dt: 234.37ms | tok/sec: 2,236,998 | bf16_mfu: 46.96 | epoch: 1 pq: 6 rg: 8 | total time: 2.04m | eta: 16.4m
step 00528/04692 (11.25%) | loss: 3.190639 | lrm: 1.00 | dt: 234.16ms | tok/sec: 2,239,023 | bf16_mfu: 47.00 | epoch: 1 pq: 6 rg: 8 | total time: 2.04m | eta: 16.4m
step 00529/04692 (11.27%) | loss: 3.185719 | lrm: 1.00 | dt: 233.24ms | tok/sec: 2,247,805 | bf16_mfu: 47.19 | epoch: 1 pq: 6 rg: 8 | total time: 2.05m | eta: 16.4m
step 00530/04692 (11.30%) | loss: 3.179068 | lrm: 1.00 | dt: 235.69ms | tok/sec: 2,224,511 | bf16_mfu: 46.70 | epoch: 1 pq: 6 rg: 8 | total time: 2.05m | eta: 16.4m
step 00531/04692 (11.32%) | loss: 3.185911 | lrm: 1.00 | dt: 236.79ms | tok/sec: 2,214,168 | bf16_mfu: 46.48 | epoch: 1 pq: 6 rg: 8 | total time: 2.06m | eta: 16.4m
step 00532/04692 (11.34%) | loss: 3.189767 | lrm: 1.00 | dt: 234.36ms | tok/sec: 2,237,128 | bf16_mfu: 46.96 | epoch: 1 pq: 6 rg: 8 | total time: 2.06m | eta: 16.4m
step 00533/04692 (11.36%) | loss: 3.191595 | lrm: 1.00 | dt: 233.12ms | tok/sec: 2,249,018 | bf16_mfu: 47.21 | epoch: 1 pq: 6 rg: 8 | total time: 2.06m | eta: 16.4m
step 00534/04692 (11.38%) | loss: 3.200063 | lrm: 1.00 | dt: 234.59ms | tok/sec: 2,234,879 | bf16_mfu: 46.92 | epoch: 1 pq: 6 rg: 8 | total time: 2.07m | eta: 16.4m
step 00535/04692 (11.40%) | loss: 3.203086 | lrm: 1.00 | dt: 235.48ms | tok/sec: 2,226,450 | bf16_mfu: 46.74 | epoch: 1 pq: 6 rg: 16 | total time: 2.07m | eta: 16.4m
step 00536/04692 (11.42%) | loss: 3.206657 | lrm: 1.00 | dt: 235.76ms | tok/sec: 2,223,825 | bf16_mfu: 46.68 | epoch: 1 pq: 6 rg: 16 | total time: 2.07m | eta: 16.4m
step 00537/04692 (11.45%) | loss: 3.204377 | lrm: 1.00 | dt: 231.93ms | tok/sec: 2,260,548 | bf16_mfu: 47.46 | epoch: 1 pq: 6 rg: 16 | total time: 2.08m | eta: 16.4m
step 00538/04692 (11.47%) | loss: 3.206365 | lrm: 1.00 | dt: 233.17ms | tok/sec: 2,248,545 | bf16_mfu: 47.20 | epoch: 1 pq: 6 rg: 16 | total time: 2.08m | eta: 16.4m
step 00539/04692 (11.49%) | loss: 3.209050 | lrm: 1.00 | dt: 235.06ms | tok/sec: 2,230,418 | bf16_mfu: 46.82 | epoch: 1 pq: 6 rg: 16 | total time: 2.09m | eta: 16.4m
step 00540/04692 (11.51%) | loss: 3.201784 | lrm: 1.00 | dt: 235.94ms | tok/sec: 2,222,153 | bf16_mfu: 46.65 | epoch: 1 pq: 6 rg: 16 | total time: 2.09m | eta: 16.4m
step 00541/04692 (11.53%) | loss: 3.190147 | lrm: 1.00 | dt: 233.63ms | tok/sec: 2,244,127 | bf16_mfu: 47.11 | epoch: 1 pq: 6 rg: 16 | total time: 2.09m | eta: 16.4m
step 00542/04692 (11.55%) | loss: 3.184061 | lrm: 1.00 | dt: 233.71ms | tok/sec: 2,243,335 | bf16_mfu: 47.09 | epoch: 1 pq: 6 rg: 16 | total time: 2.10m | eta: 16.4m
step 00543/04692 (11.57%) | loss: 3.181325 | lrm: 1.00 | dt: 233.08ms | tok/sec: 2,249,400 | bf16_mfu: 47.22 | epoch: 1 pq: 6 rg: 16 | total time: 2.10m | eta: 16.4m
step 00544/04692 (11.59%) | loss: 3.172044 | lrm: 1.00 | dt: 237.91ms | tok/sec: 2,203,701 | bf16_mfu: 46.26 | epoch: 1 pq: 6 rg: 24 | total time: 2.11m | eta: 16.4m
step 00545/04692 (11.62%) | loss: 3.171324 | lrm: 1.00 | dt: 234.77ms | tok/sec: 2,233,161 | bf16_mfu: 46.88 | epoch: 1 pq: 6 rg: 24 | total time: 2.11m | eta: 16.4m
step 00546/04692 (11.64%) | loss: 3.177976 | lrm: 1.00 | dt: 233.80ms | tok/sec: 2,242,482 | bf16_mfu: 47.08 | epoch: 1 pq: 6 rg: 24 | total time: 2.11m | eta: 16.3m
step 00547/04692 (11.66%) | loss: 3.173343 | lrm: 1.00 | dt: 232.99ms | tok/sec: 2,250,231 | bf16_mfu: 47.24 | epoch: 1 pq: 6 rg: 24 | total time: 2.12m | eta: 16.3m
step 00548/04692 (11.68%) | loss: 3.174244 | lrm: 1.00 | dt: 234.82ms | tok/sec: 2,232,721 | bf16_mfu: 46.87 | epoch: 1 pq: 6 rg: 24 | total time: 2.12m | eta: 16.3m
step 00549/04692 (11.70%) | loss: 3.166455 | lrm: 1.00 | dt: 237.54ms | tok/sec: 2,207,194 | bf16_mfu: 46.34 | epoch: 1 pq: 6 rg: 24 | total time: 2.13m | eta: 16.3m
step 00550/04692 (11.72%) | loss: 3.163425 | lrm: 1.00 | dt: 235.28ms | tok/sec: 2,228,316 | bf16_mfu: 46.78 | epoch: 1 pq: 6 rg: 24 | total time: 2.13m | eta: 16.3m
step 00551/04692 (11.74%) | loss: 3.162063 | lrm: 1.00 | dt: 232.67ms | tok/sec: 2,253,358 | bf16_mfu: 47.30 | epoch: 1 pq: 6 rg: 24 | total time: 2.13m | eta: 16.3m
step 00552/04692 (11.76%) | loss: 3.158543 | lrm: 1.00 | dt: 234.50ms | tok/sec: 2,235,802 | bf16_mfu: 46.94 | epoch: 1 pq: 6 rg: 32 | total time: 2.14m | eta: 16.3m
step 00553/04692 (11.79%) | loss: 3.164897 | lrm: 1.00 | dt: 236.11ms | tok/sec: 2,220,486 | bf16_mfu: 46.61 | epoch: 1 pq: 6 rg: 32 | total time: 2.14m | eta: 16.3m
step 00554/04692 (11.81%) | loss: 3.141724 | lrm: 1.00 | dt: 236.82ms | tok/sec: 2,213,898 | bf16_mfu: 46.48 | epoch: 1 pq: 6 rg: 32 | total time: 2.15m | eta: 16.3m
step 00555/04692 (11.83%) | loss: 3.151138 | lrm: 1.00 | dt: 235.63ms | tok/sec: 2,225,004 | bf16_mfu: 46.71 | epoch: 1 pq: 6 rg: 32 | total time: 2.15m | eta: 16.3m
step 00556/04692 (11.85%) | loss: 3.149500 | lrm: 1.00 | dt: 233.32ms | tok/sec: 2,247,093 | bf16_mfu: 47.17 | epoch: 1 pq: 6 rg: 32 | total time: 2.15m | eta: 16.3m
step 00557/04692 (11.87%) | loss: 3.151825 | lrm: 1.00 | dt: 233.00ms | tok/sec: 2,250,169 | bf16_mfu: 47.24 | epoch: 1 pq: 6 rg: 32 | total time: 2.16m | eta: 16.3m
step 00558/04692 (11.89%) | loss: 3.149087 | lrm: 1.00 | dt: 234.52ms | tok/sec: 2,235,579 | bf16_mfu: 46.93 | epoch: 1 pq: 6 rg: 32 | total time: 2.16m | eta: 16.3m
step 00559/04692 (11.91%) | loss: 3.134908 | lrm: 1.00 | dt: 237.09ms | tok/sec: 2,211,378 | bf16_mfu: 46.42 | epoch: 1 pq: 6 rg: 32 | total time: 2.16m | eta: 16.3m
step 00560/04692 (11.94%) | loss: 3.139058 | lrm: 1.00 | dt: 235.69ms | tok/sec: 2,224,500 | bf16_mfu: 46.70 | epoch: 1 pq: 6 rg: 32 | total time: 2.17m | eta: 16.3m
step 00561/04692 (11.96%) | loss: 3.130531 | lrm: 1.00 | dt: 235.05ms | tok/sec: 2,230,518 | bf16_mfu: 46.83 | epoch: 1 pq: 6 rg: 40 | total time: 2.17m | eta: 16.3m
step 00562/04692 (11.98%) | loss: 3.137661 | lrm: 1.00 | dt: 235.52ms | tok/sec: 2,226,106 | bf16_mfu: 46.73 | epoch: 1 pq: 6 rg: 40 | total time: 2.18m | eta: 16.3m
step 00563/04692 (12.00%) | loss: 3.132045 | lrm: 1.00 | dt: 233.50ms | tok/sec: 2,245,319 | bf16_mfu: 47.14 | epoch: 1 pq: 6 rg: 40 | total time: 2.18m | eta: 16.3m
step 00564/04692 (12.02%) | loss: 3.142218 | lrm: 1.00 | dt: 235.56ms | tok/sec: 2,225,738 | bf16_mfu: 46.72 | epoch: 1 pq: 6 rg: 40 | total time: 2.18m | eta: 16.3m
step 00565/04692 (12.04%) | loss: 3.168329 | lrm: 1.00 | dt: 236.15ms | tok/sec: 2,220,143 | bf16_mfu: 46.61 | epoch: 1 pq: 6 rg: 40 | total time: 2.19m | eta: 16.3m
step 00566/04692 (12.06%) | loss: 3.166319 | lrm: 1.00 | dt: 236.54ms | tok/sec: 2,216,460 | bf16_mfu: 46.53 | epoch: 1 pq: 6 rg: 40 | total time: 2.19m | eta: 16.3m
step 00567/04692 (12.08%) | loss: 3.163259 | lrm: 1.00 | dt: 233.26ms | tok/sec: 2,247,621 | bf16_mfu: 47.18 | epoch: 1 pq: 6 rg: 40 | total time: 2.20m | eta: 16.3m
step 00568/04692 (12.11%) | loss: 3.166757 | lrm: 1.00 | dt: 233.70ms | tok/sec: 2,243,450 | bf16_mfu: 47.10 | epoch: 1 pq: 6 rg: 40 | total time: 2.20m | eta: 16.3m
step 00569/04692 (12.13%) | loss: 3.179451 | lrm: 1.00 | dt: 235.46ms | tok/sec: 2,226,619 | bf16_mfu: 46.74 | epoch: 1 pq: 6 rg: 48 | total time: 2.20m | eta: 16.3m
step 00570/04692 (12.15%) | loss: 3.172725 | lrm: 1.00 | dt: 236.43ms | tok/sec: 2,217,483 | bf16_mfu: 46.55 | epoch: 1 pq: 6 rg: 48 | total time: 2.21m | eta: 16.3m
step 00571/04692 (12.17%) | loss: 3.181454 | lrm: 1.00 | dt: 235.44ms | tok/sec: 2,226,816 | bf16_mfu: 46.75 | epoch: 1 pq: 6 rg: 48 | total time: 2.21m | eta: 16.2m
step 00572/04692 (12.19%) | loss: 3.181066 | lrm: 1.00 | dt: 232.77ms | tok/sec: 2,252,405 | bf16_mfu: 47.28 | epoch: 1 pq: 6 rg: 48 | total time: 2.22m | eta: 16.2m
step 00573/04692 (12.21%) | loss: 3.183175 | lrm: 1.00 | dt: 233.05ms | tok/sec: 2,249,706 | bf16_mfu: 47.23 | epoch: 1 pq: 6 rg: 48 | total time: 2.22m | eta: 16.2m
step 00574/04692 (12.23%) | loss: 3.183567 | lrm: 1.00 | dt: 235.65ms | tok/sec: 2,224,874 | bf16_mfu: 46.71 | epoch: 1 pq: 6 rg: 48 | total time: 2.22m | eta: 16.2m
step 00575/04692 (12.25%) | loss: 3.179326 | lrm: 1.00 | dt: 235.54ms | tok/sec: 2,225,919 | bf16_mfu: 46.73 | epoch: 1 pq: 6 rg: 48 | total time: 2.23m | eta: 16.2m
step 00576/04692 (12.28%) | loss: 3.182351 | lrm: 1.00 | dt: 234.79ms | tok/sec: 2,232,962 | bf16_mfu: 46.88 | epoch: 1 pq: 6 rg: 48 | total time: 2.23m | eta: 16.2m
step 00577/04692 (12.30%) | loss: 3.192845 | lrm: 1.00 | dt: 232.94ms | tok/sec: 2,250,775 | bf16_mfu: 47.25 | epoch: 1 pq: 6 rg: 56 | total time: 2.24m | eta: 16.2m
step 00578/04692 (12.32%) | loss: 3.193607 | lrm: 1.00 | dt: 234.39ms | tok/sec: 2,236,786 | bf16_mfu: 46.96 | epoch: 1 pq: 6 rg: 56 | total time: 2.24m | eta: 16.2m
step 00579/04692 (12.34%) | loss: 3.193916 | lrm: 1.00 | dt: 237.30ms | tok/sec: 2,209,418 | bf16_mfu: 46.38 | epoch: 1 pq: 6 rg: 56 | total time: 2.24m | eta: 16.2m
step 00580/04692 (12.36%) | loss: 3.190079 | lrm: 1.00 | dt: 235.67ms | tok/sec: 2,224,669 | bf16_mfu: 46.70 | epoch: 1 pq: 6 rg: 56 | total time: 2.25m | eta: 16.2m
step 00581/04692 (12.38%) | loss: 3.198316 | lrm: 1.00 | dt: 235.04ms | tok/sec: 2,230,676 | bf16_mfu: 46.83 | epoch: 1 pq: 6 rg: 56 | total time: 2.25m | eta: 16.2m
step 00582/04692 (12.40%) | loss: 3.181225 | lrm: 1.00 | dt: 233.01ms | tok/sec: 2,250,075 | bf16_mfu: 47.24 | epoch: 1 pq: 6 rg: 56 | total time: 2.25m | eta: 16.2m
step 00583/04692 (12.43%) | loss: 3.169061 | lrm: 1.00 | dt: 234.56ms | tok/sec: 2,235,211 | bf16_mfu: 46.92 | epoch: 1 pq: 6 rg: 56 | total time: 2.26m | eta: 16.2m
step 00584/04692 (12.45%) | loss: 3.166505 | lrm: 1.00 | dt: 234.33ms | tok/sec: 2,237,360 | bf16_mfu: 46.97 | epoch: 1 pq: 6 rg: 56 | total time: 2.26m | eta: 16.2m
step 00585/04692 (12.47%) | loss: 3.168961 | lrm: 1.00 | dt: 235.82ms | tok/sec: 2,223,256 | bf16_mfu: 46.67 | epoch: 1 pq: 6 rg: 64 | total time: 2.27m | eta: 16.2m
step 00586/04692 (12.49%) | loss: 3.162155 | lrm: 1.00 | dt: 233.41ms | tok/sec: 2,246,241 | bf16_mfu: 47.16 | epoch: 1 pq: 6 rg: 64 | total time: 2.27m | eta: 16.2m
step 00587/04692 (12.51%) | loss: 3.159237 | lrm: 1.00 | dt: 234.63ms | tok/sec: 2,234,486 | bf16_mfu: 46.91 | epoch: 1 pq: 6 rg: 64 | total time: 2.27m | eta: 16.2m
step 00588/04692 (12.53%) | loss: 3.165751 | lrm: 1.00 | dt: 232.99ms | tok/sec: 2,250,247 | bf16_mfu: 47.24 | epoch: 1 pq: 6 rg: 64 | total time: 2.28m | eta: 16.2m
step 00589/04692 (12.55%) | loss: 3.169211 | lrm: 1.00 | dt: 237.55ms | tok/sec: 2,207,041 | bf16_mfu: 46.33 | epoch: 1 pq: 6 rg: 64 | total time: 2.28m | eta: 16.2m
step 00590/04692 (12.57%) | loss: 3.156023 | lrm: 1.00 | dt: 235.52ms | tok/sec: 2,226,067 | bf16_mfu: 46.73 | epoch: 1 pq: 6 rg: 64 | total time: 2.29m | eta: 16.2m
step 00591/04692 (12.60%) | loss: 3.162401 | lrm: 1.00 | dt: 234.75ms | tok/sec: 2,233,383 | bf16_mfu: 46.89 | epoch: 1 pq: 6 rg: 64 | total time: 2.29m | eta: 16.2m
step 00592/04692 (12.62%) | loss: 3.170351 | lrm: 1.00 | dt: 233.74ms | tok/sec: 2,243,031 | bf16_mfu: 47.09 | epoch: 1 pq: 6 rg: 64 | total time: 2.29m | eta: 16.2m
step 00593/04692 (12.64%) | loss: 3.164970 | lrm: 1.00 | dt: 233.33ms | tok/sec: 2,246,969 | bf16_mfu: 47.17 | epoch: 1 pq: 6 rg: 72 | total time: 2.30m | eta: 16.2m
step 00594/04692 (12.66%) | loss: 3.160269 | lrm: 1.00 | dt: 237.31ms | tok/sec: 2,209,316 | bf16_mfu: 46.38 | epoch: 1 pq: 6 rg: 72 | total time: 2.30m | eta: 16.2m
step 00595/04692 (12.68%) | loss: 3.154011 | lrm: 1.00 | dt: 233.71ms | tok/sec: 2,243,310 | bf16_mfu: 47.09 | epoch: 1 pq: 6 rg: 72 | total time: 2.31m | eta: 16.1m
step 00596/04692 (12.70%) | loss: 3.150839 | lrm: 1.00 | dt: 233.70ms | tok/sec: 2,243,395 | bf16_mfu: 47.10 | epoch: 1 pq: 6 rg: 72 | total time: 2.31m | eta: 16.1m
step 00597/04692 (12.72%) | loss: 3.145069 | lrm: 1.00 | dt: 234.18ms | tok/sec: 2,238,827 | bf16_mfu: 47.00 | epoch: 1 pq: 6 rg: 72 | total time: 2.31m | eta: 16.1m
step 00598/04692 (12.75%) | loss: 3.150723 | lrm: 1.00 | dt: 236.45ms | tok/sec: 2,217,363 | bf16_mfu: 46.55 | epoch: 1 pq: 6 rg: 72 | total time: 2.32m | eta: 16.1m
step 00599/04692 (12.77%) | loss: 3.150863 | lrm: 1.00 | dt: 235.84ms | tok/sec: 2,223,032 | bf16_mfu: 46.67 | epoch: 1 pq: 6 rg: 72 | total time: 2.32m | eta: 16.1m
step 00600/04692 (12.79%) | loss: 3.161012 | lrm: 1.00 | dt: 236.85ms | tok/sec: 2,213,546 | bf16_mfu: 46.47 | epoch: 1 pq: 6 rg: 72 | total time: 2.33m | eta: 16.1m
step 00601/04692 (12.81%) | loss: 3.161103 | lrm: 1.00 | dt: 233.65ms | tok/sec: 2,243,942 | bf16_mfu: 47.11 | epoch: 1 pq: 6 rg: 72 | total time: 2.33m | eta: 16.1m
step 00602/04692 (12.83%) | loss: 3.147799 | lrm: 1.00 | dt: 233.89ms | tok/sec: 2,241,639 | bf16_mfu: 47.06 | epoch: 1 pq: 6 rg: 80 | total time: 2.33m | eta: 16.1m
step 00603/04692 (12.85%) | loss: 3.152923 | lrm: 1.00 | dt: 236.79ms | tok/sec: 2,214,136 | bf16_mfu: 46.48 | epoch: 1 pq: 6 rg: 80 | total time: 2.34m | eta: 16.1m
step 00604/04692 (12.87%) | loss: 3.152015 | lrm: 1.00 | dt: 235.67ms | tok/sec: 2,224,644 | bf16_mfu: 46.70 | epoch: 1 pq: 6 rg: 80 | total time: 2.34m | eta: 16.1m
step 00605/04692 (12.89%) | loss: 3.149647 | lrm: 1.00 | dt: 234.40ms | tok/sec: 2,236,680 | bf16_mfu: 46.95 | epoch: 1 pq: 6 rg: 80 | total time: 2.34m | eta: 16.1m
step 00606/04692 (12.92%) | loss: 3.151866 | lrm: 1.00 | dt: 233.78ms | tok/sec: 2,242,692 | bf16_mfu: 47.08 | epoch: 1 pq: 6 rg: 80 | total time: 2.35m | eta: 16.1m
step 00607/04692 (12.94%) | loss: 3.139251 | lrm: 1.00 | dt: 232.65ms | tok/sec: 2,253,517 | bf16_mfu: 47.31 | epoch: 1 pq: 6 rg: 80 | total time: 2.35m | eta: 16.1m
step 00608/04692 (12.96%) | loss: 3.139786 | lrm: 1.00 | dt: 236.79ms | tok/sec: 2,214,130 | bf16_mfu: 46.48 | epoch: 1 pq: 6 rg: 80 | total time: 2.36m | eta: 16.1m
step 00609/04692 (12.98%) | loss: 3.125786 | lrm: 1.00 | dt: 236.32ms | tok/sec: 2,218,559 | bf16_mfu: 46.57 | epoch: 1 pq: 6 rg: 80 | total time: 2.36m | eta: 16.1m
step 00610/04692 (13.00%) | loss: 3.137158 | lrm: 1.00 | dt: 234.00ms | tok/sec: 2,240,522 | bf16_mfu: 47.04 | epoch: 1 pq: 7 rg: 0 | total time: 2.36m | eta: 16.1m
step 00611/04692 (13.02%) | loss: 3.118462 | lrm: 1.00 | dt: 235.51ms | tok/sec: 2,226,193 | bf16_mfu: 46.73 | epoch: 1 pq: 7 rg: 0 | total time: 2.37m | eta: 16.1m
step 00612/04692 (13.04%) | loss: 3.117950 | lrm: 1.00 | dt: 233.46ms | tok/sec: 2,245,757 | bf16_mfu: 47.14 | epoch: 1 pq: 7 rg: 0 | total time: 2.37m | eta: 16.1m
step 00613/04692 (13.06%) | loss: 3.130839 | lrm: 1.00 | dt: 233.85ms | tok/sec: 2,241,970 | bf16_mfu: 47.07 | epoch: 1 pq: 7 rg: 0 | total time: 2.38m | eta: 16.1m
step 00614/04692 (13.09%) | loss: 3.137535 | lrm: 1.00 | dt: 235.45ms | tok/sec: 2,226,789 | bf16_mfu: 46.75 | epoch: 1 pq: 7 rg: 0 | total time: 2.38m | eta: 16.1m
step 00615/04692 (13.11%) | loss: 3.135032 | lrm: 1.00 | dt: 234.26ms | tok/sec: 2,238,079 | bf16_mfu: 46.98 | epoch: 1 pq: 7 rg: 0 | total time: 2.38m | eta: 16.1m
step 00616/04692 (13.13%) | loss: 3.146874 | lrm: 1.00 | dt: 233.15ms | tok/sec: 2,248,683 | bf16_mfu: 47.21 | epoch: 1 pq: 7 rg: 0 | total time: 2.39m | eta: 16.1m
step 00617/04692 (13.15%) | loss: 3.149246 | lrm: 1.00 | dt: 233.55ms | tok/sec: 2,244,893 | bf16_mfu: 47.13 | epoch: 1 pq: 7 rg: 0 | total time: 2.39m | eta: 16.1m
step 00618/04692 (13.17%) | loss: 3.148779 | lrm: 1.00 | dt: 235.30ms | tok/sec: 2,228,142 | bf16_mfu: 46.78 | epoch: 1 pq: 7 rg: 8 | total time: 2.40m | eta: 16.1m
step 00619/04692 (13.19%) | loss: 3.155268 | lrm: 1.00 | dt: 234.95ms | tok/sec: 2,231,455 | bf16_mfu: 46.84 | epoch: 1 pq: 7 rg: 8 | total time: 2.40m | eta: 16.0m
step 00620/04692 (13.21%) | loss: 3.149363 | lrm: 1.00 | dt: 233.84ms | tok/sec: 2,242,125 | bf16_mfu: 47.07 | epoch: 1 pq: 7 rg: 8 | total time: 2.40m | eta: 16.0m
step 00621/04692 (13.24%) | loss: 3.144300 | lrm: 1.00 | dt: 234.24ms | tok/sec: 2,238,275 | bf16_mfu: 46.99 | epoch: 1 pq: 7 rg: 8 | total time: 2.41m | eta: 16.0m
step 00622/04692 (13.26%) | loss: 3.134263 | lrm: 1.00 | dt: 235.05ms | tok/sec: 2,230,513 | bf16_mfu: 46.82 | epoch: 1 pq: 7 rg: 8 | total time: 2.41m | eta: 16.0m
step 00623/04692 (13.28%) | loss: 3.145537 | lrm: 1.00 | dt: 235.16ms | tok/sec: 2,229,525 | bf16_mfu: 46.80 | epoch: 1 pq: 7 rg: 8 | total time: 2.42m | eta: 16.0m
step 00624/04692 (13.30%) | loss: 3.147832 | lrm: 1.00 | dt: 233.73ms | tok/sec: 2,243,136 | bf16_mfu: 47.09 | epoch: 1 pq: 7 rg: 8 | total time: 2.42m | eta: 16.0m
step 00625/04692 (13.32%) | loss: 3.150387 | lrm: 1.00 | dt: 232.68ms | tok/sec: 2,253,266 | bf16_mfu: 47.30 | epoch: 1 pq: 7 rg: 8 | total time: 2.42m | eta: 16.0m
step 00626/04692 (13.34%) | loss: 3.155301 | lrm: 1.00 | dt: 427.33ms | tok/sec: 1,226,901 | bf16_mfu: 25.76 | epoch: 1 pq: 7 rg: 8 | total time: 2.43m | eta: 16.0m
step 00627/04692 (13.36%) | loss: 3.164786 | lrm: 1.00 | dt: 228.86ms | tok/sec: 2,290,914 | bf16_mfu: 48.09 | epoch: 1 pq: 7 rg: 16 | total time: 2.43m | eta: 16.0m
step 00628/04692 (13.38%) | loss: 3.167187 | lrm: 1.00 | dt: 230.25ms | tok/sec: 2,277,017 | bf16_mfu: 47.80 | epoch: 1 pq: 7 rg: 16 | total time: 2.44m | eta: 16.0m
step 00629/04692 (13.41%) | loss: 3.159057 | lrm: 1.00 | dt: 242.35ms | tok/sec: 2,163,383 | bf16_mfu: 45.42 | epoch: 1 pq: 7 rg: 16 | total time: 2.44m | eta: 16.0m
step 00630/04692 (13.43%) | loss: 3.173464 | lrm: 1.00 | dt: 238.45ms | tok/sec: 2,198,722 | bf16_mfu: 46.16 | epoch: 1 pq: 7 rg: 16 | total time: 2.45m | eta: 16.0m
step 00631/04692 (13.45%) | loss: 3.182112 | lrm: 1.00 | dt: 234.11ms | tok/sec: 2,239,511 | bf16_mfu: 47.01 | epoch: 1 pq: 7 rg: 16 | total time: 2.45m | eta: 16.0m
step 00632/04692 (13.47%) | loss: 3.169307 | lrm: 1.00 | dt: 232.11ms | tok/sec: 2,258,758 | bf16_mfu: 47.42 | epoch: 1 pq: 7 rg: 16 | total time: 2.45m | eta: 16.0m
step 00633/04692 (13.49%) | loss: 3.174519 | lrm: 1.00 | dt: 232.48ms | tok/sec: 2,255,179 | bf16_mfu: 47.34 | epoch: 1 pq: 7 rg: 16 | total time: 2.46m | eta: 16.0m
step 00634/04692 (13.51%) | loss: 3.161582 | lrm: 1.00 | dt: 240.18ms | tok/sec: 2,182,896 | bf16_mfu: 45.83 | epoch: 1 pq: 7 rg: 16 | total time: 2.46m | eta: 16.0m
step 00635/04692 (13.53%) | loss: 3.163344 | lrm: 1.00 | dt: 236.02ms | tok/sec: 2,221,347 | bf16_mfu: 46.63 | epoch: 1 pq: 7 rg: 24 | total time: 2.47m | eta: 16.0m
step 00636/04692 (13.55%) | loss: 3.167164 | lrm: 1.00 | dt: 231.91ms | tok/sec: 2,260,741 | bf16_mfu: 47.46 | epoch: 1 pq: 7 rg: 24 | total time: 2.47m | eta: 16.0m
step 00637/04692 (13.58%) | loss: 3.170313 | lrm: 1.00 | dt: 232.40ms | tok/sec: 2,255,954 | bf16_mfu: 47.36 | epoch: 1 pq: 7 rg: 24 | total time: 2.47m | eta: 16.0m
step 00638/04692 (13.60%) | loss: 3.175696 | lrm: 1.00 | dt: 238.04ms | tok/sec: 2,202,549 | bf16_mfu: 46.24 | epoch: 1 pq: 7 rg: 24 | total time: 2.48m | eta: 16.0m
step 00639/04692 (13.62%) | loss: 3.166805 | lrm: 1.00 | dt: 236.64ms | tok/sec: 2,215,535 | bf16_mfu: 46.51 | epoch: 1 pq: 7 rg: 24 | total time: 2.48m | eta: 16.0m
step 00640/04692 (13.64%) | loss: 3.168995 | lrm: 1.00 | dt: 234.03ms | tok/sec: 2,240,241 | bf16_mfu: 47.03 | epoch: 1 pq: 7 rg: 24 | total time: 2.48m | eta: 16.0m
step 00641/04692 (13.66%) | loss: 3.152925 | lrm: 1.00 | dt: 235.34ms | tok/sec: 2,227,833 | bf16_mfu: 46.77 | epoch: 1 pq: 7 rg: 24 | total time: 2.49m | eta: 16.0m
step 00642/04692 (13.68%) | loss: 3.141197 | lrm: 1.00 | dt: 235.26ms | tok/sec: 2,228,562 | bf16_mfu: 46.78 | epoch: 1 pq: 7 rg: 24 | total time: 2.49m | eta: 16.0m
step 00643/04692 (13.70%) | loss: 3.138833 | lrm: 1.00 | dt: 233.61ms | tok/sec: 2,244,288 | bf16_mfu: 47.11 | epoch: 1 pq: 7 rg: 32 | total time: 2.50m | eta: 16.0m
step 00644/04692 (13.73%) | loss: 3.151266 | lrm: 1.00 | dt: 235.00ms | tok/sec: 2,230,993 | bf16_mfu: 46.83 | epoch: 1 pq: 7 rg: 32 | total time: 2.50m | eta: 16.0m
step 00645/04692 (13.75%) | loss: 3.148006 | lrm: 1.00 | dt: 232.79ms | tok/sec: 2,252,183 | bf16_mfu: 47.28 | epoch: 1 pq: 7 rg: 32 | total time: 2.50m | eta: 16.0m
step 00646/04692 (13.77%) | loss: 3.137514 | lrm: 1.00 | dt: 233.98ms | tok/sec: 2,240,720 | bf16_mfu: 47.04 | epoch: 1 pq: 7 rg: 32 | total time: 2.51m | eta: 16.0m
step 00647/04692 (13.79%) | loss: 3.132206 | lrm: 1.00 | dt: 233.30ms | tok/sec: 2,247,244 | bf16_mfu: 47.18 | epoch: 1 pq: 7 rg: 32 | total time: 2.51m | eta: 16.0m
step 00648/04692 (13.81%) | loss: 3.139902 | lrm: 1.00 | dt: 234.56ms | tok/sec: 2,235,218 | bf16_mfu: 46.92 | epoch: 1 pq: 7 rg: 32 | total time: 2.52m | eta: 15.9m
step 00649/04692 (13.83%) | loss: 3.142514 | lrm: 1.00 | dt: 234.88ms | tok/sec: 2,232,141 | bf16_mfu: 46.86 | epoch: 1 pq: 7 rg: 32 | total time: 2.52m | eta: 15.9m
step 00650/04692 (13.85%) | loss: 3.139410 | lrm: 1.00 | dt: 233.92ms | tok/sec: 2,241,344 | bf16_mfu: 47.05 | epoch: 1 pq: 7 rg: 32 | total time: 2.52m | eta: 15.9m
step 00651/04692 (13.87%) | loss: 3.137624 | lrm: 1.00 | dt: 233.68ms | tok/sec: 2,243,633 | bf16_mfu: 47.10 | epoch: 1 pq: 7 rg: 32 | total time: 2.53m | eta: 15.9m
step 00652/04692 (13.90%) | loss: 3.115970 | lrm: 1.00 | dt: 234.01ms | tok/sec: 2,240,497 | bf16_mfu: 47.03 | epoch: 1 pq: 7 rg: 40 | total time: 2.53m | eta: 15.9m
step 00653/04692 (13.92%) | loss: 3.120799 | lrm: 1.00 | dt: 234.32ms | tok/sec: 2,237,531 | bf16_mfu: 46.97 | epoch: 1 pq: 7 rg: 40 | total time: 2.54m | eta: 15.9m
step 00654/04692 (13.94%) | loss: 3.123340 | lrm: 1.00 | dt: 234.04ms | tok/sec: 2,240,184 | bf16_mfu: 47.03 | epoch: 1 pq: 7 rg: 40 | total time: 2.54m | eta: 15.9m
step 00655/04692 (13.96%) | loss: 3.123071 | lrm: 1.00 | dt: 234.32ms | tok/sec: 2,237,499 | bf16_mfu: 46.97 | epoch: 1 pq: 7 rg: 40 | total time: 2.54m | eta: 15.9m
step 00656/04692 (13.98%) | loss: 3.122575 | lrm: 1.00 | dt: 232.57ms | tok/sec: 2,254,296 | bf16_mfu: 47.32 | epoch: 1 pq: 7 rg: 40 | total time: 2.55m | eta: 15.9m
step 00657/04692 (14.00%) | loss: 3.106532 | lrm: 1.00 | dt: 234.52ms | tok/sec: 2,235,558 | bf16_mfu: 46.93 | epoch: 1 pq: 7 rg: 40 | total time: 2.55m | eta: 15.9m
step 00658/04692 (14.02%) | loss: 3.112266 | lrm: 1.00 | dt: 235.86ms | tok/sec: 2,222,924 | bf16_mfu: 46.67 | epoch: 1 pq: 7 rg: 40 | total time: 2.56m | eta: 15.9m
step 00659/04692 (14.05%) | loss: 3.107463 | lrm: 1.00 | dt: 234.16ms | tok/sec: 2,239,057 | bf16_mfu: 47.00 | epoch: 1 pq: 7 rg: 40 | total time: 2.56m | eta: 15.9m
step 00660/04692 (14.07%) | loss: 3.109460 | lrm: 1.00 | dt: 234.42ms | tok/sec: 2,236,577 | bf16_mfu: 46.95 | epoch: 1 pq: 7 rg: 48 | total time: 2.56m | eta: 15.9m
step 00661/04692 (14.09%) | loss: 3.102274 | lrm: 1.00 | dt: 235.41ms | tok/sec: 2,227,170 | bf16_mfu: 46.75 | epoch: 1 pq: 7 rg: 48 | total time: 2.57m | eta: 15.9m
step 00662/04692 (14.11%) | loss: 3.103114 | lrm: 1.00 | dt: 234.52ms | tok/sec: 2,235,622 | bf16_mfu: 46.93 | epoch: 1 pq: 7 rg: 48 | total time: 2.57m | eta: 15.9m
step 00663/04692 (14.13%) | loss: 3.105047 | lrm: 1.00 | dt: 235.05ms | tok/sec: 2,230,506 | bf16_mfu: 46.82 | epoch: 1 pq: 7 rg: 48 | total time: 2.57m | eta: 15.9m
step 00664/04692 (14.15%) | loss: 3.095896 | lrm: 1.00 | dt: 233.66ms | tok/sec: 2,243,773 | bf16_mfu: 47.10 | epoch: 1 pq: 7 rg: 48 | total time: 2.58m | eta: 15.9m
step 00665/04692 (14.17%) | loss: 3.102437 | lrm: 1.00 | dt: 234.97ms | tok/sec: 2,231,326 | bf16_mfu: 46.84 | epoch: 1 pq: 7 rg: 48 | total time: 2.58m | eta: 15.9m
step 00666/04692 (14.19%) | loss: 3.097090 | lrm: 1.00 | dt: 236.35ms | tok/sec: 2,218,242 | bf16_mfu: 46.57 | epoch: 1 pq: 7 rg: 48 | total time: 2.59m | eta: 15.9m
step 00667/04692 (14.22%) | loss: 3.099796 | lrm: 1.00 | dt: 234.44ms | tok/sec: 2,236,338 | bf16_mfu: 46.95 | epoch: 1 pq: 7 rg: 48 | total time: 2.59m | eta: 15.9m
step 00668/04692 (14.24%) | loss: 3.102682 | lrm: 1.00 | dt: 233.39ms | tok/sec: 2,246,397 | bf16_mfu: 47.16 | epoch: 1 pq: 7 rg: 56 | total time: 2.59m | eta: 15.9m
step 00669/04692 (14.26%) | loss: 3.102172 | lrm: 1.00 | dt: 234.13ms | tok/sec: 2,239,292 | bf16_mfu: 47.01 | epoch: 1 pq: 7 rg: 56 | total time: 2.60m | eta: 15.9m
step 00670/04692 (14.28%) | loss: 3.101209 | lrm: 1.00 | dt: 235.92ms | tok/sec: 2,222,317 | bf16_mfu: 46.65 | epoch: 1 pq: 7 rg: 56 | total time: 2.60m | eta: 15.9m
step 00671/04692 (14.30%) | loss: 3.096680 | lrm: 1.00 | dt: 235.81ms | tok/sec: 2,223,328 | bf16_mfu: 46.67 | epoch: 1 pq: 7 rg: 56 | total time: 2.61m | eta: 15.9m
step 00672/04692 (14.32%) | loss: 3.110888 | lrm: 1.00 | dt: 234.98ms | tok/sec: 2,231,215 | bf16_mfu: 46.84 | epoch: 1 pq: 7 rg: 56 | total time: 2.61m | eta: 15.8m
step 00673/04692 (14.34%) | loss: 3.105091 | lrm: 1.00 | dt: 234.70ms | tok/sec: 2,233,907 | bf16_mfu: 46.90 | epoch: 1 pq: 7 rg: 56 | total time: 2.61m | eta: 15.8m
step 00674/04692 (14.36%) | loss: 3.104975 | lrm: 1.00 | dt: 234.13ms | tok/sec: 2,239,299 | bf16_mfu: 47.01 | epoch: 1 pq: 7 rg: 56 | total time: 2.62m | eta: 15.8m
step 00675/04692 (14.39%) | loss: 3.105044 | lrm: 1.00 | dt: 234.50ms | tok/sec: 2,235,759 | bf16_mfu: 46.94 | epoch: 1 pq: 7 rg: 56 | total time: 2.62m | eta: 15.8m
step 00676/04692 (14.41%) | loss: 3.112609 | lrm: 1.00 | dt: 237.52ms | tok/sec: 2,207,387 | bf16_mfu: 46.34 | epoch: 1 pq: 7 rg: 56 | total time: 2.63m | eta: 15.8m
step 00677/04692 (14.43%) | loss: 3.118729 | lrm: 1.00 | dt: 234.54ms | tok/sec: 2,235,340 | bf16_mfu: 46.93 | epoch: 1 pq: 7 rg: 64 | total time: 2.63m | eta: 15.8m
step 00678/04692 (14.45%) | loss: 3.118592 | lrm: 1.00 | dt: 233.54ms | tok/sec: 2,244,991 | bf16_mfu: 47.13 | epoch: 1 pq: 7 rg: 64 | total time: 2.63m | eta: 15.8m
step 00679/04692 (14.47%) | loss: 3.125849 | lrm: 1.00 | dt: 233.95ms | tok/sec: 2,241,047 | bf16_mfu: 47.05 | epoch: 1 pq: 7 rg: 64 | total time: 2.64m | eta: 15.8m
step 00680/04692 (14.49%) | loss: 3.121032 | lrm: 1.00 | dt: 235.41ms | tok/sec: 2,227,122 | bf16_mfu: 46.75 | epoch: 1 pq: 7 rg: 64 | total time: 2.64m | eta: 15.8m
step 00681/04692 (14.51%) | loss: 3.119587 | lrm: 1.00 | dt: 234.97ms | tok/sec: 2,231,296 | bf16_mfu: 46.84 | epoch: 1 pq: 7 rg: 64 | total time: 2.65m | eta: 15.8m
step 00682/04692 (14.54%) | loss: 3.121250 | lrm: 1.00 | dt: 233.88ms | tok/sec: 2,241,682 | bf16_mfu: 47.06 | epoch: 1 pq: 7 rg: 64 | total time: 2.65m | eta: 15.8m
step 00683/04692 (14.56%) | loss: 3.131239 | lrm: 1.00 | dt: 233.14ms | tok/sec: 2,248,823 | bf16_mfu: 47.21 | epoch: 1 pq: 7 rg: 64 | total time: 2.65m | eta: 15.8m
step 00684/04692 (14.58%) | loss: 3.135836 | lrm: 1.00 | dt: 235.19ms | tok/sec: 2,229,242 | bf16_mfu: 46.80 | epoch: 1 pq: 7 rg: 72 | total time: 2.66m | eta: 15.8m
step 00685/04692 (14.60%) | loss: 3.155239 | lrm: 1.00 | dt: 235.42ms | tok/sec: 2,227,064 | bf16_mfu: 46.75 | epoch: 1 pq: 7 rg: 72 | total time: 2.66m | eta: 15.8m
step 00686/04692 (14.62%) | loss: 3.142906 | lrm: 1.00 | dt: 234.60ms | tok/sec: 2,234,845 | bf16_mfu: 46.92 | epoch: 1 pq: 7 rg: 72 | total time: 2.66m | eta: 15.8m
step 00687/04692 (14.64%) | loss: 3.137992 | lrm: 1.00 | dt: 233.97ms | tok/sec: 2,240,796 | bf16_mfu: 47.04 | epoch: 1 pq: 7 rg: 72 | total time: 2.67m | eta: 15.8m
step 00688/04692 (14.66%) | loss: 3.129151 | lrm: 1.00 | dt: 234.19ms | tok/sec: 2,238,765 | bf16_mfu: 47.00 | epoch: 1 pq: 7 rg: 72 | total time: 2.67m | eta: 15.8m
step 00689/04692 (14.68%) | loss: 3.116800 | lrm: 1.00 | dt: 234.60ms | tok/sec: 2,234,825 | bf16_mfu: 46.92 | epoch: 1 pq: 7 rg: 72 | total time: 2.68m | eta: 15.8m
step 00690/04692 (14.71%) | loss: 3.118687 | lrm: 1.00 | dt: 235.51ms | tok/sec: 2,226,166 | bf16_mfu: 46.73 | epoch: 1 pq: 7 rg: 72 | total time: 2.68m | eta: 15.8m
step 00691/04692 (14.73%) | loss: 3.113974 | lrm: 1.00 | dt: 234.63ms | tok/sec: 2,234,561 | bf16_mfu: 46.91 | epoch: 1 pq: 7 rg: 72 | total time: 2.68m | eta: 15.8m
step 00692/04692 (14.75%) | loss: 3.115034 | lrm: 1.00 | dt: 235.35ms | tok/sec: 2,227,707 | bf16_mfu: 46.77 | epoch: 1 pq: 7 rg: 72 | total time: 2.69m | eta: 15.8m
step 00693/04692 (14.77%) | loss: 3.113445 | lrm: 1.00 | dt: 234.83ms | tok/sec: 2,232,655 | bf16_mfu: 46.87 | epoch: 1 pq: 7 rg: 80 | total time: 2.69m | eta: 15.8m
step 00694/04692 (14.79%) | loss: 3.100800 | lrm: 1.00 | dt: 234.90ms | tok/sec: 2,231,973 | bf16_mfu: 46.86 | epoch: 1 pq: 7 rg: 80 | total time: 2.70m | eta: 15.8m
step 00695/04692 (14.81%) | loss: 3.102572 | lrm: 1.00 | dt: 235.70ms | tok/sec: 2,224,426 | bf16_mfu: 46.70 | epoch: 1 pq: 7 rg: 80 | total time: 2.70m | eta: 15.8m
step 00696/04692 (14.83%) | loss: 3.098235 | lrm: 1.00 | dt: 235.43ms | tok/sec: 2,226,897 | bf16_mfu: 46.75 | epoch: 1 pq: 7 rg: 80 | total time: 2.70m | eta: 15.7m
step 00697/04692 (14.86%) | loss: 3.101706 | lrm: 1.00 | dt: 236.46ms | tok/sec: 2,217,244 | bf16_mfu: 46.55 | epoch: 1 pq: 7 rg: 80 | total time: 2.71m | eta: 15.7m
step 00698/04692 (14.88%) | loss: 3.096307 | lrm: 1.00 | dt: 233.65ms | tok/sec: 2,243,942 | bf16_mfu: 47.11 | epoch: 1 pq: 7 rg: 80 | total time: 2.71m | eta: 15.7m
step 00699/04692 (14.90%) | loss: 3.098606 | lrm: 1.00 | dt: 235.05ms | tok/sec: 2,230,518 | bf16_mfu: 46.83 | epoch: 1 pq: 7 rg: 80 | total time: 2.72m | eta: 15.7m
step 00700/04692 (14.92%) | loss: 3.092209 | lrm: 1.00 | dt: 236.27ms | tok/sec: 2,218,978 | bf16_mfu: 46.58 | epoch: 1 pq: 7 rg: 80 | total time: 2.72m | eta: 15.7m
step 00701/04692 (14.94%) | loss: 3.083473 | lrm: 1.00 | dt: 235.40ms | tok/sec: 2,227,244 | bf16_mfu: 46.76 | epoch: 1 pq: 8 rg: 0 | total time: 2.72m | eta: 15.7m
step 00702/04692 (14.96%) | loss: 3.091289 | lrm: 1.00 | dt: 234.21ms | tok/sec: 2,238,528 | bf16_mfu: 46.99 | epoch: 1 pq: 8 rg: 0 | total time: 2.73m | eta: 15.7m
step 00703/04692 (14.98%) | loss: 3.092265 | lrm: 1.00 | dt: 233.45ms | tok/sec: 2,245,849 | bf16_mfu: 47.15 | epoch: 1 pq: 8 rg: 0 | total time: 2.73m | eta: 15.7m
step 00704/04692 (15.00%) | loss: 3.092176 | lrm: 1.00 | dt: 233.19ms | tok/sec: 2,248,296 | bf16_mfu: 47.20 | epoch: 1 pq: 8 rg: 0 | total time: 2.74m | eta: 15.7m
step 00705/04692 (15.03%) | loss: 3.099969 | lrm: 1.00 | dt: 236.25ms | tok/sec: 2,219,242 | bf16_mfu: 46.59 | epoch: 1 pq: 8 rg: 0 | total time: 2.74m | eta: 15.7m
step 00706/04692 (15.05%) | loss: 3.097024 | lrm: 1.00 | dt: 234.77ms | tok/sec: 2,233,186 | bf16_mfu: 46.88 | epoch: 1 pq: 8 rg: 0 | total time: 2.74m | eta: 15.7m
step 00707/04692 (15.07%) | loss: 3.103239 | lrm: 1.00 | dt: 234.08ms | tok/sec: 2,239,791 | bf16_mfu: 47.02 | epoch: 1 pq: 8 rg: 0 | total time: 2.75m | eta: 15.7m
step 00708/04692 (15.09%) | loss: 3.107215 | lrm: 1.00 | dt: 233.69ms | tok/sec: 2,243,516 | bf16_mfu: 47.10 | epoch: 1 pq: 8 rg: 8 | total time: 2.75m | eta: 15.7m
step 00709/04692 (15.11%) | loss: 3.103486 | lrm: 1.00 | dt: 236.20ms | tok/sec: 2,219,639 | bf16_mfu: 46.60 | epoch: 1 pq: 8 rg: 8 | total time: 2.75m | eta: 15.7m
step 00710/04692 (15.13%) | loss: 3.108419 | lrm: 1.00 | dt: 236.23ms | tok/sec: 2,219,374 | bf16_mfu: 46.59 | epoch: 1 pq: 8 rg: 8 | total time: 2.76m | eta: 15.7m
step 00711/04692 (15.15%) | loss: 3.102008 | lrm: 1.00 | dt: 234.58ms | tok/sec: 2,235,015 | bf16_mfu: 46.92 | epoch: 1 pq: 8 rg: 8 | total time: 2.76m | eta: 15.7m
step 00712/04692 (15.17%) | loss: 3.092832 | lrm: 1.00 | dt: 234.53ms | tok/sec: 2,235,479 | bf16_mfu: 46.93 | epoch: 1 pq: 8 rg: 8 | total time: 2.77m | eta: 15.7m
step 00713/04692 (15.20%) | loss: 3.100710 | lrm: 1.00 | dt: 234.52ms | tok/sec: 2,235,549 | bf16_mfu: 46.93 | epoch: 1 pq: 8 rg: 8 | total time: 2.77m | eta: 15.7m
step 00714/04692 (15.22%) | loss: 3.107652 | lrm: 1.00 | dt: 234.58ms | tok/sec: 2,234,977 | bf16_mfu: 46.92 | epoch: 1 pq: 8 rg: 8 | total time: 2.77m | eta: 15.7m
step 00715/04692 (15.24%) | loss: 3.098678 | lrm: 1.00 | dt: 236.49ms | tok/sec: 2,216,956 | bf16_mfu: 46.54 | epoch: 1 pq: 8 rg: 8 | total time: 2.78m | eta: 15.7m
step 00716/04692 (15.26%) | loss: 3.084526 | lrm: 1.00 | dt: 233.86ms | tok/sec: 2,241,892 | bf16_mfu: 47.06 | epoch: 1 pq: 8 rg: 8 | total time: 2.78m | eta: 15.7m
step 00717/04692 (15.28%) | loss: 3.086824 | lrm: 1.00 | dt: 235.03ms | tok/sec: 2,230,771 | bf16_mfu: 46.83 | epoch: 1 pq: 8 rg: 16 | total time: 2.79m | eta: 15.7m
step 00718/04692 (15.30%) | loss: 3.096696 | lrm: 1.00 | dt: 233.83ms | tok/sec: 2,242,169 | bf16_mfu: 47.07 | epoch: 1 pq: 8 rg: 16 | total time: 2.79m | eta: 15.7m
step 00719/04692 (15.32%) | loss: 3.100443 | lrm: 1.00 | dt: 235.92ms | tok/sec: 2,222,286 | bf16_mfu: 46.65 | epoch: 1 pq: 8 rg: 16 | total time: 2.79m | eta: 15.7m
step 00720/04692 (15.35%) | loss: 3.103491 | lrm: 1.00 | dt: 235.16ms | tok/sec: 2,229,511 | bf16_mfu: 46.80 | epoch: 1 pq: 8 rg: 16 | total time: 2.80m | eta: 15.7m
step 00721/04692 (15.37%) | loss: 3.098242 | lrm: 1.00 | dt: 234.76ms | tok/sec: 2,233,309 | bf16_mfu: 46.88 | epoch: 1 pq: 8 rg: 16 | total time: 2.80m | eta: 15.6m
step 00722/04692 (15.39%) | loss: 3.108139 | lrm: 1.00 | dt: 233.54ms | tok/sec: 2,244,955 | bf16_mfu: 47.13 | epoch: 1 pq: 8 rg: 16 | total time: 2.81m | eta: 15.6m
step 00723/04692 (15.41%) | loss: 3.099304 | lrm: 1.00 | dt: 234.35ms | tok/sec: 2,237,235 | bf16_mfu: 46.97 | epoch: 1 pq: 8 rg: 16 | total time: 2.81m | eta: 15.6m
step 00724/04692 (15.43%) | loss: 3.103120 | lrm: 1.00 | dt: 235.25ms | tok/sec: 2,228,601 | bf16_mfu: 46.78 | epoch: 1 pq: 8 rg: 16 | total time: 2.81m | eta: 15.6m
step 00725/04692 (15.45%) | loss: 3.098653 | lrm: 1.00 | dt: 234.21ms | tok/sec: 2,238,565 | bf16_mfu: 46.99 | epoch: 1 pq: 8 rg: 24 | total time: 2.82m | eta: 15.6m
step 00726/04692 (15.47%) | loss: 3.108774 | lrm: 1.00 | dt: 235.00ms | tok/sec: 2,230,997 | bf16_mfu: 46.84 | epoch: 1 pq: 8 rg: 24 | total time: 2.82m | eta: 15.6m
step 00727/04692 (15.49%) | loss: 3.114299 | lrm: 1.00 | dt: 235.05ms | tok/sec: 2,230,567 | bf16_mfu: 46.83 | epoch: 1 pq: 8 rg: 24 | total time: 2.83m | eta: 15.6m
step 00728/04692 (15.52%) | loss: 3.102993 | lrm: 1.00 | dt: 233.71ms | tok/sec: 2,243,306 | bf16_mfu: 47.09 | epoch: 1 pq: 8 rg: 24 | total time: 2.83m | eta: 15.6m
step 00729/04692 (15.54%) | loss: 3.097636 | lrm: 1.00 | dt: 237.58ms | tok/sec: 2,206,817 | bf16_mfu: 46.33 | epoch: 1 pq: 8 rg: 24 | total time: 2.83m | eta: 15.6m
step 00730/04692 (15.56%) | loss: 3.099578 | lrm: 1.00 | dt: 236.11ms | tok/sec: 2,220,515 | bf16_mfu: 46.62 | epoch: 1 pq: 8 rg: 24 | total time: 2.84m | eta: 15.6m
step 00731/04692 (15.58%) | loss: 3.096723 | lrm: 1.00 | dt: 234.51ms | tok/sec: 2,235,681 | bf16_mfu: 46.93 | epoch: 1 pq: 8 rg: 24 | total time: 2.84m | eta: 15.6m
step 00732/04692 (15.60%) | loss: 3.100964 | lrm: 1.00 | dt: 234.71ms | tok/sec: 2,233,755 | bf16_mfu: 46.89 | epoch: 1 pq: 8 rg: 24 | total time: 2.84m | eta: 15.6m
step 00733/04692 (15.62%) | loss: 3.102533 | lrm: 1.00 | dt: 232.33ms | tok/sec: 2,256,605 | bf16_mfu: 47.37 | epoch: 1 pq: 8 rg: 32 | total time: 2.85m | eta: 15.6m
step 00734/04692 (15.64%) | loss: 3.105602 | lrm: 1.00 | dt: 235.57ms | tok/sec: 2,225,608 | bf16_mfu: 46.72 | epoch: 1 pq: 8 rg: 32 | total time: 2.85m | eta: 15.6m
step 00735/04692 (15.66%) | loss: 3.105667 | lrm: 1.00 | dt: 235.98ms | tok/sec: 2,221,756 | bf16_mfu: 46.64 | epoch: 1 pq: 8 rg: 32 | total time: 2.86m | eta: 15.6m
step 00736/04692 (15.69%) | loss: 3.104410 | lrm: 1.00 | dt: 234.74ms | tok/sec: 2,233,513 | bf16_mfu: 46.89 | epoch: 1 pq: 8 rg: 32 | total time: 2.86m | eta: 15.6m
step 00737/04692 (15.71%) | loss: 3.111899 | lrm: 1.00 | dt: 233.58ms | tok/sec: 2,244,595 | bf16_mfu: 47.12 | epoch: 1 pq: 8 rg: 32 | total time: 2.86m | eta: 15.6m
step 00738/04692 (15.73%) | loss: 3.110102 | lrm: 1.00 | dt: 234.66ms | tok/sec: 2,234,200 | bf16_mfu: 46.90 | epoch: 1 pq: 8 rg: 32 | total time: 2.87m | eta: 15.6m
step 00739/04692 (15.75%) | loss: 3.104775 | lrm: 1.00 | dt: 236.18ms | tok/sec: 2,219,822 | bf16_mfu: 46.60 | epoch: 1 pq: 8 rg: 32 | total time: 2.87m | eta: 15.6m
step 00740/04692 (15.77%) | loss: 3.103084 | lrm: 1.00 | dt: 235.82ms | tok/sec: 2,223,214 | bf16_mfu: 46.67 | epoch: 1 pq: 8 rg: 32 | total time: 2.88m | eta: 15.6m
step 00741/04692 (15.79%) | loss: 3.098129 | lrm: 1.00 | dt: 233.04ms | tok/sec: 2,249,775 | bf16_mfu: 47.23 | epoch: 1 pq: 8 rg: 40 | total time: 2.88m | eta: 15.6m
step 00742/04692 (15.81%) | loss: 3.094329 | lrm: 1.00 | dt: 233.03ms | tok/sec: 2,249,911 | bf16_mfu: 47.23 | epoch: 1 pq: 8 rg: 40 | total time: 2.88m | eta: 15.6m
step 00743/04692 (15.84%) | loss: 3.094140 | lrm: 1.00 | dt: 234.86ms | tok/sec: 2,232,352 | bf16_mfu: 46.86 | epoch: 1 pq: 8 rg: 40 | total time: 2.89m | eta: 15.6m
step 00744/04692 (15.86%) | loss: 3.095303 | lrm: 1.00 | dt: 237.80ms | tok/sec: 2,204,735 | bf16_mfu: 46.28 | epoch: 1 pq: 8 rg: 40 | total time: 2.89m | eta: 15.6m
step 00745/04692 (15.88%) | loss: 3.084416 | lrm: 1.00 | dt: 234.32ms | tok/sec: 2,237,453 | bf16_mfu: 46.97 | epoch: 1 pq: 8 rg: 40 | total time: 2.90m | eta: 15.5m
step 00746/04692 (15.90%) | loss: 3.086135 | lrm: 1.00 | dt: 235.09ms | tok/sec: 2,230,187 | bf16_mfu: 46.82 | epoch: 1 pq: 8 rg: 40 | total time: 2.90m | eta: 15.5m
step 00747/04692 (15.92%) | loss: 3.077738 | lrm: 1.00 | dt: 233.02ms | tok/sec: 2,249,934 | bf16_mfu: 47.23 | epoch: 1 pq: 8 rg: 40 | total time: 2.90m | eta: 15.5m
step 00748/04692 (15.94%) | loss: 3.076923 | lrm: 1.00 | dt: 235.33ms | tok/sec: 2,227,908 | bf16_mfu: 46.77 | epoch: 1 pq: 8 rg: 40 | total time: 2.91m | eta: 15.5m
step 00749/04692 (15.96%) | loss: 3.077653 | lrm: 1.00 | dt: 236.49ms | tok/sec: 2,216,956 | bf16_mfu: 46.54 | epoch: 1 pq: 8 rg: 48 | total time: 2.91m | eta: 15.5m
Step 00750 | Validation bpb: 0.937021
step 00750/04692 (15.98%) | loss: 3.076098 | lrm: 1.00 | dt: 228.28ms | tok/sec: 2,296,680 | bf16_mfu: 48.21 | epoch: 1 pq: 8 rg: 48 | total time: 2.91m | eta: 15.5m
step 00751/04692 (16.01%) | loss: 3.078632 | lrm: 1.00 | dt: 229.08ms | tok/sec: 2,288,706 | bf16_mfu: 48.05 | epoch: 1 pq: 8 rg: 48 | total time: 2.92m | eta: 15.5m
step 00752/04692 (16.03%) | loss: 3.079889 | lrm: 1.00 | dt: 230.59ms | tok/sec: 2,273,721 | bf16_mfu: 47.73 | epoch: 1 pq: 8 rg: 48 | total time: 2.92m | eta: 15.5m
step 00753/04692 (16.05%) | loss: 3.081663 | lrm: 1.00 | dt: 245.78ms | tok/sec: 2,133,186 | bf16_mfu: 44.78 | epoch: 1 pq: 8 rg: 48 | total time: 2.93m | eta: 15.5m
step 00754/04692 (16.07%) | loss: 3.079956 | lrm: 1.00 | dt: 235.03ms | tok/sec: 2,230,717 | bf16_mfu: 46.83 | epoch: 1 pq: 8 rg: 48 | total time: 2.93m | eta: 15.5m
step 00755/04692 (16.09%) | loss: 3.070248 | lrm: 1.00 | dt: 233.12ms | tok/sec: 2,248,968 | bf16_mfu: 47.21 | epoch: 1 pq: 8 rg: 48 | total time: 2.93m | eta: 15.5m
step 00756/04692 (16.11%) | loss: 3.073823 | lrm: 1.00 | dt: 231.43ms | tok/sec: 2,265,467 | bf16_mfu: 47.56 | epoch: 1 pq: 8 rg: 48 | total time: 2.94m | eta: 15.5m
step 00757/04692 (16.13%) | loss: 3.082693 | lrm: 1.00 | dt: 238.83ms | tok/sec: 2,195,194 | bf16_mfu: 46.08 | epoch: 1 pq: 8 rg: 48 | total time: 2.94m | eta: 15.5m
step 00758/04692 (16.16%) | loss: 3.073505 | lrm: 1.00 | dt: 237.62ms | tok/sec: 2,206,385 | bf16_mfu: 46.32 | epoch: 1 pq: 8 rg: 56 | total time: 2.95m | eta: 15.5m
step 00759/04692 (16.18%) | loss: 3.066976 | lrm: 1.00 | dt: 231.73ms | tok/sec: 2,262,509 | bf16_mfu: 47.50 | epoch: 1 pq: 8 rg: 56 | total time: 2.95m | eta: 15.5m
step 00760/04692 (16.20%) | loss: 3.056183 | lrm: 1.00 | dt: 232.11ms | tok/sec: 2,258,818 | bf16_mfu: 47.42 | epoch: 1 pq: 8 rg: 56 | total time: 2.95m | eta: 15.5m
step 00761/04692 (16.22%) | loss: 3.050970 | lrm: 1.00 | dt: 234.84ms | tok/sec: 2,232,508 | bf16_mfu: 46.87 | epoch: 1 pq: 8 rg: 56 | total time: 2.96m | eta: 15.5m
step 00762/04692 (16.24%) | loss: 3.065949 | lrm: 1.00 | dt: 236.13ms | tok/sec: 2,220,336 | bf16_mfu: 46.61 | epoch: 1 pq: 8 rg: 56 | total time: 2.96m | eta: 15.5m
step 00763/04692 (16.26%) | loss: 3.060535 | lrm: 1.00 | dt: 235.49ms | tok/sec: 2,226,387 | bf16_mfu: 46.74 | epoch: 1 pq: 8 rg: 56 | total time: 2.97m | eta: 15.5m
step 00764/04692 (16.28%) | loss: 3.053619 | lrm: 1.00 | dt: 233.84ms | tok/sec: 2,242,059 | bf16_mfu: 47.07 | epoch: 1 pq: 8 rg: 56 | total time: 2.97m | eta: 15.5m
step 00765/04692 (16.30%) | loss: 3.054999 | lrm: 1.00 | dt: 235.08ms | tok/sec: 2,230,296 | bf16_mfu: 46.82 | epoch: 1 pq: 8 rg: 56 | total time: 2.97m | eta: 15.5m
step 00766/04692 (16.33%) | loss: 3.048335 | lrm: 1.00 | dt: 237.88ms | tok/sec: 2,204,004 | bf16_mfu: 46.27 | epoch: 1 pq: 8 rg: 64 | total time: 2.98m | eta: 15.5m
step 00767/04692 (16.35%) | loss: 3.054093 | lrm: 1.00 | dt: 234.31ms | tok/sec: 2,237,590 | bf16_mfu: 46.97 | epoch: 1 pq: 8 rg: 64 | total time: 2.98m | eta: 15.5m
step 00768/04692 (16.37%) | loss: 3.055389 | lrm: 1.00 | dt: 232.86ms | tok/sec: 2,251,524 | bf16_mfu: 47.27 | epoch: 1 pq: 8 rg: 64 | total time: 2.99m | eta: 15.5m
step 00769/04692 (16.39%) | loss: 3.056740 | lrm: 1.00 | dt: 233.87ms | tok/sec: 2,241,771 | bf16_mfu: 47.06 | epoch: 1 pq: 8 rg: 64 | total time: 2.99m | eta: 15.5m
step 00770/04692 (16.41%) | loss: 3.065702 | lrm: 1.00 | dt: 237.11ms | tok/sec: 2,211,173 | bf16_mfu: 46.42 | epoch: 1 pq: 8 rg: 64 | total time: 2.99m | eta: 15.4m
step 00771/04692 (16.43%) | loss: 3.066387 | lrm: 1.00 | dt: 236.99ms | tok/sec: 2,212,256 | bf16_mfu: 46.44 | epoch: 1 pq: 8 rg: 64 | total time: 3.00m | eta: 15.4m
step 00772/04692 (16.45%) | loss: 3.064542 | lrm: 1.00 | dt: 233.52ms | tok/sec: 2,245,131 | bf16_mfu: 47.13 | epoch: 1 pq: 8 rg: 64 | total time: 3.00m | eta: 15.4m
step 00773/04692 (16.47%) | loss: 3.064566 | lrm: 1.00 | dt: 233.20ms | tok/sec: 2,248,253 | bf16_mfu: 47.20 | epoch: 1 pq: 8 rg: 64 | total time: 3.01m | eta: 15.4m
step 00774/04692 (16.50%) | loss: 3.062812 | lrm: 1.00 | dt: 234.27ms | tok/sec: 2,237,972 | bf16_mfu: 46.98 | epoch: 1 pq: 8 rg: 72 | total time: 3.01m | eta: 15.4m
step 00775/04692 (16.52%) | loss: 3.059616 | lrm: 1.00 | dt: 237.34ms | tok/sec: 2,208,976 | bf16_mfu: 46.37 | epoch: 1 pq: 8 rg: 72 | total time: 3.01m | eta: 15.4m
step 00776/04692 (16.54%) | loss: 3.073080 | lrm: 1.00 | dt: 236.61ms | tok/sec: 2,215,830 | bf16_mfu: 46.52 | epoch: 1 pq: 8 rg: 72 | total time: 3.02m | eta: 15.4m
step 00777/04692 (16.56%) | loss: 3.076544 | lrm: 1.00 | dt: 233.59ms | tok/sec: 2,244,510 | bf16_mfu: 47.12 | epoch: 1 pq: 8 rg: 72 | total time: 3.02m | eta: 15.4m
step 00778/04692 (16.58%) | loss: 3.067385 | lrm: 1.00 | dt: 234.06ms | tok/sec: 2,239,928 | bf16_mfu: 47.02 | epoch: 1 pq: 8 rg: 72 | total time: 3.02m | eta: 15.4m
step 00779/04692 (16.60%) | loss: 3.056825 | lrm: 1.00 | dt: 235.68ms | tok/sec: 2,224,579 | bf16_mfu: 46.70 | epoch: 1 pq: 8 rg: 72 | total time: 3.03m | eta: 15.4m
step 00780/04692 (16.62%) | loss: 3.056184 | lrm: 1.00 | dt: 237.64ms | tok/sec: 2,206,206 | bf16_mfu: 46.31 | epoch: 1 pq: 8 rg: 72 | total time: 3.03m | eta: 15.4m
step 00781/04692 (16.65%) | loss: 3.055461 | lrm: 1.00 | dt: 233.66ms | tok/sec: 2,243,768 | bf16_mfu: 47.10 | epoch: 1 pq: 8 rg: 72 | total time: 3.04m | eta: 15.4m
step 00782/04692 (16.67%) | loss: 3.059364 | lrm: 1.00 | dt: 233.69ms | tok/sec: 2,243,525 | bf16_mfu: 47.10 | epoch: 1 pq: 8 rg: 72 | total time: 3.04m | eta: 15.4m
step 00783/04692 (16.69%) | loss: 3.066652 | lrm: 1.00 | dt: 232.77ms | tok/sec: 2,252,342 | bf16_mfu: 47.28 | epoch: 1 pq: 8 rg: 80 | total time: 3.04m | eta: 15.4m
step 00784/04692 (16.71%) | loss: 3.063770 | lrm: 1.00 | dt: 234.98ms | tok/sec: 2,231,194 | bf16_mfu: 46.84 | epoch: 1 pq: 8 rg: 80 | total time: 3.05m | eta: 15.4m
step 00785/04692 (16.73%) | loss: 3.069645 | lrm: 1.00 | dt: 235.77ms | tok/sec: 2,223,681 | bf16_mfu: 46.68 | epoch: 1 pq: 8 rg: 80 | total time: 3.05m | eta: 15.4m
step 00786/04692 (16.75%) | loss: 3.072079 | lrm: 1.00 | dt: 234.97ms | tok/sec: 2,231,296 | bf16_mfu: 46.84 | epoch: 1 pq: 8 rg: 80 | total time: 3.06m | eta: 15.4m
step 00787/04692 (16.77%) | loss: 3.078384 | lrm: 1.00 | dt: 233.33ms | tok/sec: 2,246,980 | bf16_mfu: 47.17 | epoch: 1 pq: 8 rg: 80 | total time: 3.06m | eta: 15.4m
step 00788/04692 (16.79%) | loss: 3.082603 | lrm: 1.00 | dt: 234.10ms | tok/sec: 2,239,566 | bf16_mfu: 47.01 | epoch: 1 pq: 8 rg: 80 | total time: 3.06m | eta: 15.4m
step 00789/04692 (16.82%) | loss: 3.074348 | lrm: 1.00 | dt: 237.67ms | tok/sec: 2,205,938 | bf16_mfu: 46.31 | epoch: 1 pq: 8 rg: 80 | total time: 3.07m | eta: 15.4m
step 00790/04692 (16.84%) | loss: 3.071338 | lrm: 1.00 | dt: 236.69ms | tok/sec: 2,215,069 | bf16_mfu: 46.50 | epoch: 1 pq: 8 rg: 80 | total time: 3.07m | eta: 15.4m
step 00791/04692 (16.86%) | loss: 3.077841 | lrm: 1.00 | dt: 233.80ms | tok/sec: 2,242,487 | bf16_mfu: 47.08 | epoch: 1 pq: 9 rg: 0 | total time: 3.08m | eta: 15.4m
step 00792/04692 (16.88%) | loss: 3.076644 | lrm: 1.00 | dt: 232.49ms | tok/sec: 2,255,100 | bf16_mfu: 47.34 | epoch: 1 pq: 9 rg: 0 | total time: 3.08m | eta: 15.4m
step 00793/04692 (16.90%) | loss: 3.077885 | lrm: 1.00 | dt: 233.87ms | tok/sec: 2,241,753 | bf16_mfu: 47.06 | epoch: 1 pq: 9 rg: 0 | total time: 3.08m | eta: 15.4m
step 00794/04692 (16.92%) | loss: 3.082205 | lrm: 1.00 | dt: 236.26ms | tok/sec: 2,219,126 | bf16_mfu: 46.59 | epoch: 1 pq: 9 rg: 0 | total time: 3.09m | eta: 15.3m
step 00795/04692 (16.94%) | loss: 3.078502 | lrm: 1.00 | dt: 236.25ms | tok/sec: 2,219,224 | bf16_mfu: 46.59 | epoch: 1 pq: 9 rg: 0 | total time: 3.09m | eta: 15.3m
step 00796/04692 (16.97%) | loss: 3.079305 | lrm: 1.00 | dt: 233.60ms | tok/sec: 2,244,393 | bf16_mfu: 47.12 | epoch: 1 pq: 9 rg: 0 | total time: 3.10m | eta: 15.3m
step 00797/04692 (16.99%) | loss: 3.076764 | lrm: 1.00 | dt: 233.43ms | tok/sec: 2,246,035 | bf16_mfu: 47.15 | epoch: 1 pq: 9 rg: 0 | total time: 3.10m | eta: 15.3m
step 00798/04692 (17.01%) | loss: 3.082714 | lrm: 1.00 | dt: 235.28ms | tok/sec: 2,228,368 | bf16_mfu: 46.78 | epoch: 1 pq: 9 rg: 0 | total time: 3.10m | eta: 15.3m
step 00799/04692 (17.03%) | loss: 3.078728 | lrm: 1.00 | dt: 236.34ms | tok/sec: 2,218,327 | bf16_mfu: 46.57 | epoch: 1 pq: 9 rg: 8 | total time: 3.11m | eta: 15.3m
step 00800/04692 (17.05%) | loss: 3.080542 | lrm: 1.00 | dt: 235.90ms | tok/sec: 2,222,537 | bf16_mfu: 46.66 | epoch: 1 pq: 9 rg: 8 | total time: 3.11m | eta: 15.3m
step 00801/04692 (17.07%) | loss: 3.079745 | lrm: 1.00 | dt: 233.75ms | tok/sec: 2,242,960 | bf16_mfu: 47.09 | epoch: 1 pq: 9 rg: 8 | total time: 3.11m | eta: 15.3m
step 00802/04692 (17.09%) | loss: 3.077129 | lrm: 1.00 | dt: 234.30ms | tok/sec: 2,237,690 | bf16_mfu: 46.98 | epoch: 1 pq: 9 rg: 8 | total time: 3.12m | eta: 15.3m
step 00803/04692 (17.11%) | loss: 3.076741 | lrm: 1.00 | dt: 234.90ms | tok/sec: 2,231,933 | bf16_mfu: 46.85 | epoch: 1 pq: 9 rg: 8 | total time: 3.12m | eta: 15.3m
step 00804/04692 (17.14%) | loss: 3.062788 | lrm: 1.00 | dt: 236.43ms | tok/sec: 2,217,541 | bf16_mfu: 46.55 | epoch: 1 pq: 9 rg: 8 | total time: 3.13m | eta: 15.3m
step 00805/04692 (17.16%) | loss: 3.073471 | lrm: 1.00 | dt: 235.37ms | tok/sec: 2,227,486 | bf16_mfu: 46.76 | epoch: 1 pq: 9 rg: 8 | total time: 3.13m | eta: 15.3m
step 00806/04692 (17.18%) | loss: 3.076280 | lrm: 1.00 | dt: 235.14ms | tok/sec: 2,229,724 | bf16_mfu: 46.81 | epoch: 1 pq: 9 rg: 8 | total time: 3.13m | eta: 15.3m
step 00807/04692 (17.20%) | loss: 3.074403 | lrm: 1.00 | dt: 232.84ms | tok/sec: 2,251,731 | bf16_mfu: 47.27 | epoch: 1 pq: 9 rg: 16 | total time: 3.14m | eta: 15.3m
step 00808/04692 (17.22%) | loss: 3.066711 | lrm: 1.00 | dt: 233.64ms | tok/sec: 2,244,004 | bf16_mfu: 47.11 | epoch: 1 pq: 9 rg: 16 | total time: 3.14m | eta: 15.3m
step 00809/04692 (17.24%) | loss: 3.081771 | lrm: 1.00 | dt: 236.16ms | tok/sec: 2,220,020 | bf16_mfu: 46.60 | epoch: 1 pq: 9 rg: 16 | total time: 3.15m | eta: 15.3m
step 00810/04692 (17.26%) | loss: 3.066489 | lrm: 1.00 | dt: 235.48ms | tok/sec: 2,226,480 | bf16_mfu: 46.74 | epoch: 1 pq: 9 rg: 16 | total time: 3.15m | eta: 15.3m
step 00811/04692 (17.28%) | loss: 3.065330 | lrm: 1.00 | dt: 233.11ms | tok/sec: 2,249,064 | bf16_mfu: 47.21 | epoch: 1 pq: 9 rg: 16 | total time: 3.15m | eta: 15.3m
step 00812/04692 (17.31%) | loss: 3.065531 | lrm: 1.00 | dt: 234.27ms | tok/sec: 2,237,984 | bf16_mfu: 46.98 | epoch: 1 pq: 9 rg: 16 | total time: 3.16m | eta: 15.3m
step 00813/04692 (17.33%) | loss: 3.073409 | lrm: 1.00 | dt: 234.60ms | tok/sec: 2,234,784 | bf16_mfu: 46.91 | epoch: 1 pq: 9 rg: 16 | total time: 3.16m | eta: 15.3m
step 00814/04692 (17.35%) | loss: 3.073918 | lrm: 1.00 | dt: 238.48ms | tok/sec: 2,198,458 | bf16_mfu: 46.15 | epoch: 1 pq: 9 rg: 16 | total time: 3.17m | eta: 15.3m
step 00815/04692 (17.37%) | loss: 3.071981 | lrm: 1.00 | dt: 233.25ms | tok/sec: 2,247,793 | bf16_mfu: 47.19 | epoch: 1 pq: 9 rg: 24 | total time: 3.17m | eta: 15.3m
step 00816/04692 (17.39%) | loss: 3.073744 | lrm: 1.00 | dt: 234.32ms | tok/sec: 2,237,440 | bf16_mfu: 46.97 | epoch: 1 pq: 9 rg: 24 | total time: 3.17m | eta: 15.3m
step 00817/04692 (17.41%) | loss: 3.067678 | lrm: 1.00 | dt: 234.63ms | tok/sec: 2,234,554 | bf16_mfu: 46.91 | epoch: 1 pq: 9 rg: 24 | total time: 3.18m | eta: 15.3m
step 00818/04692 (17.43%) | loss: 3.080175 | lrm: 1.00 | dt: 236.68ms | tok/sec: 2,215,220 | bf16_mfu: 46.50 | epoch: 1 pq: 9 rg: 24 | total time: 3.18m | eta: 15.3m
step 00819/04692 (17.46%) | loss: 3.071144 | lrm: 1.00 | dt: 237.06ms | tok/sec: 2,211,667 | bf16_mfu: 46.43 | epoch: 1 pq: 9 rg: 24 | total time: 3.19m | eta: 15.2m
step 00820/04692 (17.48%) | loss: 3.066376 | lrm: 1.00 | dt: 232.95ms | tok/sec: 2,250,611 | bf16_mfu: 47.25 | epoch: 1 pq: 9 rg: 24 | total time: 3.19m | eta: 15.2m
step 00821/04692 (17.50%) | loss: 3.063550 | lrm: 1.00 | dt: 234.54ms | tok/sec: 2,235,388 | bf16_mfu: 46.93 | epoch: 1 pq: 9 rg: 24 | total time: 3.19m | eta: 15.2m
step 00822/04692 (17.52%) | loss: 3.080738 | lrm: 1.00 | dt: 233.86ms | tok/sec: 2,241,929 | bf16_mfu: 47.06 | epoch: 1 pq: 9 rg: 24 | total time: 3.20m | eta: 15.2m
step 00823/04692 (17.54%) | loss: 3.069367 | lrm: 1.00 | dt: 235.58ms | tok/sec: 2,225,554 | bf16_mfu: 46.72 | epoch: 1 pq: 9 rg: 24 | total time: 3.20m | eta: 15.2m
step 00824/04692 (17.56%) | loss: 3.073748 | lrm: 1.00 | dt: 234.40ms | tok/sec: 2,236,718 | bf16_mfu: 46.96 | epoch: 1 pq: 9 rg: 32 | total time: 3.20m | eta: 15.2m
step 00825/04692 (17.58%) | loss: 3.075734 | lrm: 1.00 | dt: 233.46ms | tok/sec: 2,245,771 | bf16_mfu: 47.15 | epoch: 1 pq: 9 rg: 32 | total time: 3.21m | eta: 15.2m
step 00826/04692 (17.60%) | loss: 3.081197 | lrm: 1.00 | dt: 233.58ms | tok/sec: 2,244,595 | bf16_mfu: 47.12 | epoch: 1 pq: 9 rg: 32 | total time: 3.21m | eta: 15.2m
step 00827/04692 (17.63%) | loss: 3.075437 | lrm: 1.00 | dt: 236.47ms | tok/sec: 2,217,146 | bf16_mfu: 46.54 | epoch: 1 pq: 9 rg: 32 | total time: 3.22m | eta: 15.2m
step 00828/04692 (17.65%) | loss: 3.072455 | lrm: 1.00 | dt: 235.77ms | tok/sec: 2,223,708 | bf16_mfu: 46.68 | epoch: 1 pq: 9 rg: 32 | total time: 3.22m | eta: 15.2m
step 00829/04692 (17.67%) | loss: 3.073146 | lrm: 1.00 | dt: 236.13ms | tok/sec: 2,220,327 | bf16_mfu: 46.61 | epoch: 1 pq: 9 rg: 32 | total time: 3.22m | eta: 15.2m
step 00830/04692 (17.69%) | loss: 3.069143 | lrm: 1.00 | dt: 233.77ms | tok/sec: 2,242,795 | bf16_mfu: 47.08 | epoch: 1 pq: 9 rg: 32 | total time: 3.23m | eta: 15.2m
step 00831/04692 (17.71%) | loss: 3.067464 | lrm: 1.00 | dt: 234.93ms | tok/sec: 2,231,686 | bf16_mfu: 46.85 | epoch: 1 pq: 9 rg: 32 | total time: 3.23m | eta: 15.2m
step 00832/04692 (17.73%) | loss: 3.059412 | lrm: 1.00 | dt: 233.27ms | tok/sec: 2,247,552 | bf16_mfu: 47.18 | epoch: 1 pq: 9 rg: 40 | total time: 3.24m | eta: 15.2m
step 00833/04692 (17.75%) | loss: 3.053936 | lrm: 1.00 | dt: 235.76ms | tok/sec: 2,223,778 | bf16_mfu: 46.68 | epoch: 1 pq: 9 rg: 40 | total time: 3.24m | eta: 15.2m
step 00834/04692 (17.77%) | loss: 3.041192 | lrm: 1.00 | dt: 234.13ms | tok/sec: 2,239,271 | bf16_mfu: 47.01 | epoch: 1 pq: 9 rg: 40 | total time: 3.24m | eta: 15.2m
step 00835/04692 (17.80%) | loss: 3.043582 | lrm: 1.00 | dt: 234.31ms | tok/sec: 2,237,551 | bf16_mfu: 46.97 | epoch: 1 pq: 9 rg: 40 | total time: 3.25m | eta: 15.2m
step 00836/04692 (17.82%) | loss: 3.039326 | lrm: 1.00 | dt: 234.00ms | tok/sec: 2,240,579 | bf16_mfu: 47.04 | epoch: 1 pq: 9 rg: 40 | total time: 3.25m | eta: 15.2m
step 00837/04692 (17.84%) | loss: 3.031384 | lrm: 1.00 | dt: 236.23ms | tok/sec: 2,219,370 | bf16_mfu: 46.59 | epoch: 1 pq: 9 rg: 40 | total time: 3.26m | eta: 15.2m
step 00838/04692 (17.86%) | loss: 3.031498 | lrm: 1.00 | dt: 236.63ms | tok/sec: 2,215,618 | bf16_mfu: 46.51 | epoch: 1 pq: 9 rg: 40 | total time: 3.26m | eta: 15.2m
step 00839/04692 (17.88%) | loss: 3.037853 | lrm: 1.00 | dt: 234.91ms | tok/sec: 2,231,856 | bf16_mfu: 46.85 | epoch: 1 pq: 9 rg: 40 | total time: 3.26m | eta: 15.2m
step 00840/04692 (17.90%) | loss: 3.044311 | lrm: 1.00 | dt: 232.40ms | tok/sec: 2,255,984 | bf16_mfu: 47.36 | epoch: 1 pq: 9 rg: 48 | total time: 3.27m | eta: 15.2m
step 00841/04692 (17.92%) | loss: 3.036843 | lrm: 1.00 | dt: 234.23ms | tok/sec: 2,238,341 | bf16_mfu: 46.99 | epoch: 1 pq: 9 rg: 48 | total time: 3.27m | eta: 15.2m
step 00842/04692 (17.95%) | loss: 3.037220 | lrm: 1.00 | dt: 234.82ms | tok/sec: 2,232,710 | bf16_mfu: 46.87 | epoch: 1 pq: 9 rg: 48 | total time: 3.28m | eta: 15.2m
step 00843/04692 (17.97%) | loss: 3.047992 | lrm: 1.00 | dt: 237.13ms | tok/sec: 2,210,989 | bf16_mfu: 46.42 | epoch: 1 pq: 9 rg: 48 | total time: 3.28m | eta: 15.2m
step 00844/04692 (17.99%) | loss: 3.035854 | lrm: 1.00 | dt: 233.58ms | tok/sec: 2,244,544 | bf16_mfu: 47.12 | epoch: 1 pq: 9 rg: 48 | total time: 3.28m | eta: 15.1m
step 00845/04692 (18.01%) | loss: 3.049433 | lrm: 1.00 | dt: 234.80ms | tok/sec: 2,232,869 | bf16_mfu: 46.87 | epoch: 1 pq: 9 rg: 48 | total time: 3.29m | eta: 15.1m
step 00846/04692 (18.03%) | loss: 3.035709 | lrm: 1.00 | dt: 233.36ms | tok/sec: 2,246,711 | bf16_mfu: 47.16 | epoch: 1 pq: 9 rg: 48 | total time: 3.29m | eta: 15.1m
step 00847/04692 (18.05%) | loss: 3.034612 | lrm: 1.00 | dt: 235.33ms | tok/sec: 2,227,851 | bf16_mfu: 46.77 | epoch: 1 pq: 9 rg: 48 | total time: 3.29m | eta: 15.1m
step 00848/04692 (18.07%) | loss: 3.030451 | lrm: 1.00 | dt: 236.05ms | tok/sec: 2,221,092 | bf16_mfu: 46.63 | epoch: 1 pq: 9 rg: 48 | total time: 3.30m | eta: 15.1m
step 00849/04692 (18.09%) | loss: 3.036217 | lrm: 1.00 | dt: 233.82ms | tok/sec: 2,242,247 | bf16_mfu: 47.07 | epoch: 1 pq: 9 rg: 56 | total time: 3.30m | eta: 15.1m
step 00850/04692 (18.12%) | loss: 3.034498 | lrm: 1.00 | dt: 232.82ms | tok/sec: 2,251,897 | bf16_mfu: 47.27 | epoch: 1 pq: 9 rg: 56 | total time: 3.31m | eta: 15.1m
step 00851/04692 (18.14%) | loss: 3.035021 | lrm: 1.00 | dt: 235.71ms | tok/sec: 2,224,318 | bf16_mfu: 46.69 | epoch: 1 pq: 9 rg: 56 | total time: 3.31m | eta: 15.1m
step 00852/04692 (18.16%) | loss: 3.032295 | lrm: 1.00 | dt: 236.74ms | tok/sec: 2,214,649 | bf16_mfu: 46.49 | epoch: 1 pq: 9 rg: 56 | total time: 3.31m | eta: 15.1m
step 00853/04692 (18.18%) | loss: 3.029801 | lrm: 1.00 | dt: 237.82ms | tok/sec: 2,204,561 | bf16_mfu: 46.28 | epoch: 1 pq: 9 rg: 56 | total time: 3.32m | eta: 15.1m
step 00854/04692 (18.20%) | loss: 3.029145 | lrm: 1.00 | dt: 234.22ms | tok/sec: 2,238,451 | bf16_mfu: 46.99 | epoch: 1 pq: 9 rg: 56 | total time: 3.32m | eta: 15.1m
step 00855/04692 (18.22%) | loss: 3.034261 | lrm: 1.00 | dt: 234.71ms | tok/sec: 2,233,792 | bf16_mfu: 46.89 | epoch: 1 pq: 9 rg: 56 | total time: 3.33m | eta: 15.1m
step 00856/04692 (18.24%) | loss: 3.038875 | lrm: 1.00 | dt: 234.28ms | tok/sec: 2,237,913 | bf16_mfu: 46.98 | epoch: 1 pq: 9 rg: 56 | total time: 3.33m | eta: 15.1m
step 00857/04692 (18.27%) | loss: 3.055562 | lrm: 1.00 | dt: 235.56ms | tok/sec: 2,225,750 | bf16_mfu: 46.72 | epoch: 1 pq: 9 rg: 64 | total time: 3.33m | eta: 15.1m
step 00858/04692 (18.29%) | loss: 3.059225 | lrm: 1.00 | dt: 236.06ms | tok/sec: 2,220,982 | bf16_mfu: 46.62 | epoch: 1 pq: 9 rg: 64 | total time: 3.34m | eta: 15.1m
step 00859/04692 (18.31%) | loss: 3.059692 | lrm: 1.00 | dt: 233.21ms | tok/sec: 2,248,140 | bf16_mfu: 47.19 | epoch: 1 pq: 9 rg: 64 | total time: 3.34m | eta: 15.1m
step 00860/04692 (18.33%) | loss: 3.058401 | lrm: 1.00 | dt: 232.92ms | tok/sec: 2,250,934 | bf16_mfu: 47.25 | epoch: 1 pq: 9 rg: 64 | total time: 3.35m | eta: 15.1m
step 00861/04692 (18.35%) | loss: 3.063884 | lrm: 1.00 | dt: 235.59ms | tok/sec: 2,225,414 | bf16_mfu: 46.72 | epoch: 1 pq: 9 rg: 64 | total time: 3.35m | eta: 15.1m
step 00862/04692 (18.37%) | loss: 3.059745 | lrm: 1.00 | dt: 235.66ms | tok/sec: 2,224,759 | bf16_mfu: 46.70 | epoch: 1 pq: 9 rg: 64 | total time: 3.35m | eta: 15.1m
step 00863/04692 (18.39%) | loss: 3.055296 | lrm: 1.00 | dt: 233.80ms | tok/sec: 2,242,461 | bf16_mfu: 47.08 | epoch: 1 pq: 9 rg: 64 | total time: 3.36m | eta: 15.1m
step 00864/04692 (18.41%) | loss: 3.062011 | lrm: 1.00 | dt: 234.81ms | tok/sec: 2,232,821 | bf16_mfu: 46.87 | epoch: 1 pq: 9 rg: 64 | total time: 3.36m | eta: 15.1m
step 00865/04692 (18.44%) | loss: 3.057516 | lrm: 1.00 | dt: 234.67ms | tok/sec: 2,234,139 | bf16_mfu: 46.90 | epoch: 1 pq: 9 rg: 72 | total time: 3.37m | eta: 15.1m
step 00866/04692 (18.46%) | loss: 3.054565 | lrm: 1.00 | dt: 236.52ms | tok/sec: 2,216,717 | bf16_mfu: 46.54 | epoch: 1 pq: 9 rg: 72 | total time: 3.37m | eta: 15.1m
step 00867/04692 (18.48%) | loss: 3.054645 | lrm: 1.00 | dt: 235.95ms | tok/sec: 2,222,068 | bf16_mfu: 46.65 | epoch: 1 pq: 9 rg: 72 | total time: 3.37m | eta: 15.1m
step 00868/04692 (18.50%) | loss: 3.059524 | lrm: 1.00 | dt: 233.68ms | tok/sec: 2,243,660 | bf16_mfu: 47.10 | epoch: 1 pq: 9 rg: 72 | total time: 3.38m | eta: 15.1m
step 00869/04692 (18.52%) | loss: 3.050430 | lrm: 1.00 | dt: 232.36ms | tok/sec: 2,256,380 | bf16_mfu: 47.37 | epoch: 1 pq: 9 rg: 72 | total time: 3.38m | eta: 15.0m
step 00870/04692 (18.54%) | loss: 3.042206 | lrm: 1.00 | dt: 234.50ms | tok/sec: 2,235,752 | bf16_mfu: 46.93 | epoch: 1 pq: 9 rg: 72 | total time: 3.38m | eta: 15.0m
step 00871/04692 (18.56%) | loss: 3.048787 | lrm: 1.00 | dt: 236.17ms | tok/sec: 2,219,948 | bf16_mfu: 46.60 | epoch: 1 pq: 9 rg: 72 | total time: 3.39m | eta: 15.0m
step 00872/04692 (18.58%) | loss: 3.046912 | lrm: 1.00 | dt: 235.10ms | tok/sec: 2,230,036 | bf16_mfu: 46.81 | epoch: 1 pq: 9 rg: 72 | total time: 3.39m | eta: 15.0m
step 00873/04692 (18.61%) | loss: 3.046064 | lrm: 1.00 | dt: 234.74ms | tok/sec: 2,233,447 | bf16_mfu: 46.89 | epoch: 1 pq: 9 rg: 80 | total time: 3.40m | eta: 15.0m
step 00874/04692 (18.63%) | loss: 3.034975 | lrm: 1.00 | dt: 232.93ms | tok/sec: 2,250,885 | bf16_mfu: 47.25 | epoch: 1 pq: 9 rg: 80 | total time: 3.40m | eta: 15.0m
step 00875/04692 (18.65%) | loss: 3.034172 | lrm: 1.00 | dt: 235.19ms | tok/sec: 2,229,170 | bf16_mfu: 46.80 | epoch: 1 pq: 9 rg: 80 | total time: 3.40m | eta: 15.0m
step 00876/04692 (18.67%) | loss: 3.039957 | lrm: 1.00 | dt: 235.72ms | tok/sec: 2,224,153 | bf16_mfu: 46.69 | epoch: 1 pq: 9 rg: 80 | total time: 3.41m | eta: 15.0m
step 00877/04692 (18.69%) | loss: 3.039994 | lrm: 1.00 | dt: 235.02ms | tok/sec: 2,230,850 | bf16_mfu: 46.83 | epoch: 1 pq: 9 rg: 80 | total time: 3.41m | eta: 15.0m
step 00878/04692 (18.71%) | loss: 3.055964 | lrm: 1.00 | dt: 233.88ms | tok/sec: 2,241,673 | bf16_mfu: 47.06 | epoch: 1 pq: 9 rg: 80 | total time: 3.42m | eta: 15.0m
step 00879/04692 (18.73%) | loss: 3.056066 | lrm: 1.00 | dt: 233.71ms | tok/sec: 2,243,340 | bf16_mfu: 47.09 | epoch: 1 pq: 9 rg: 80 | total time: 3.42m | eta: 15.0m
step 00880/04692 (18.76%) | loss: 3.059344 | lrm: 1.00 | dt: 235.26ms | tok/sec: 2,228,578 | bf16_mfu: 46.78 | epoch: 1 pq: 9 rg: 80 | total time: 3.42m | eta: 15.0m
step 00881/04692 (18.78%) | loss: 3.061881 | lrm: 1.00 | dt: 234.68ms | tok/sec: 2,234,048 | bf16_mfu: 46.90 | epoch: 1 pq: 10 rg: 0 | total time: 3.43m | eta: 15.0m
step 00882/04692 (18.80%) | loss: 3.062695 | lrm: 1.00 | dt: 234.22ms | tok/sec: 2,238,462 | bf16_mfu: 46.99 | epoch: 1 pq: 10 rg: 0 | total time: 3.43m | eta: 15.0m
step 00883/04692 (18.82%) | loss: 3.063148 | lrm: 1.00 | dt: 232.62ms | tok/sec: 2,253,841 | bf16_mfu: 47.31 | epoch: 1 pq: 10 rg: 0 | total time: 3.44m | eta: 15.0m
step 00884/04692 (18.84%) | loss: 3.059688 | lrm: 1.00 | dt: 235.70ms | tok/sec: 2,224,430 | bf16_mfu: 46.70 | epoch: 1 pq: 10 rg: 0 | total time: 3.44m | eta: 15.0m
step 00885/04692 (18.86%) | loss: 3.059684 | lrm: 1.00 | dt: 237.13ms | tok/sec: 2,210,980 | bf16_mfu: 46.41 | epoch: 1 pq: 10 rg: 0 | total time: 3.44m | eta: 15.0m
step 00886/04692 (18.88%) | loss: 3.066185 | lrm: 1.00 | dt: 235.45ms | tok/sec: 2,226,764 | bf16_mfu: 46.75 | epoch: 1 pq: 10 rg: 0 | total time: 3.45m | eta: 15.0m
step 00887/04692 (18.90%) | loss: 3.063603 | lrm: 1.00 | dt: 232.76ms | tok/sec: 2,252,456 | bf16_mfu: 47.29 | epoch: 1 pq: 10 rg: 0 | total time: 3.45m | eta: 15.0m
step 00888/04692 (18.93%) | loss: 3.070116 | lrm: 1.00 | dt: 233.18ms | tok/sec: 2,248,471 | bf16_mfu: 47.20 | epoch: 1 pq: 10 rg: 0 | total time: 3.46m | eta: 15.0m
step 00889/04692 (18.95%) | loss: 3.070186 | lrm: 1.00 | dt: 234.42ms | tok/sec: 2,236,550 | bf16_mfu: 46.95 | epoch: 1 pq: 10 rg: 0 | total time: 3.46m | eta: 15.0m
step 00890/04692 (18.97%) | loss: 3.056847 | lrm: 1.00 | dt: 236.47ms | tok/sec: 2,217,123 | bf16_mfu: 46.54 | epoch: 1 pq: 10 rg: 8 | total time: 3.46m | eta: 15.0m
step 00891/04692 (18.99%) | loss: 3.044131 | lrm: 1.00 | dt: 234.51ms | tok/sec: 2,235,677 | bf16_mfu: 46.93 | epoch: 1 pq: 10 rg: 8 | total time: 3.47m | eta: 15.0m
step 00892/04692 (19.01%) | loss: 3.048275 | lrm: 1.00 | dt: 232.81ms | tok/sec: 2,252,006 | bf16_mfu: 47.28 | epoch: 1 pq: 10 rg: 8 | total time: 3.47m | eta: 15.0m
step 00893/04692 (19.03%) | loss: 3.049890 | lrm: 1.00 | dt: 232.98ms | tok/sec: 2,250,376 | bf16_mfu: 47.24 | epoch: 1 pq: 10 rg: 8 | total time: 3.47m | eta: 14.9m
step 00894/04692 (19.05%) | loss: 3.045015 | lrm: 1.00 | dt: 235.57ms | tok/sec: 2,225,608 | bf16_mfu: 46.72 | epoch: 1 pq: 10 rg: 8 | total time: 3.48m | eta: 14.9m
step 00895/04692 (19.08%) | loss: 3.048945 | lrm: 1.00 | dt: 234.42ms | tok/sec: 2,236,500 | bf16_mfu: 46.95 | epoch: 1 pq: 10 rg: 8 | total time: 3.48m | eta: 14.9m
step 00896/04692 (19.10%) | loss: 3.053838 | lrm: 1.00 | dt: 235.80ms | tok/sec: 2,223,459 | bf16_mfu: 46.68 | epoch: 1 pq: 10 rg: 8 | total time: 3.49m | eta: 14.9m
step 00897/04692 (19.12%) | loss: 3.051800 | lrm: 1.00 | dt: 232.44ms | tok/sec: 2,255,563 | bf16_mfu: 47.35 | epoch: 1 pq: 10 rg: 8 | total time: 3.49m | eta: 14.9m
step 00898/04692 (19.14%) | loss: 3.054966 | lrm: 1.00 | dt: 236.58ms | tok/sec: 2,216,080 | bf16_mfu: 46.52 | epoch: 1 pq: 10 rg: 16 | total time: 3.49m | eta: 14.9m
step 00899/04692 (19.16%) | loss: 3.067979 | lrm: 1.00 | dt: 235.53ms | tok/sec: 2,226,031 | bf16_mfu: 46.73 | epoch: 1 pq: 10 rg: 16 | total time: 3.50m | eta: 14.9m
step 00900/04692 (19.18%) | loss: 3.072717 | lrm: 1.00 | dt: 233.76ms | tok/sec: 2,242,830 | bf16_mfu: 47.08 | epoch: 1 pq: 10 rg: 16 | total time: 3.50m | eta: 14.9m
step 00901/04692 (19.20%) | loss: 3.069850 | lrm: 1.00 | dt: 234.05ms | tok/sec: 2,240,086 | bf16_mfu: 47.03 | epoch: 1 pq: 10 rg: 16 | total time: 3.51m | eta: 14.9m
step 00902/04692 (19.22%) | loss: 3.056924 | lrm: 1.00 | dt: 234.69ms | tok/sec: 2,233,921 | bf16_mfu: 46.90 | epoch: 1 pq: 10 rg: 16 | total time: 3.51m | eta: 14.9m
step 00903/04692 (19.25%) | loss: 3.047365 | lrm: 1.00 | dt: 236.91ms | tok/sec: 2,213,040 | bf16_mfu: 46.46 | epoch: 1 pq: 10 rg: 16 | total time: 3.51m | eta: 14.9m
step 00904/04692 (19.27%) | loss: 3.047331 | lrm: 1.00 | dt: 235.82ms | tok/sec: 2,223,299 | bf16_mfu: 46.67 | epoch: 1 pq: 10 rg: 16 | total time: 3.52m | eta: 14.9m
step 00905/04692 (19.29%) | loss: 3.041287 | lrm: 1.00 | dt: 235.51ms | tok/sec: 2,226,178 | bf16_mfu: 46.73 | epoch: 1 pq: 10 rg: 16 | total time: 3.52m | eta: 14.9m
step 00906/04692 (19.31%) | loss: 3.040017 | lrm: 1.00 | dt: 233.88ms | tok/sec: 2,241,661 | bf16_mfu: 47.06 | epoch: 1 pq: 10 rg: 24 | total time: 3.53m | eta: 14.9m
step 00907/04692 (19.33%) | loss: 3.023074 | lrm: 1.00 | dt: 233.43ms | tok/sec: 2,246,018 | bf16_mfu: 47.15 | epoch: 1 pq: 10 rg: 24 | total time: 3.53m | eta: 14.9m
step 00908/04692 (19.35%) | loss: 3.021714 | lrm: 1.00 | dt: 234.90ms | tok/sec: 2,231,998 | bf16_mfu: 46.86 | epoch: 1 pq: 10 rg: 24 | total time: 3.53m | eta: 14.9m
step 00909/04692 (19.37%) | loss: 3.018389 | lrm: 1.00 | dt: 236.42ms | tok/sec: 2,217,611 | bf16_mfu: 46.55 | epoch: 1 pq: 10 rg: 24 | total time: 3.54m | eta: 14.9m
step 00910/04692 (19.39%) | loss: 3.024662 | lrm: 1.00 | dt: 234.79ms | tok/sec: 2,232,977 | bf16_mfu: 46.88 | epoch: 1 pq: 10 rg: 24 | total time: 3.54m | eta: 14.9m
step 00911/04692 (19.42%) | loss: 3.023422 | lrm: 1.00 | dt: 234.07ms | tok/sec: 2,239,848 | bf16_mfu: 47.02 | epoch: 1 pq: 10 rg: 24 | total time: 3.55m | eta: 14.9m
step 00912/04692 (19.44%) | loss: 3.019837 | lrm: 1.00 | dt: 232.64ms | tok/sec: 2,253,600 | bf16_mfu: 47.31 | epoch: 1 pq: 10 rg: 24 | total time: 3.55m | eta: 14.9m
step 00913/04692 (19.46%) | loss: 3.018525 | lrm: 1.00 | dt: 235.95ms | tok/sec: 2,222,018 | bf16_mfu: 46.65 | epoch: 1 pq: 10 rg: 24 | total time: 3.55m | eta: 14.9m
step 00914/04692 (19.48%) | loss: 3.027597 | lrm: 1.00 | dt: 235.58ms | tok/sec: 2,225,484 | bf16_mfu: 46.72 | epoch: 1 pq: 10 rg: 24 | total time: 3.56m | eta: 14.9m
step 00915/04692 (19.50%) | loss: 3.025116 | lrm: 1.00 | dt: 234.86ms | tok/sec: 2,232,309 | bf16_mfu: 46.86 | epoch: 1 pq: 10 rg: 32 | total time: 3.56m | eta: 14.9m
step 00916/04692 (19.52%) | loss: 3.024417 | lrm: 1.00 | dt: 232.68ms | tok/sec: 2,253,284 | bf16_mfu: 47.30 | epoch: 1 pq: 10 rg: 32 | total time: 3.56m | eta: 14.9m
step 00917/04692 (19.54%) | loss: 3.030069 | lrm: 1.00 | dt: 233.39ms | tok/sec: 2,246,383 | bf16_mfu: 47.16 | epoch: 1 pq: 10 rg: 32 | total time: 3.57m | eta: 14.9m
step 00918/04692 (19.57%) | loss: 3.038328 | lrm: 1.00 | dt: 235.87ms | tok/sec: 2,222,791 | bf16_mfu: 46.66 | epoch: 1 pq: 10 rg: 32 | total time: 3.57m | eta: 14.8m
step 00919/04692 (19.59%) | loss: 3.035672 | lrm: 1.00 | dt: 235.75ms | tok/sec: 2,223,881 | bf16_mfu: 46.69 | epoch: 1 pq: 10 rg: 32 | total time: 3.58m | eta: 14.8m
step 00920/04692 (19.61%) | loss: 3.034433 | lrm: 1.00 | dt: 234.28ms | tok/sec: 2,237,902 | bf16_mfu: 46.98 | epoch: 1 pq: 10 rg: 32 | total time: 3.58m | eta: 14.8m
step 00921/04692 (19.63%) | loss: 3.043760 | lrm: 1.00 | dt: 233.52ms | tok/sec: 2,245,147 | bf16_mfu: 47.13 | epoch: 1 pq: 10 rg: 32 | total time: 3.58m | eta: 14.8m
step 00922/04692 (19.65%) | loss: 3.043929 | lrm: 1.00 | dt: 235.21ms | tok/sec: 2,229,044 | bf16_mfu: 46.79 | epoch: 1 pq: 10 rg: 32 | total time: 3.59m | eta: 14.8m
step 00923/04692 (19.67%) | loss: 3.036535 | lrm: 1.00 | dt: 237.24ms | tok/sec: 2,209,958 | bf16_mfu: 46.39 | epoch: 1 pq: 10 rg: 40 | total time: 3.59m | eta: 14.8m
step 00924/04692 (19.69%) | loss: 3.037792 | lrm: 1.00 | dt: 235.21ms | tok/sec: 2,229,039 | bf16_mfu: 46.79 | epoch: 1 pq: 10 rg: 40 | total time: 3.60m | eta: 14.8m
step 00925/04692 (19.71%) | loss: 3.042853 | lrm: 1.00 | dt: 234.32ms | tok/sec: 2,237,494 | bf16_mfu: 46.97 | epoch: 1 pq: 10 rg: 40 | total time: 3.60m | eta: 14.8m
step 00926/04692 (19.74%) | loss: 3.050276 | lrm: 1.00 | dt: 231.52ms | tok/sec: 2,264,568 | bf16_mfu: 47.54 | epoch: 1 pq: 10 rg: 40 | total time: 3.60m | eta: 14.8m
step 00927/04692 (19.76%) | loss: 3.043714 | lrm: 1.00 | dt: 234.44ms | tok/sec: 2,236,372 | bf16_mfu: 46.95 | epoch: 1 pq: 10 rg: 40 | total time: 3.61m | eta: 14.8m
step 00928/04692 (19.78%) | loss: 3.031229 | lrm: 1.00 | dt: 235.78ms | tok/sec: 2,223,629 | bf16_mfu: 46.68 | epoch: 1 pq: 10 rg: 40 | total time: 3.61m | eta: 14.8m
step 00929/04692 (19.80%) | loss: 3.031244 | lrm: 1.00 | dt: 234.97ms | tok/sec: 2,231,298 | bf16_mfu: 46.84 | epoch: 1 pq: 10 rg: 40 | total time: 3.62m | eta: 14.8m
step 00930/04692 (19.82%) | loss: 3.032478 | lrm: 1.00 | dt: 233.74ms | tok/sec: 2,243,084 | bf16_mfu: 47.09 | epoch: 1 pq: 10 rg: 40 | total time: 3.62m | eta: 14.8m
step 00931/04692 (19.84%) | loss: 3.026097 | lrm: 1.00 | dt: 234.97ms | tok/sec: 2,231,289 | bf16_mfu: 46.84 | epoch: 1 pq: 10 rg: 48 | total time: 3.62m | eta: 14.8m
step 00932/04692 (19.86%) | loss: 3.036613 | lrm: 1.00 | dt: 236.39ms | tok/sec: 2,217,922 | bf16_mfu: 46.56 | epoch: 1 pq: 10 rg: 48 | total time: 3.63m | eta: 14.8m
step 00933/04692 (19.88%) | loss: 3.027547 | lrm: 1.00 | dt: 236.21ms | tok/sec: 2,219,610 | bf16_mfu: 46.60 | epoch: 1 pq: 10 rg: 48 | total time: 3.63m | eta: 14.8m
step 00934/04692 (19.91%) | loss: 3.020551 | lrm: 1.00 | dt: 232.68ms | tok/sec: 2,253,270 | bf16_mfu: 47.30 | epoch: 1 pq: 10 rg: 48 | total time: 3.64m | eta: 14.8m
step 00935/04692 (19.93%) | loss: 3.015352 | lrm: 1.00 | dt: 233.31ms | tok/sec: 2,247,210 | bf16_mfu: 47.18 | epoch: 1 pq: 10 rg: 48 | total time: 3.64m | eta: 14.8m
step 00936/04692 (19.95%) | loss: 3.013776 | lrm: 1.00 | dt: 233.92ms | tok/sec: 2,241,300 | bf16_mfu: 47.05 | epoch: 1 pq: 10 rg: 48 | total time: 3.64m | eta: 14.8m
step 00937/04692 (19.97%) | loss: 3.010898 | lrm: 1.00 | dt: 239.97ms | tok/sec: 2,184,767 | bf16_mfu: 45.86 | epoch: 1 pq: 10 rg: 48 | total time: 3.65m | eta: 14.8m
step 00938/04692 (19.99%) | loss: 3.019637 | lrm: 1.00 | dt: 235.05ms | tok/sec: 2,230,563 | bf16_mfu: 46.83 | epoch: 1 pq: 10 rg: 48 | total time: 3.65m | eta: 14.8m
step 00939/04692 (20.01%) | loss: 3.021787 | lrm: 1.00 | dt: 234.31ms | tok/sec: 2,237,583 | bf16_mfu: 46.97 | epoch: 1 pq: 10 rg: 48 | total time: 3.65m | eta: 14.8m
step 00940/04692 (20.03%) | loss: 3.012241 | lrm: 1.00 | dt: 233.06ms | tok/sec: 2,249,596 | bf16_mfu: 47.23 | epoch: 1 pq: 10 rg: 56 | total time: 3.66m | eta: 14.8m
step 00941/04692 (20.06%) | loss: 3.021862 | lrm: 1.00 | dt: 234.74ms | tok/sec: 2,233,499 | bf16_mfu: 46.89 | epoch: 1 pq: 10 rg: 56 | total time: 3.66m | eta: 14.8m
step 00942/04692 (20.08%) | loss: 3.023688 | lrm: 1.00 | dt: 235.54ms | tok/sec: 2,225,939 | bf16_mfu: 46.73 | epoch: 1 pq: 10 rg: 56 | total time: 3.67m | eta: 14.8m
step 00943/04692 (20.10%) | loss: 3.014354 | lrm: 1.00 | dt: 234.54ms | tok/sec: 2,235,345 | bf16_mfu: 46.93 | epoch: 1 pq: 10 rg: 56 | total time: 3.67m | eta: 14.7m
step 00944/04692 (20.12%) | loss: 3.019890 | lrm: 1.00 | dt: 232.86ms | tok/sec: 2,251,551 | bf16_mfu: 47.27 | epoch: 1 pq: 10 rg: 56 | total time: 3.67m | eta: 14.7m
step 00945/04692 (20.14%) | loss: 3.019281 | lrm: 1.00 | dt: 235.12ms | tok/sec: 2,229,828 | bf16_mfu: 46.81 | epoch: 1 pq: 10 rg: 56 | total time: 3.68m | eta: 14.7m
step 00946/04692 (20.16%) | loss: 3.021349 | lrm: 1.00 | dt: 233.93ms | tok/sec: 2,241,232 | bf16_mfu: 47.05 | epoch: 1 pq: 10 rg: 56 | total time: 3.68m | eta: 14.7m
step 00947/04692 (20.18%) | loss: 3.025787 | lrm: 1.00 | dt: 235.19ms | tok/sec: 2,229,199 | bf16_mfu: 46.80 | epoch: 1 pq: 10 rg: 56 | total time: 3.69m | eta: 14.7m
step 00948/04692 (20.20%) | loss: 3.008037 | lrm: 1.00 | dt: 233.52ms | tok/sec: 2,245,136 | bf16_mfu: 47.13 | epoch: 1 pq: 10 rg: 64 | total time: 3.69m | eta: 14.7m
step 00949/04692 (20.23%) | loss: 3.010544 | lrm: 1.00 | dt: 235.35ms | tok/sec: 2,227,680 | bf16_mfu: 46.77 | epoch: 1 pq: 10 rg: 64 | total time: 3.69m | eta: 14.7m
step 00950/04692 (20.25%) | loss: 3.015737 | lrm: 1.00 | dt: 233.89ms | tok/sec: 2,241,575 | bf16_mfu: 47.06 | epoch: 1 pq: 10 rg: 64 | total time: 3.70m | eta: 14.7m
step 00951/04692 (20.27%) | loss: 3.023226 | lrm: 1.00 | dt: 235.15ms | tok/sec: 2,229,577 | bf16_mfu: 46.81 | epoch: 1 pq: 10 rg: 64 | total time: 3.70m | eta: 14.7m
step 00952/04692 (20.29%) | loss: 3.032803 | lrm: 1.00 | dt: 233.95ms | tok/sec: 2,241,017 | bf16_mfu: 47.05 | epoch: 1 pq: 10 rg: 64 | total time: 3.71m | eta: 14.7m
step 00953/04692 (20.31%) | loss: 3.038416 | lrm: 1.00 | dt: 234.40ms | tok/sec: 2,236,759 | bf16_mfu: 46.96 | epoch: 1 pq: 10 rg: 64 | total time: 3.71m | eta: 14.7m
step 00954/04692 (20.33%) | loss: 3.043584 | lrm: 1.00 | dt: 233.47ms | tok/sec: 2,245,585 | bf16_mfu: 47.14 | epoch: 1 pq: 10 rg: 64 | total time: 3.71m | eta: 14.7m
step 00955/04692 (20.35%) | loss: 3.041723 | lrm: 1.00 | dt: 236.20ms | tok/sec: 2,219,690 | bf16_mfu: 46.60 | epoch: 1 pq: 10 rg: 64 | total time: 3.72m | eta: 14.7m
step 00956/04692 (20.38%) | loss: 3.033908 | lrm: 1.00 | dt: 233.48ms | tok/sec: 2,245,498 | bf16_mfu: 47.14 | epoch: 1 pq: 10 rg: 72 | total time: 3.72m | eta: 14.7m
step 00957/04692 (20.40%) | loss: 3.023745 | lrm: 1.00 | dt: 234.43ms | tok/sec: 2,236,438 | bf16_mfu: 46.95 | epoch: 1 pq: 10 rg: 72 | total time: 3.72m | eta: 14.7m
step 00958/04692 (20.42%) | loss: 3.031515 | lrm: 1.00 | dt: 232.86ms | tok/sec: 2,251,471 | bf16_mfu: 47.26 | epoch: 1 pq: 10 rg: 72 | total time: 3.73m | eta: 14.7m
step 00959/04692 (20.44%) | loss: 3.029552 | lrm: 1.00 | dt: 235.77ms | tok/sec: 2,223,742 | bf16_mfu: 46.68 | epoch: 1 pq: 10 rg: 72 | total time: 3.73m | eta: 14.7m
step 00960/04692 (20.46%) | loss: 3.025960 | lrm: 1.00 | dt: 234.89ms | tok/sec: 2,232,062 | bf16_mfu: 46.86 | epoch: 1 pq: 10 rg: 72 | total time: 3.74m | eta: 14.7m
step 00961/04692 (20.48%) | loss: 3.022768 | lrm: 1.00 | dt: 234.32ms | tok/sec: 2,237,522 | bf16_mfu: 46.97 | epoch: 1 pq: 10 rg: 72 | total time: 3.74m | eta: 14.7m
step 00962/04692 (20.50%) | loss: 3.017682 | lrm: 1.00 | dt: 235.49ms | tok/sec: 2,226,390 | bf16_mfu: 46.74 | epoch: 1 pq: 10 rg: 72 | total time: 3.74m | eta: 14.7m
step 00963/04692 (20.52%) | loss: 3.022129 | lrm: 1.00 | dt: 234.11ms | tok/sec: 2,239,534 | bf16_mfu: 47.01 | epoch: 1 pq: 10 rg: 72 | total time: 3.75m | eta: 14.7m
step 00964/04692 (20.55%) | loss: 3.023005 | lrm: 1.00 | dt: 234.85ms | tok/sec: 2,232,451 | bf16_mfu: 46.87 | epoch: 1 pq: 10 rg: 72 | total time: 3.75m | eta: 14.7m
step 00965/04692 (20.57%) | loss: 3.031788 | lrm: 1.00 | dt: 235.35ms | tok/sec: 2,227,691 | bf16_mfu: 46.77 | epoch: 1 pq: 10 rg: 80 | total time: 3.76m | eta: 14.7m
step 00966/04692 (20.59%) | loss: 3.023234 | lrm: 1.00 | dt: 236.03ms | tok/sec: 2,221,314 | bf16_mfu: 46.63 | epoch: 1 pq: 10 rg: 80 | total time: 3.76m | eta: 14.7m
step 00967/04692 (20.61%) | loss: 3.016271 | lrm: 1.00 | dt: 233.90ms | tok/sec: 2,241,465 | bf16_mfu: 47.05 | epoch: 1 pq: 10 rg: 80 | total time: 3.76m | eta: 14.7m
step 00968/04692 (20.63%) | loss: 3.018091 | lrm: 1.00 | dt: 233.59ms | tok/sec: 2,244,460 | bf16_mfu: 47.12 | epoch: 1 pq: 10 rg: 80 | total time: 3.77m | eta: 14.6m
step 00969/04692 (20.65%) | loss: 3.025626 | lrm: 1.00 | dt: 235.17ms | tok/sec: 2,229,444 | bf16_mfu: 46.80 | epoch: 1 pq: 10 rg: 80 | total time: 3.77m | eta: 14.6m
step 00970/04692 (20.67%) | loss: 3.026920 | lrm: 1.00 | dt: 235.09ms | tok/sec: 2,230,201 | bf16_mfu: 46.82 | epoch: 1 pq: 10 rg: 80 | total time: 3.78m | eta: 14.6m
step 00971/04692 (20.69%) | loss: 3.022037 | lrm: 1.00 | dt: 233.80ms | tok/sec: 2,242,491 | bf16_mfu: 47.08 | epoch: 1 pq: 10 rg: 80 | total time: 3.78m | eta: 14.6m
step 00972/04692 (20.72%) | loss: 3.019525 | lrm: 1.00 | dt: 233.89ms | tok/sec: 2,241,604 | bf16_mfu: 47.06 | epoch: 1 pq: 11 rg: 0 | total time: 3.78m | eta: 14.6m
step 00973/04692 (20.74%) | loss: 3.018752 | lrm: 1.00 | dt: 235.70ms | tok/sec: 2,224,345 | bf16_mfu: 46.70 | epoch: 1 pq: 11 rg: 0 | total time: 3.79m | eta: 14.6m
step 00974/04692 (20.76%) | loss: 3.024438 | lrm: 1.00 | dt: 235.80ms | tok/sec: 2,223,488 | bf16_mfu: 46.68 | epoch: 1 pq: 11 rg: 0 | total time: 3.79m | eta: 14.6m
step 00975/04692 (20.78%) | loss: 3.014343 | lrm: 1.00 | dt: 234.94ms | tok/sec: 2,231,541 | bf16_mfu: 46.85 | epoch: 1 pq: 11 rg: 0 | total time: 3.80m | eta: 14.6m
step 00976/04692 (20.80%) | loss: 3.010386 | lrm: 1.00 | dt: 233.62ms | tok/sec: 2,244,228 | bf16_mfu: 47.11 | epoch: 1 pq: 11 rg: 0 | total time: 3.80m | eta: 14.6m
step 00977/04692 (20.82%) | loss: 3.016514 | lrm: 1.00 | dt: 232.94ms | tok/sec: 2,250,720 | bf16_mfu: 47.25 | epoch: 1 pq: 11 rg: 0 | total time: 3.80m | eta: 14.6m
step 00978/04692 (20.84%) | loss: 3.020751 | lrm: 1.00 | dt: 236.30ms | tok/sec: 2,218,714 | bf16_mfu: 46.58 | epoch: 1 pq: 11 rg: 0 | total time: 3.81m | eta: 14.6m
step 00979/04692 (20.87%) | loss: 3.017971 | lrm: 1.00 | dt: 236.77ms | tok/sec: 2,214,364 | bf16_mfu: 46.49 | epoch: 1 pq: 11 rg: 0 | total time: 3.81m | eta: 14.6m
step 00980/04692 (20.89%) | loss: 3.007589 | lrm: 1.00 | dt: 233.53ms | tok/sec: 2,245,065 | bf16_mfu: 47.13 | epoch: 1 pq: 11 rg: 0 | total time: 3.81m | eta: 14.6m
step 00981/04692 (20.91%) | loss: 3.011073 | lrm: 1.00 | dt: 235.75ms | tok/sec: 2,223,944 | bf16_mfu: 46.69 | epoch: 1 pq: 11 rg: 8 | total time: 3.82m | eta: 14.6m
step 00982/04692 (20.93%) | loss: 3.004338 | lrm: 1.00 | dt: 234.41ms | tok/sec: 2,236,627 | bf16_mfu: 46.95 | epoch: 1 pq: 11 rg: 8 | total time: 3.82m | eta: 14.6m
step 00983/04692 (20.95%) | loss: 3.011345 | lrm: 1.00 | dt: 235.55ms | tok/sec: 2,225,786 | bf16_mfu: 46.73 | epoch: 1 pq: 11 rg: 8 | total time: 3.83m | eta: 14.6m
step 00984/04692 (20.97%) | loss: 3.011319 | lrm: 1.00 | dt: 237.00ms | tok/sec: 2,212,228 | bf16_mfu: 46.44 | epoch: 1 pq: 11 rg: 8 | total time: 3.83m | eta: 14.6m
step 00985/04692 (20.99%) | loss: 3.016566 | lrm: 1.00 | dt: 234.08ms | tok/sec: 2,239,753 | bf16_mfu: 47.02 | epoch: 1 pq: 11 rg: 8 | total time: 3.83m | eta: 14.6m
step 00986/04692 (21.01%) | loss: 3.008827 | lrm: 1.00 | dt: 233.46ms | tok/sec: 2,245,702 | bf16_mfu: 47.14 | epoch: 1 pq: 11 rg: 8 | total time: 3.84m | eta: 14.6m
step 00987/04692 (21.04%) | loss: 3.013412 | lrm: 1.00 | dt: 232.97ms | tok/sec: 2,250,473 | bf16_mfu: 47.24 | epoch: 1 pq: 11 rg: 8 | total time: 3.84m | eta: 14.6m
step 00988/04692 (21.06%) | loss: 3.010975 | lrm: 1.00 | dt: 237.16ms | tok/sec: 2,210,686 | bf16_mfu: 46.41 | epoch: 1 pq: 11 rg: 8 | total time: 3.85m | eta: 14.6m
step 00989/04692 (21.08%) | loss: 3.021524 | lrm: 1.00 | dt: 235.53ms | tok/sec: 2,225,984 | bf16_mfu: 46.73 | epoch: 1 pq: 11 rg: 16 | total time: 3.85m | eta: 14.6m
step 00990/04692 (21.10%) | loss: 3.018000 | lrm: 1.00 | dt: 234.33ms | tok/sec: 2,237,417 | bf16_mfu: 46.97 | epoch: 1 pq: 11 rg: 16 | total time: 3.85m | eta: 14.6m
step 00991/04692 (21.12%) | loss: 3.004900 | lrm: 1.00 | dt: 234.64ms | tok/sec: 2,234,450 | bf16_mfu: 46.91 | epoch: 1 pq: 11 rg: 16 | total time: 3.86m | eta: 14.6m
step 00992/04692 (21.14%) | loss: 2.999555 | lrm: 1.00 | dt: 232.16ms | tok/sec: 2,258,301 | bf16_mfu: 47.41 | epoch: 1 pq: 11 rg: 16 | total time: 3.86m | eta: 14.6m
step 00993/04692 (21.16%) | loss: 3.010782 | lrm: 1.00 | dt: 236.27ms | tok/sec: 2,219,023 | bf16_mfu: 46.58 | epoch: 1 pq: 11 rg: 16 | total time: 3.87m | eta: 14.5m
step 00994/04692 (21.18%) | loss: 3.009349 | lrm: 1.00 | dt: 235.71ms | tok/sec: 2,224,264 | bf16_mfu: 46.69 | epoch: 1 pq: 11 rg: 16 | total time: 3.87m | eta: 14.5m
step 00995/04692 (21.21%) | loss: 3.017508 | lrm: 1.00 | dt: 233.22ms | tok/sec: 2,248,025 | bf16_mfu: 47.19 | epoch: 1 pq: 11 rg: 16 | total time: 3.87m | eta: 14.5m
step 00996/04692 (21.23%) | loss: 3.009907 | lrm: 1.00 | dt: 232.92ms | tok/sec: 2,250,911 | bf16_mfu: 47.25 | epoch: 1 pq: 11 rg: 16 | total time: 3.88m | eta: 14.5m
step 00997/04692 (21.25%) | loss: 3.007458 | lrm: 1.00 | dt: 236.18ms | tok/sec: 2,219,822 | bf16_mfu: 46.60 | epoch: 1 pq: 11 rg: 24 | total time: 3.88m | eta: 14.5m
step 00998/04692 (21.27%) | loss: 3.007022 | lrm: 1.00 | dt: 235.84ms | tok/sec: 2,223,052 | bf16_mfu: 46.67 | epoch: 1 pq: 11 rg: 24 | total time: 3.89m | eta: 14.5m
step 00999/04692 (21.29%) | loss: 2.989681 | lrm: 1.00 | dt: 234.42ms | tok/sec: 2,236,534 | bf16_mfu: 46.95 | epoch: 1 pq: 11 rg: 24 | total time: 3.89m | eta: 14.5m
Step 01000 | Validation bpb: 0.914827
Evaluating: hellaswag_zeroshot (0-shot, type: multiple_choice)... accuracy: 0.3360 | centered: 0.1147 | time: 1.64s
Evaluating: jeopardy (10-shot, type: language_modeling)... accuracy: 0.0100 | centered: 0.0100 | time: 1.18s
Evaluating: bigbench_qa_wikidata (10-shot, type: language_modeling)... accuracy: 0.2100 | centered: 0.2100 | time: 1.17s
Evaluating: arc_easy (10-shot, type: multiple_choice)... accuracy: 0.5260 | centered: 0.3680 | time: 1.32s
Evaluating: arc_challenge (10-shot, type: multiple_choice)... accuracy: 0.2700 | centered: 0.0267 | time: 1.27s
Evaluating: copa (0-shot, type: multiple_choice)... accuracy: 0.5400 | centered: 0.0800 | time: 0.25s
Evaluating: commonsense_qa (10-shot, type: multiple_choice)... accuracy: 0.2660 | centered: 0.0825 | time: 1.22s
Evaluating: piqa (10-shot, type: multiple_choice)... accuracy: 0.6680 | centered: 0.3360 | time: 1.23s
Evaluating: openbook_qa (0-shot, type: multiple_choice)... accuracy: 0.2940 | centered: 0.0587 | time: 1.08s
Evaluating: lambada_openai (0-shot, type: language_modeling)... accuracy: 0.2820 | centered: 0.2820 | time: 1.12s
Evaluating: hellaswag (10-shot, type: multiple_choice)... accuracy: 0.3340 | centered: 0.1120 | time: 1.50s
Evaluating: winograd (0-shot, type: schema)... accuracy: 0.5568 | centered: 0.1136 | time: 0.54s
Evaluating: winogrande (0-shot, type: schema)... accuracy: 0.5320 | centered: 0.0640 | time: 0.91s
Evaluating: bigbench_dyck_languages (10-shot, type: language_modeling)... accuracy: 0.1040 | centered: 0.1040 | time: 1.19s
Evaluating: agi_eval_lsat_ar (3-shot, type: multiple_choice)... accuracy: 0.2174 | centered: 0.0217 | time: 0.64s
Evaluating: bigbench_cs_algorithms (10-shot, type: language_modeling)... accuracy: 0.3720 | centered: 0.3720 | time: 1.12s
Evaluating: bigbench_operators (10-shot, type: language_modeling)... accuracy: 0.0905 | centered: 0.0905 | time: 0.49s
Evaluating: bigbench_repeat_copy_logic (10-shot, type: language_modeling)... accuracy: 0.0000 | centered: 0.0000 | time: 0.08s
Evaluating: squad (10-shot, type: language_modeling)... accuracy: 0.0960 | centered: 0.0960 | time: 1.46s
Evaluating: coqa (0-shot, type: language_modeling)... accuracy: 0.1420 | centered: 0.1420 | time: 1.27s
Evaluating: boolq (10-shot, type: multiple_choice)... accuracy: 0.4780 | centered: -0.3737 | time: 1.39s
Evaluating: bigbench_language_identification (10-shot, type: multiple_choice)... accuracy: 0.2820 | centered: 0.2101 | time: 1.81s
Step 01000 | CORE metric: 0.1146
2026-03-06 21:10:22,152 - nanochat.checkpoint_manager - [32m[1mINFO[0m - Saved optimizer state to: /data/.cache/nanochat/base_checkpoints/part3/d16_baseline/optim_001000_rank6.pt
2026-03-06 21:10:22,153 - nanochat.checkpoint_manager - [32m[1mINFO[0m - Saved optimizer state to: /data/.cache/nanochat/base_checkpoints/part3/d16_baseline/optim_001000_rank7.pt
2026-03-06 21:10:22,157 - nanochat.checkpoint_manager - [32m[1mINFO[0m - Saved optimizer state to: /data/.cache/nanochat/base_checkpoints/part3/d16_baseline/optim_001000_rank3.pt
2026-03-06 21:10:22,157 - nanochat.checkpoint_manager - [32m[1mINFO[0m - Saved optimizer state to: /data/.cache/nanochat/base_checkpoints/part3/d16_baseline/optim_001000_rank1.pt
2026-03-06 21:10:22,163 - nanochat.checkpoint_manager - [32m[1mINFO[0m - Saved optimizer state to: /data/.cache/nanochat/base_checkpoints/part3/d16_baseline/optim_001000_rank4.pt
2026-03-06 21:10:22,164 - nanochat.checkpoint_manager - [32m[1mINFO[0m - Saved optimizer state to: /data/.cache/nanochat/base_checkpoints/part3/d16_baseline/optim_001000_rank2.pt
2026-03-06 21:10:22,166 - nanochat.checkpoint_manager - [32m[1mINFO[0m - Saved optimizer state to: /data/.cache/nanochat/base_checkpoints/part3/d16_baseline/optim_001000_rank5.pt
2026-03-06 21:10:24,377 - nanochat.checkpoint_manager - [32m[1mINFO[0m - Saved model parameters to: /data/.cache/nanochat/base_checkpoints/part3/d16_baseline/model_001000.pt
2026-03-06 21:10:24,380 - nanochat.checkpoint_manager - [32m[1mINFO[0m - Saved metadata to: /data/.cache/nanochat/base_checkpoints/part3/d16_baseline/meta_001000.json
2026-03-06 21:10:24,884 - nanochat.checkpoint_manager - [32m[1mINFO[0m - Saved optimizer state to: /data/.cache/nanochat/base_checkpoints/part3/d16_baseline/optim_001000_rank0.pt
step 01000/04692 (21.31%) | loss: 2.982250 | lrm: 1.00 | dt: 224.56ms | tok/sec: 2,334,771 | bf16_mfu: 49.01 | epoch: 1 pq: 11 rg: 24 | total time: 3.89m | eta: 14.5m
step 01001/04692 (21.33%) | loss: 2.979465 | lrm: 1.00 | dt: 226.66ms | tok/sec: 2,313,112 | bf16_mfu: 48.56 | epoch: 1 pq: 11 rg: 24 | total time: 3.90m | eta: 14.5m
step 01002/04692 (21.36%) | loss: 2.985166 | lrm: 1.00 | dt: 230.14ms | tok/sec: 2,278,169 | bf16_mfu: 47.83 | epoch: 1 pq: 11 rg: 24 | total time: 3.90m | eta: 14.5m
step 01003/04692 (21.38%) | loss: 2.996416 | lrm: 1.00 | dt: 237.92ms | tok/sec: 2,203,600 | bf16_mfu: 46.26 | epoch: 1 pq: 11 rg: 24 | total time: 3.90m | eta: 14.5m
step 01004/04692 (21.40%) | loss: 3.001754 | lrm: 1.00 | dt: 238.25ms | tok/sec: 2,200,625 | bf16_mfu: 46.20 | epoch: 1 pq: 11 rg: 24 | total time: 3.91m | eta: 14.5m
step 01005/04692 (21.42%) | loss: 3.000563 | lrm: 1.00 | dt: 237.31ms | tok/sec: 2,209,340 | bf16_mfu: 46.38 | epoch: 1 pq: 11 rg: 32 | total time: 3.91m | eta: 14.5m
step 01006/04692 (21.44%) | loss: 2.983614 | lrm: 1.00 | dt: 229.41ms | tok/sec: 2,285,361 | bf16_mfu: 47.98 | epoch: 1 pq: 11 rg: 32 | total time: 3.92m | eta: 14.5m
step 01007/04692 (21.46%) | loss: 2.988208 | lrm: 1.00 | dt: 234.42ms | tok/sec: 2,236,541 | bf16_mfu: 46.95 | epoch: 1 pq: 11 rg: 32 | total time: 3.92m | eta: 14.5m
step 01008/04692 (21.48%) | loss: 2.993744 | lrm: 1.00 | dt: 243.66ms | tok/sec: 2,151,747 | bf16_mfu: 45.17 | epoch: 1 pq: 11 rg: 32 | total time: 3.92m | eta: 14.5m
step 01009/04692 (21.50%) | loss: 2.988461 | lrm: 1.00 | dt: 233.64ms | tok/sec: 2,244,029 | bf16_mfu: 47.11 | epoch: 1 pq: 11 rg: 32 | total time: 3.93m | eta: 14.5m
step 01010/04692 (21.53%) | loss: 2.985881 | lrm: 1.00 | dt: 234.50ms | tok/sec: 2,235,799 | bf16_mfu: 46.94 | epoch: 1 pq: 11 rg: 32 | total time: 3.93m | eta: 14.5m
step 01011/04692 (21.55%) | loss: 2.991409 | lrm: 1.00 | dt: 232.54ms | tok/sec: 2,254,587 | bf16_mfu: 47.33 | epoch: 1 pq: 11 rg: 32 | total time: 3.94m | eta: 14.5m
step 01012/04692 (21.57%) | loss: 2.984625 | lrm: 1.00 | dt: 236.80ms | tok/sec: 2,214,038 | bf16_mfu: 46.48 | epoch: 1 pq: 11 rg: 32 | total time: 3.94m | eta: 14.5m
step 01013/04692 (21.59%) | loss: 2.987863 | lrm: 1.00 | dt: 234.40ms | tok/sec: 2,236,771 | bf16_mfu: 46.96 | epoch: 1 pq: 11 rg: 32 | total time: 3.94m | eta: 14.5m
step 01014/04692 (21.61%) | loss: 2.984334 | lrm: 1.00 | dt: 233.18ms | tok/sec: 2,248,460 | bf16_mfu: 47.20 | epoch: 1 pq: 11 rg: 40 | total time: 3.95m | eta: 14.5m
step 01015/04692 (21.63%) | loss: 2.979584 | lrm: 1.00 | dt: 233.54ms | tok/sec: 2,245,003 | bf16_mfu: 47.13 | epoch: 1 pq: 11 rg: 40 | total time: 3.95m | eta: 14.5m
step 01016/04692 (21.65%) | loss: 2.969339 | lrm: 1.00 | dt: 240.52ms | tok/sec: 2,179,767 | bf16_mfu: 45.76 | epoch: 1 pq: 11 rg: 40 | total time: 3.96m | eta: 14.5m
step 01017/04692 (21.68%) | loss: 2.964258 | lrm: 1.00 | dt: 235.09ms | tok/sec: 2,230,174 | bf16_mfu: 46.82 | epoch: 1 pq: 11 rg: 40 | total time: 3.96m | eta: 14.5m
step 01018/04692 (21.70%) | loss: 2.964533 | lrm: 1.00 | dt: 232.52ms | tok/sec: 2,254,795 | bf16_mfu: 47.33 | epoch: 1 pq: 11 rg: 40 | total time: 3.96m | eta: 14.4m
step 01019/04692 (21.72%) | loss: 2.973386 | lrm: 1.00 | dt: 233.40ms | tok/sec: 2,246,301 | bf16_mfu: 47.16 | epoch: 1 pq: 11 rg: 40 | total time: 3.97m | eta: 14.4m
step 01020/04692 (21.74%) | loss: 2.990626 | lrm: 1.00 | dt: 233.00ms | tok/sec: 2,250,183 | bf16_mfu: 47.24 | epoch: 1 pq: 11 rg: 40 | total time: 3.97m | eta: 14.4m
step 01021/04692 (21.76%) | loss: 2.992686 | lrm: 1.00 | dt: 235.03ms | tok/sec: 2,230,748 | bf16_mfu: 46.83 | epoch: 1 pq: 11 rg: 40 | total time: 3.98m | eta: 14.4m
step 01022/04692 (21.78%) | loss: 3.010072 | lrm: 1.00 | dt: 233.60ms | tok/sec: 2,244,354 | bf16_mfu: 47.12 | epoch: 1 pq: 11 rg: 48 | total time: 3.98m | eta: 14.4m
step 01023/04692 (21.80%) | loss: 3.002792 | lrm: 1.00 | dt: 234.68ms | tok/sec: 2,234,021 | bf16_mfu: 46.90 | epoch: 1 pq: 11 rg: 48 | total time: 3.98m | eta: 14.4m
step 01024/04692 (21.82%) | loss: 3.001206 | lrm: 1.00 | dt: 233.38ms | tok/sec: 2,246,496 | bf16_mfu: 47.16 | epoch: 1 pq: 11 rg: 48 | total time: 3.99m | eta: 14.4m
step 01025/04692 (21.85%) | loss: 2.993747 | lrm: 1.00 | dt: 235.67ms | tok/sec: 2,224,628 | bf16_mfu: 46.70 | epoch: 1 pq: 11 rg: 48 | total time: 3.99m | eta: 14.4m
step 01026/04692 (21.87%) | loss: 2.993189 | lrm: 1.00 | dt: 232.23ms | tok/sec: 2,257,591 | bf16_mfu: 47.39 | epoch: 1 pq: 11 rg: 48 | total time: 3.99m | eta: 14.4m
step 01027/04692 (21.89%) | loss: 2.997786 | lrm: 1.00 | dt: 234.52ms | tok/sec: 2,235,593 | bf16_mfu: 46.93 | epoch: 1 pq: 11 rg: 48 | total time: 4.00m | eta: 14.4m
step 01028/04692 (21.91%) | loss: 3.000583 | lrm: 1.00 | dt: 234.18ms | tok/sec: 2,238,863 | bf16_mfu: 47.00 | epoch: 1 pq: 11 rg: 48 | total time: 4.00m | eta: 14.4m
step 01029/04692 (21.93%) | loss: 2.999395 | lrm: 1.00 | dt: 233.44ms | tok/sec: 2,245,906 | bf16_mfu: 47.15 | epoch: 1 pq: 11 rg: 48 | total time: 4.01m | eta: 14.4m
step 01030/04692 (21.95%) | loss: 3.008535 | lrm: 1.00 | dt: 232.83ms | tok/sec: 2,251,791 | bf16_mfu: 47.27 | epoch: 1 pq: 11 rg: 56 | total time: 4.01m | eta: 14.4m
step 01031/04692 (21.97%) | loss: 3.002331 | lrm: 1.00 | dt: 234.34ms | tok/sec: 2,237,335 | bf16_mfu: 46.97 | epoch: 1 pq: 11 rg: 56 | total time: 4.01m | eta: 14.4m
step 01032/04692 (21.99%) | loss: 3.000322 | lrm: 1.00 | dt: 234.84ms | tok/sec: 2,232,495 | bf16_mfu: 46.87 | epoch: 1 pq: 11 rg: 56 | total time: 4.02m | eta: 14.4m
step 01033/04692 (22.02%) | loss: 2.990039 | lrm: 1.00 | dt: 235.39ms | tok/sec: 2,227,310 | bf16_mfu: 46.76 | epoch: 1 pq: 11 rg: 56 | total time: 4.02m | eta: 14.4m
step 01034/04692 (22.04%) | loss: 2.991561 | lrm: 1.00 | dt: 235.31ms | tok/sec: 2,228,063 | bf16_mfu: 46.77 | epoch: 1 pq: 11 rg: 56 | total time: 4.03m | eta: 14.4m
step 01035/04692 (22.06%) | loss: 2.989205 | lrm: 1.00 | dt: 232.99ms | tok/sec: 2,250,257 | bf16_mfu: 47.24 | epoch: 1 pq: 11 rg: 56 | total time: 4.03m | eta: 14.4m
step 01036/04692 (22.08%) | loss: 2.991075 | lrm: 1.00 | dt: 233.71ms | tok/sec: 2,243,370 | bf16_mfu: 47.09 | epoch: 1 pq: 11 rg: 56 | total time: 4.03m | eta: 14.4m
step 01037/04692 (22.10%) | loss: 2.980571 | lrm: 1.00 | dt: 233.67ms | tok/sec: 2,243,736 | bf16_mfu: 47.10 | epoch: 1 pq: 11 rg: 56 | total time: 4.04m | eta: 14.4m
step 01038/04692 (22.12%) | loss: 2.997441 | lrm: 1.00 | dt: 234.65ms | tok/sec: 2,234,368 | bf16_mfu: 46.91 | epoch: 1 pq: 11 rg: 56 | total time: 4.04m | eta: 14.4m
step 01039/04692 (22.14%) | loss: 2.975200 | lrm: 1.00 | dt: 233.26ms | tok/sec: 2,247,653 | bf16_mfu: 47.18 | epoch: 1 pq: 11 rg: 64 | total time: 4.05m | eta: 14.4m
step 01040/04692 (22.17%) | loss: 2.973596 | lrm: 1.00 | dt: 236.06ms | tok/sec: 2,221,000 | bf16_mfu: 46.63 | epoch: 1 pq: 11 rg: 64 | total time: 4.05m | eta: 14.4m
step 01041/04692 (22.19%) | loss: 2.976581 | lrm: 1.00 | dt: 235.34ms | tok/sec: 2,227,790 | bf16_mfu: 46.77 | epoch: 1 pq: 11 rg: 64 | total time: 4.05m | eta: 14.4m
step 01042/04692 (22.21%) | loss: 2.972170 | lrm: 1.00 | dt: 234.64ms | tok/sec: 2,234,452 | bf16_mfu: 46.91 | epoch: 1 pq: 11 rg: 64 | total time: 4.06m | eta: 14.3m
step 01043/04692 (22.23%) | loss: 2.971775 | lrm: 1.00 | dt: 233.76ms | tok/sec: 2,242,800 | bf16_mfu: 47.08 | epoch: 1 pq: 11 rg: 64 | total time: 4.06m | eta: 14.3m
step 01044/04692 (22.25%) | loss: 2.969898 | lrm: 1.00 | dt: 233.67ms | tok/sec: 2,243,720 | bf16_mfu: 47.10 | epoch: 1 pq: 11 rg: 64 | total time: 4.06m | eta: 14.3m
step 01045/04692 (22.27%) | loss: 2.967614 | lrm: 1.00 | dt: 236.71ms | tok/sec: 2,214,930 | bf16_mfu: 46.50 | epoch: 1 pq: 11 rg: 64 | total time: 4.07m | eta: 14.3m
step 01046/04692 (22.29%) | loss: 2.975829 | lrm: 1.00 | dt: 234.57ms | tok/sec: 2,235,149 | bf16_mfu: 46.92 | epoch: 1 pq: 11 rg: 64 | total time: 4.07m | eta: 14.3m
step 01047/04692 (22.31%) | loss: 2.981017 | lrm: 1.00 | dt: 233.52ms | tok/sec: 2,245,131 | bf16_mfu: 47.13 | epoch: 1 pq: 11 rg: 72 | total time: 4.08m | eta: 14.3m
step 01048/04692 (22.34%) | loss: 2.980629 | lrm: 1.00 | dt: 233.86ms | tok/sec: 2,241,901 | bf16_mfu: 47.06 | epoch: 1 pq: 11 rg: 72 | total time: 4.08m | eta: 14.3m
step 01049/04692 (22.36%) | loss: 2.973292 | lrm: 1.00 | dt: 236.22ms | tok/sec: 2,219,477 | bf16_mfu: 46.59 | epoch: 1 pq: 11 rg: 72 | total time: 4.08m | eta: 14.3m
step 01050/04692 (22.38%) | loss: 2.980812 | lrm: 1.00 | dt: 235.52ms | tok/sec: 2,226,106 | bf16_mfu: 46.73 | epoch: 1 pq: 11 rg: 72 | total time: 4.09m | eta: 14.3m
step 01051/04692 (22.40%) | loss: 2.975471 | lrm: 1.00 | dt: 233.92ms | tok/sec: 2,241,355 | bf16_mfu: 47.05 | epoch: 1 pq: 11 rg: 72 | total time: 4.09m | eta: 14.3m
step 01052/04692 (22.42%) | loss: 2.980263 | lrm: 1.00 | dt: 234.27ms | tok/sec: 2,237,941 | bf16_mfu: 46.98 | epoch: 1 pq: 11 rg: 72 | total time: 4.10m | eta: 14.3m
step 01053/04692 (22.44%) | loss: 2.987355 | lrm: 1.00 | dt: 233.20ms | tok/sec: 2,248,207 | bf16_mfu: 47.20 | epoch: 1 pq: 11 rg: 72 | total time: 4.10m | eta: 14.3m
step 01054/04692 (22.46%) | loss: 2.981570 | lrm: 1.00 | dt: 235.80ms | tok/sec: 2,223,429 | bf16_mfu: 46.68 | epoch: 1 pq: 11 rg: 72 | total time: 4.10m | eta: 14.3m
step 01055/04692 (22.49%) | loss: 2.979720 | lrm: 1.00 | dt: 235.14ms | tok/sec: 2,229,672 | bf16_mfu: 46.81 | epoch: 1 pq: 11 rg: 80 | total time: 4.11m | eta: 14.3m
step 01056/04692 (22.51%) | loss: 2.978886 | lrm: 1.00 | dt: 233.74ms | tok/sec: 2,243,010 | bf16_mfu: 47.09 | epoch: 1 pq: 11 rg: 80 | total time: 4.11m | eta: 14.3m
step 01057/04692 (22.53%) | loss: 2.962050 | lrm: 1.00 | dt: 233.58ms | tok/sec: 2,244,595 | bf16_mfu: 47.12 | epoch: 1 pq: 11 rg: 80 | total time: 4.12m | eta: 14.3m
step 01058/04692 (22.55%) | loss: 2.969848 | lrm: 1.00 | dt: 234.78ms | tok/sec: 2,233,082 | bf16_mfu: 46.88 | epoch: 1 pq: 11 rg: 80 | total time: 4.12m | eta: 14.3m
step 01059/04692 (22.57%) | loss: 2.973626 | lrm: 1.00 | dt: 236.38ms | tok/sec: 2,217,962 | bf16_mfu: 46.56 | epoch: 1 pq: 11 rg: 80 | total time: 4.12m | eta: 14.3m
step 01060/04692 (22.59%) | loss: 2.989368 | lrm: 1.00 | dt: 232.56ms | tok/sec: 2,254,391 | bf16_mfu: 47.33 | epoch: 1 pq: 11 rg: 80 | total time: 4.13m | eta: 14.3m
step 01061/04692 (22.61%) | loss: 2.999028 | lrm: 1.00 | dt: 232.66ms | tok/sec: 2,253,420 | bf16_mfu: 47.31 | epoch: 1 pq: 11 rg: 80 | total time: 4.13m | eta: 14.3m
step 01062/04692 (22.63%) | loss: 3.004622 | lrm: 1.00 | dt: 233.13ms | tok/sec: 2,248,924 | bf16_mfu: 47.21 | epoch: 1 pq: 11 rg: 80 | total time: 4.14m | eta: 14.3m
step 01063/04692 (22.66%) | loss: 3.008414 | lrm: 1.00 | dt: 236.80ms | tok/sec: 2,214,083 | bf16_mfu: 46.48 | epoch: 1 pq: 12 rg: 0 | total time: 4.14m | eta: 14.3m
step 01064/04692 (22.68%) | loss: 3.009308 | lrm: 1.00 | dt: 233.66ms | tok/sec: 2,243,777 | bf16_mfu: 47.10 | epoch: 1 pq: 12 rg: 0 | total time: 4.14m | eta: 14.3m
step 01065/04692 (22.70%) | loss: 3.010277 | lrm: 1.00 | dt: 232.62ms | tok/sec: 2,253,820 | bf16_mfu: 47.31 | epoch: 1 pq: 12 rg: 0 | total time: 4.15m | eta: 14.3m
step 01066/04692 (22.72%) | loss: 3.012318 | lrm: 1.00 | dt: 234.55ms | tok/sec: 2,235,252 | bf16_mfu: 46.92 | epoch: 1 pq: 12 rg: 0 | total time: 4.15m | eta: 14.3m
step 01067/04692 (22.74%) | loss: 3.010441 | lrm: 1.00 | dt: 237.49ms | tok/sec: 2,207,590 | bf16_mfu: 46.34 | epoch: 1 pq: 12 rg: 0 | total time: 4.15m | eta: 14.2m
step 01068/04692 (22.76%) | loss: 3.015575 | lrm: 1.00 | dt: 235.62ms | tok/sec: 2,225,139 | bf16_mfu: 46.71 | epoch: 1 pq: 12 rg: 0 | total time: 4.16m | eta: 14.2m
step 01069/04692 (22.78%) | loss: 2.997646 | lrm: 1.00 | dt: 232.87ms | tok/sec: 2,251,432 | bf16_mfu: 47.26 | epoch: 1 pq: 12 rg: 0 | total time: 4.16m | eta: 14.2m
step 01070/04692 (22.80%) | loss: 2.988432 | lrm: 1.00 | dt: 232.03ms | tok/sec: 2,259,526 | bf16_mfu: 47.43 | epoch: 1 pq: 12 rg: 0 | total time: 4.17m | eta: 14.2m
step 01071/04692 (22.83%) | loss: 2.996817 | lrm: 1.00 | dt: 236.19ms | tok/sec: 2,219,731 | bf16_mfu: 46.60 | epoch: 1 pq: 12 rg: 8 | total time: 4.17m | eta: 14.2m
step 01072/04692 (22.85%) | loss: 2.998911 | lrm: 1.00 | dt: 236.53ms | tok/sec: 2,216,589 | bf16_mfu: 46.53 | epoch: 1 pq: 12 rg: 8 | total time: 4.17m | eta: 14.2m
step 01073/04692 (22.87%) | loss: 3.003488 | lrm: 1.00 | dt: 235.95ms | tok/sec: 2,222,023 | bf16_mfu: 46.65 | epoch: 1 pq: 12 rg: 8 | total time: 4.18m | eta: 14.2m
step 01074/04692 (22.89%) | loss: 3.000482 | lrm: 1.00 | dt: 233.40ms | tok/sec: 2,246,303 | bf16_mfu: 47.16 | epoch: 1 pq: 12 rg: 8 | total time: 4.18m | eta: 14.2m
step 01075/04692 (22.91%) | loss: 3.006971 | lrm: 1.00 | dt: 232.82ms | tok/sec: 2,251,886 | bf16_mfu: 47.27 | epoch: 1 pq: 12 rg: 8 | total time: 4.19m | eta: 14.2m
step 01076/04692 (22.93%) | loss: 3.004528 | lrm: 1.00 | dt: 235.93ms | tok/sec: 2,222,223 | bf16_mfu: 46.65 | epoch: 1 pq: 12 rg: 8 | total time: 4.19m | eta: 14.2m
step 01077/04692 (22.95%) | loss: 3.008936 | lrm: 1.00 | dt: 236.54ms | tok/sec: 2,216,527 | bf16_mfu: 46.53 | epoch: 1 pq: 12 rg: 8 | total time: 4.19m | eta: 14.2m
step 01078/04692 (22.98%) | loss: 2.998717 | lrm: 1.00 | dt: 233.56ms | tok/sec: 2,244,792 | bf16_mfu: 47.12 | epoch: 1 pq: 12 rg: 8 | total time: 4.20m | eta: 14.2m
step 01079/04692 (23.00%) | loss: 3.002759 | lrm: 1.00 | dt: 233.08ms | tok/sec: 2,249,416 | bf16_mfu: 47.22 | epoch: 1 pq: 12 rg: 8 | total time: 4.20m | eta: 14.2m
step 01080/04692 (23.02%) | loss: 2.998475 | lrm: 1.00 | dt: 234.02ms | tok/sec: 2,240,325 | bf16_mfu: 47.03 | epoch: 1 pq: 12 rg: 16 | total time: 4.21m | eta: 14.2m
step 01081/04692 (23.04%) | loss: 2.999355 | lrm: 1.00 | dt: 236.55ms | tok/sec: 2,216,352 | bf16_mfu: 46.53 | epoch: 1 pq: 12 rg: 16 | total time: 4.21m | eta: 14.2m
step 01082/04692 (23.06%) | loss: 2.990753 | lrm: 1.00 | dt: 232.53ms | tok/sec: 2,254,747 | bf16_mfu: 47.33 | epoch: 1 pq: 12 rg: 16 | total time: 4.21m | eta: 14.2m
step 01083/04692 (23.08%) | loss: 2.989947 | lrm: 1.00 | dt: 234.27ms | tok/sec: 2,237,956 | bf16_mfu: 46.98 | epoch: 1 pq: 12 rg: 16 | total time: 4.22m | eta: 14.2m
step 01084/04692 (23.10%) | loss: 3.000561 | lrm: 1.00 | dt: 234.86ms | tok/sec: 2,232,336 | bf16_mfu: 46.86 | epoch: 1 pq: 12 rg: 16 | total time: 4.22m | eta: 14.2m
step 01085/04692 (23.12%) | loss: 2.990188 | lrm: 1.00 | dt: 237.08ms | tok/sec: 2,211,407 | bf16_mfu: 46.42 | epoch: 1 pq: 12 rg: 16 | total time: 4.23m | eta: 14.2m
step 01086/04692 (23.15%) | loss: 2.994282 | lrm: 1.00 | dt: 235.40ms | tok/sec: 2,227,255 | bf16_mfu: 46.76 | epoch: 1 pq: 12 rg: 16 | total time: 4.23m | eta: 14.2m
step 01087/04692 (23.17%) | loss: 2.984689 | lrm: 1.00 | dt: 233.84ms | tok/sec: 2,242,103 | bf16_mfu: 47.07 | epoch: 1 pq: 12 rg: 16 | total time: 4.23m | eta: 14.2m
step 01088/04692 (23.19%) | loss: 2.977286 | lrm: 1.00 | dt: 233.17ms | tok/sec: 2,248,542 | bf16_mfu: 47.20 | epoch: 1 pq: 12 rg: 24 | total time: 4.24m | eta: 14.2m
step 01089/04692 (23.21%) | loss: 2.976226 | lrm: 1.00 | dt: 234.53ms | tok/sec: 2,235,438 | bf16_mfu: 46.93 | epoch: 1 pq: 12 rg: 24 | total time: 4.24m | eta: 14.2m
step 01090/04692 (23.23%) | loss: 2.976346 | lrm: 1.00 | dt: 235.60ms | tok/sec: 2,225,322 | bf16_mfu: 46.72 | epoch: 1 pq: 12 rg: 24 | total time: 4.24m | eta: 14.2m
step 01091/04692 (23.25%) | loss: 2.977314 | lrm: 1.00 | dt: 234.54ms | tok/sec: 2,235,427 | bf16_mfu: 46.93 | epoch: 1 pq: 12 rg: 24 | total time: 4.25m | eta: 14.2m
step 01092/04692 (23.27%) | loss: 2.978723 | lrm: 1.00 | dt: 233.69ms | tok/sec: 2,243,480 | bf16_mfu: 47.10 | epoch: 1 pq: 12 rg: 24 | total time: 4.25m | eta: 14.1m
step 01093/04692 (23.29%) | loss: 2.988294 | lrm: 1.00 | dt: 233.01ms | tok/sec: 2,250,031 | bf16_mfu: 47.23 | epoch: 1 pq: 12 rg: 24 | total time: 4.26m | eta: 14.1m
step 01094/04692 (23.32%) | loss: 3.004480 | lrm: 1.00 | dt: 236.36ms | tok/sec: 2,218,174 | bf16_mfu: 46.57 | epoch: 1 pq: 12 rg: 24 | total time: 4.26m | eta: 14.1m
step 01095/04692 (23.34%) | loss: 3.002903 | lrm: 1.00 | dt: 235.54ms | tok/sec: 2,225,880 | bf16_mfu: 46.73 | epoch: 1 pq: 12 rg: 24 | total time: 4.26m | eta: 14.1m
step 01096/04692 (23.36%) | loss: 3.003796 | lrm: 1.00 | dt: 233.66ms | tok/sec: 2,243,759 | bf16_mfu: 47.10 | epoch: 1 pq: 12 rg: 32 | total time: 4.27m | eta: 14.1m
step 01097/04692 (23.38%) | loss: 3.010137 | lrm: 1.00 | dt: 232.93ms | tok/sec: 2,250,823 | bf16_mfu: 47.25 | epoch: 1 pq: 12 rg: 32 | total time: 4.27m | eta: 14.1m
step 01098/04692 (23.40%) | loss: 2.996116 | lrm: 1.00 | dt: 234.69ms | tok/sec: 2,233,964 | bf16_mfu: 46.90 | epoch: 1 pq: 12 rg: 32 | total time: 4.28m | eta: 14.1m
step 01099/04692 (23.42%) | loss: 2.996316 | lrm: 1.00 | dt: 235.87ms | tok/sec: 2,222,802 | bf16_mfu: 46.66 | epoch: 1 pq: 12 rg: 32 | total time: 4.28m | eta: 14.1m
step 01100/04692 (23.44%) | loss: 2.996118 | lrm: 1.00 | dt: 235.78ms | tok/sec: 2,223,661 | bf16_mfu: 46.68 | epoch: 1 pq: 12 rg: 32 | total time: 4.28m | eta: 14.1m
step 01101/04692 (23.47%) | loss: 2.999708 | lrm: 1.00 | dt: 235.41ms | tok/sec: 2,227,131 | bf16_mfu: 46.75 | epoch: 1 pq: 12 rg: 32 | total time: 4.29m | eta: 14.1m
step 01102/04692 (23.49%) | loss: 2.993880 | lrm: 1.00 | dt: 235.30ms | tok/sec: 2,228,212 | bf16_mfu: 46.78 | epoch: 1 pq: 12 rg: 32 | total time: 4.29m | eta: 14.1m
step 01103/04692 (23.51%) | loss: 3.003654 | lrm: 1.00 | dt: 233.45ms | tok/sec: 2,245,780 | bf16_mfu: 47.15 | epoch: 1 pq: 12 rg: 32 | total time: 4.30m | eta: 14.1m
step 01104/04692 (23.53%) | loss: 3.002052 | lrm: 1.00 | dt: 234.18ms | tok/sec: 2,238,850 | bf16_mfu: 47.00 | epoch: 1 pq: 12 rg: 40 | total time: 4.30m | eta: 14.1m
step 01105/04692 (23.55%) | loss: 3.009643 | lrm: 1.00 | dt: 235.79ms | tok/sec: 2,223,535 | bf16_mfu: 46.68 | epoch: 1 pq: 12 rg: 40 | total time: 4.30m | eta: 14.1m
step 01106/04692 (23.57%) | loss: 3.009149 | lrm: 1.00 | dt: 232.79ms | tok/sec: 2,252,156 | bf16_mfu: 47.28 | epoch: 1 pq: 12 rg: 40 | total time: 4.31m | eta: 14.1m
step 01107/04692 (23.59%) | loss: 3.007623 | lrm: 1.00 | dt: 233.57ms | tok/sec: 2,244,657 | bf16_mfu: 47.12 | epoch: 1 pq: 12 rg: 40 | total time: 4.31m | eta: 14.1m
step 01108/04692 (23.61%) | loss: 3.011101 | lrm: 1.00 | dt: 234.04ms | tok/sec: 2,240,166 | bf16_mfu: 47.03 | epoch: 1 pq: 12 rg: 40 | total time: 4.32m | eta: 14.1m
step 01109/04692 (23.64%) | loss: 3.004039 | lrm: 1.00 | dt: 234.37ms | tok/sec: 2,236,998 | bf16_mfu: 46.96 | epoch: 1 pq: 12 rg: 40 | total time: 4.32m | eta: 14.1m
step 01110/04692 (23.66%) | loss: 3.007692 | lrm: 1.00 | dt: 233.91ms | tok/sec: 2,241,437 | bf16_mfu: 47.05 | epoch: 1 pq: 12 rg: 40 | total time: 4.32m | eta: 14.1m
step 01111/04692 (23.68%) | loss: 3.008110 | lrm: 1.00 | dt: 232.60ms | tok/sec: 2,254,079 | bf16_mfu: 47.32 | epoch: 1 pq: 12 rg: 40 | total time: 4.33m | eta: 14.1m
step 01112/04692 (23.70%) | loss: 3.006390 | lrm: 1.00 | dt: 235.40ms | tok/sec: 2,227,264 | bf16_mfu: 46.76 | epoch: 1 pq: 12 rg: 48 | total time: 4.33m | eta: 14.1m
step 01113/04692 (23.72%) | loss: 3.015767 | lrm: 1.00 | dt: 236.34ms | tok/sec: 2,218,378 | bf16_mfu: 46.57 | epoch: 1 pq: 12 rg: 48 | total time: 4.33m | eta: 14.1m
step 01114/04692 (23.74%) | loss: 3.013100 | lrm: 1.00 | dt: 236.53ms | tok/sec: 2,216,551 | bf16_mfu: 46.53 | epoch: 1 pq: 12 rg: 48 | total time: 4.34m | eta: 14.1m
step 01115/04692 (23.76%) | loss: 3.018178 | lrm: 1.00 | dt: 234.78ms | tok/sec: 2,233,095 | bf16_mfu: 46.88 | epoch: 1 pq: 12 rg: 48 | total time: 4.34m | eta: 14.1m
step 01116/04692 (23.79%) | loss: 3.020097 | lrm: 1.00 | dt: 234.52ms | tok/sec: 2,235,602 | bf16_mfu: 46.93 | epoch: 1 pq: 12 rg: 48 | total time: 4.35m | eta: 14.1m
step 01117/04692 (23.81%) | loss: 3.019353 | lrm: 1.00 | dt: 233.61ms | tok/sec: 2,244,304 | bf16_mfu: 47.11 | epoch: 1 pq: 12 rg: 48 | total time: 4.35m | eta: 14.0m
step 01118/04692 (23.83%) | loss: 3.015073 | lrm: 1.00 | dt: 236.77ms | tok/sec: 2,214,330 | bf16_mfu: 46.49 | epoch: 1 pq: 12 rg: 48 | total time: 4.35m | eta: 14.0m
step 01119/04692 (23.85%) | loss: 3.015549 | lrm: 1.00 | dt: 235.19ms | tok/sec: 2,229,197 | bf16_mfu: 46.80 | epoch: 1 pq: 12 rg: 48 | total time: 4.36m | eta: 14.0m
step 01120/04692 (23.87%) | loss: 3.012852 | lrm: 1.00 | dt: 233.22ms | tok/sec: 2,248,005 | bf16_mfu: 47.19 | epoch: 1 pq: 12 rg: 56 | total time: 4.36m | eta: 14.0m
step 01121/04692 (23.89%) | loss: 3.012334 | lrm: 1.00 | dt: 232.62ms | tok/sec: 2,253,855 | bf16_mfu: 47.31 | epoch: 1 pq: 12 rg: 56 | total time: 4.37m | eta: 14.0m
step 01122/04692 (23.91%) | loss: 3.013575 | lrm: 1.00 | dt: 236.80ms | tok/sec: 2,214,074 | bf16_mfu: 46.48 | epoch: 1 pq: 12 rg: 56 | total time: 4.37m | eta: 14.0m
step 01123/04692 (23.93%) | loss: 3.002138 | lrm: 1.00 | dt: 237.01ms | tok/sec: 2,212,052 | bf16_mfu: 46.44 | epoch: 1 pq: 12 rg: 56 | total time: 4.37m | eta: 14.0m
step 01124/04692 (23.96%) | loss: 3.004882 | lrm: 1.00 | dt: 235.26ms | tok/sec: 2,228,535 | bf16_mfu: 46.78 | epoch: 1 pq: 12 rg: 56 | total time: 4.38m | eta: 14.0m
step 01125/04692 (23.98%) | loss: 3.003690 | lrm: 1.00 | dt: 234.50ms | tok/sec: 2,235,765 | bf16_mfu: 46.94 | epoch: 1 pq: 12 rg: 56 | total time: 4.38m | eta: 14.0m
step 01126/04692 (24.00%) | loss: 2.999606 | lrm: 1.00 | dt: 233.06ms | tok/sec: 2,249,561 | bf16_mfu: 47.22 | epoch: 1 pq: 12 rg: 56 | total time: 4.39m | eta: 14.0m
step 01127/04692 (24.02%) | loss: 3.009523 | lrm: 1.00 | dt: 236.32ms | tok/sec: 2,218,559 | bf16_mfu: 46.57 | epoch: 1 pq: 12 rg: 56 | total time: 4.39m | eta: 14.0m
step 01128/04692 (24.04%) | loss: 3.009952 | lrm: 1.00 | dt: 235.44ms | tok/sec: 2,226,852 | bf16_mfu: 46.75 | epoch: 1 pq: 12 rg: 56 | total time: 4.39m | eta: 14.0m
step 01129/04692 (24.06%) | loss: 3.013479 | lrm: 1.00 | dt: 236.28ms | tok/sec: 2,218,920 | bf16_mfu: 46.58 | epoch: 1 pq: 12 rg: 64 | total time: 4.40m | eta: 14.0m
step 01130/04692 (24.08%) | loss: 3.002213 | lrm: 1.00 | dt: 232.10ms | tok/sec: 2,258,865 | bf16_mfu: 47.42 | epoch: 1 pq: 12 rg: 64 | total time: 4.40m | eta: 14.0m
step 01131/04692 (24.10%) | loss: 2.998994 | lrm: 1.00 | dt: 233.58ms | tok/sec: 2,244,547 | bf16_mfu: 47.12 | epoch: 1 pq: 12 rg: 64 | total time: 4.41m | eta: 14.0m
step 01132/04692 (24.13%) | loss: 2.991072 | lrm: 1.00 | dt: 233.87ms | tok/sec: 2,241,794 | bf16_mfu: 47.06 | epoch: 1 pq: 12 rg: 64 | total time: 4.41m | eta: 14.0m
step 01133/04692 (24.15%) | loss: 2.981786 | lrm: 1.00 | dt: 234.38ms | tok/sec: 2,236,925 | bf16_mfu: 46.96 | epoch: 1 pq: 12 rg: 64 | total time: 4.41m | eta: 14.0m
step 01134/04692 (24.17%) | loss: 2.988217 | lrm: 1.00 | dt: 232.74ms | tok/sec: 2,252,719 | bf16_mfu: 47.29 | epoch: 1 pq: 12 rg: 64 | total time: 4.42m | eta: 14.0m
step 01135/04692 (24.19%) | loss: 2.993692 | lrm: 1.00 | dt: 233.25ms | tok/sec: 2,247,747 | bf16_mfu: 47.19 | epoch: 1 pq: 12 rg: 64 | total time: 4.42m | eta: 14.0m
step 01136/04692 (24.21%) | loss: 3.000115 | lrm: 1.00 | dt: 237.61ms | tok/sec: 2,206,472 | bf16_mfu: 46.32 | epoch: 1 pq: 12 rg: 64 | total time: 4.42m | eta: 14.0m
step 01137/04692 (24.23%) | loss: 3.008489 | lrm: 1.00 | dt: 234.31ms | tok/sec: 2,237,613 | bf16_mfu: 46.97 | epoch: 1 pq: 12 rg: 72 | total time: 4.43m | eta: 14.0m
step 01138/04692 (24.25%) | loss: 3.000101 | lrm: 1.00 | dt: 235.30ms | tok/sec: 2,228,149 | bf16_mfu: 46.78 | epoch: 1 pq: 12 rg: 72 | total time: 4.43m | eta: 14.0m
step 01139/04692 (24.28%) | loss: 2.992202 | lrm: 1.00 | dt: 234.94ms | tok/sec: 2,231,627 | bf16_mfu: 46.85 | epoch: 1 pq: 12 rg: 72 | total time: 4.44m | eta: 14.0m
step 01140/04692 (24.30%) | loss: 3.006927 | lrm: 1.00 | dt: 234.71ms | tok/sec: 2,233,765 | bf16_mfu: 46.89 | epoch: 1 pq: 12 rg: 72 | total time: 4.44m | eta: 14.0m
step 01141/04692 (24.32%) | loss: 3.002336 | lrm: 1.00 | dt: 233.82ms | tok/sec: 2,242,267 | bf16_mfu: 47.07 | epoch: 1 pq: 12 rg: 72 | total time: 4.44m | eta: 14.0m
step 01142/04692 (24.34%) | loss: 2.998225 | lrm: 1.00 | dt: 237.26ms | tok/sec: 2,209,760 | bf16_mfu: 46.39 | epoch: 1 pq: 12 rg: 72 | total time: 4.45m | eta: 13.9m
step 01143/04692 (24.36%) | loss: 2.989725 | lrm: 1.00 | dt: 235.35ms | tok/sec: 2,227,716 | bf16_mfu: 46.77 | epoch: 1 pq: 12 rg: 72 | total time: 4.45m | eta: 13.9m
step 01144/04692 (24.38%) | loss: 2.991403 | lrm: 1.00 | dt: 234.46ms | tok/sec: 2,236,179 | bf16_mfu: 46.94 | epoch: 1 pq: 12 rg: 72 | total time: 4.46m | eta: 13.9m
step 01145/04692 (24.40%) | loss: 2.988947 | lrm: 1.00 | dt: 233.40ms | tok/sec: 2,246,275 | bf16_mfu: 47.16 | epoch: 1 pq: 12 rg: 80 | total time: 4.46m | eta: 13.9m
step 01146/04692 (24.42%) | loss: 2.999887 | lrm: 1.00 | dt: 234.16ms | tok/sec: 2,239,062 | bf16_mfu: 47.00 | epoch: 1 pq: 12 rg: 80 | total time: 4.46m | eta: 13.9m
step 01147/04692 (24.45%) | loss: 2.998127 | lrm: 1.00 | dt: 235.51ms | tok/sec: 2,226,153 | bf16_mfu: 46.73 | epoch: 1 pq: 12 rg: 80 | total time: 4.47m | eta: 13.9m
step 01148/04692 (24.47%) | loss: 2.998528 | lrm: 1.00 | dt: 235.19ms | tok/sec: 2,229,170 | bf16_mfu: 46.80 | epoch: 1 pq: 12 rg: 80 | total time: 4.47m | eta: 13.9m
step 01149/04692 (24.49%) | loss: 2.999493 | lrm: 1.00 | dt: 233.37ms | tok/sec: 2,246,631 | bf16_mfu: 47.16 | epoch: 1 pq: 12 rg: 80 | total time: 4.48m | eta: 13.9m
step 01150/04692 (24.51%) | loss: 2.998221 | lrm: 1.00 | dt: 233.86ms | tok/sec: 2,241,917 | bf16_mfu: 47.06 | epoch: 1 pq: 12 rg: 80 | total time: 4.48m | eta: 13.9m
step 01151/04692 (24.53%) | loss: 2.992322 | lrm: 1.00 | dt: 235.31ms | tok/sec: 2,228,048 | bf16_mfu: 46.77 | epoch: 1 pq: 12 rg: 80 | total time: 4.48m | eta: 13.9m
step 01152/04692 (24.55%) | loss: 2.989670 | lrm: 1.00 | dt: 234.81ms | tok/sec: 2,232,780 | bf16_mfu: 46.87 | epoch: 1 pq: 12 rg: 80 | total time: 4.49m | eta: 13.9m
step 01153/04692 (24.57%) | loss: 2.987747 | lrm: 1.00 | dt: 234.54ms | tok/sec: 2,235,434 | bf16_mfu: 46.93 | epoch: 1 pq: 13 rg: 0 | total time: 4.49m | eta: 13.9m
step 01154/04692 (24.60%) | loss: 2.998264 | lrm: 1.00 | dt: 231.42ms | tok/sec: 2,265,553 | bf16_mfu: 47.56 | epoch: 1 pq: 13 rg: 0 | total time: 4.49m | eta: 13.9m
step 01155/04692 (24.62%) | loss: 2.992920 | lrm: 1.00 | dt: 235.77ms | tok/sec: 2,223,681 | bf16_mfu: 46.68 | epoch: 1 pq: 13 rg: 0 | total time: 4.50m | eta: 13.9m
step 01156/04692 (24.64%) | loss: 3.000458 | lrm: 1.00 | dt: 236.11ms | tok/sec: 2,220,553 | bf16_mfu: 46.62 | epoch: 1 pq: 13 rg: 0 | total time: 4.50m | eta: 13.9m
step 01157/04692 (24.66%) | loss: 2.998168 | lrm: 1.00 | dt: 235.56ms | tok/sec: 2,225,686 | bf16_mfu: 46.72 | epoch: 1 pq: 13 rg: 0 | total time: 4.51m | eta: 13.9m
step 01158/04692 (24.68%) | loss: 2.996957 | lrm: 1.00 | dt: 233.39ms | tok/sec: 2,246,434 | bf16_mfu: 47.16 | epoch: 1 pq: 13 rg: 0 | total time: 4.51m | eta: 13.9m
step 01159/04692 (24.70%) | loss: 2.994087 | lrm: 1.00 | dt: 233.43ms | tok/sec: 2,246,064 | bf16_mfu: 47.15 | epoch: 1 pq: 13 rg: 0 | total time: 4.51m | eta: 13.9m
step 01160/04692 (24.72%) | loss: 2.997379 | lrm: 1.00 | dt: 235.29ms | tok/sec: 2,228,217 | bf16_mfu: 46.78 | epoch: 1 pq: 13 rg: 0 | total time: 4.52m | eta: 13.9m
step 01161/04692 (24.74%) | loss: 2.986955 | lrm: 1.00 | dt: 234.59ms | tok/sec: 2,234,886 | bf16_mfu: 46.92 | epoch: 1 pq: 13 rg: 0 | total time: 4.52m | eta: 13.9m
step 01162/04692 (24.77%) | loss: 2.995684 | lrm: 1.00 | dt: 234.34ms | tok/sec: 2,237,292 | bf16_mfu: 46.97 | epoch: 1 pq: 13 rg: 8 | total time: 4.53m | eta: 13.9m
step 01163/04692 (24.79%) | loss: 2.990078 | lrm: 1.00 | dt: 232.65ms | tok/sec: 2,253,557 | bf16_mfu: 47.31 | epoch: 1 pq: 13 rg: 8 | total time: 4.53m | eta: 13.9m
step 01164/04692 (24.81%) | loss: 2.998577 | lrm: 1.00 | dt: 235.64ms | tok/sec: 2,224,932 | bf16_mfu: 46.71 | epoch: 1 pq: 13 rg: 8 | total time: 4.53m | eta: 13.9m
step 01165/04692 (24.83%) | loss: 2.997205 | lrm: 1.00 | dt: 235.68ms | tok/sec: 2,224,549 | bf16_mfu: 46.70 | epoch: 1 pq: 13 rg: 8 | total time: 4.54m | eta: 13.9m
step 01166/04692 (24.85%) | loss: 2.989564 | lrm: 1.00 | dt: 234.78ms | tok/sec: 2,233,143 | bf16_mfu: 46.88 | epoch: 1 pq: 13 rg: 8 | total time: 4.54m | eta: 13.9m
step 01167/04692 (24.87%) | loss: 2.996039 | lrm: 1.00 | dt: 232.87ms | tok/sec: 2,251,432 | bf16_mfu: 47.26 | epoch: 1 pq: 13 rg: 8 | total time: 4.55m | eta: 13.8m
step 01168/04692 (24.89%) | loss: 2.993780 | lrm: 1.00 | dt: 233.77ms | tok/sec: 2,242,784 | bf16_mfu: 47.08 | epoch: 1 pq: 13 rg: 8 | total time: 4.55m | eta: 13.8m
step 01169/04692 (24.91%) | loss: 2.976179 | lrm: 1.00 | dt: 236.36ms | tok/sec: 2,218,148 | bf16_mfu: 46.57 | epoch: 1 pq: 13 rg: 8 | total time: 4.55m | eta: 13.8m
step 01170/04692 (24.94%) | loss: 2.966988 | lrm: 1.00 | dt: 236.94ms | tok/sec: 2,212,748 | bf16_mfu: 46.45 | epoch: 1 pq: 13 rg: 16 | total time: 4.56m | eta: 13.8m
step 01171/04692 (24.96%) | loss: 2.967659 | lrm: 1.00 | dt: 234.24ms | tok/sec: 2,238,264 | bf16_mfu: 46.99 | epoch: 1 pq: 13 rg: 16 | total time: 4.56m | eta: 13.8m
step 01172/04692 (24.98%) | loss: 2.981761 | lrm: 1.00 | dt: 232.19ms | tok/sec: 2,257,983 | bf16_mfu: 47.40 | epoch: 1 pq: 13 rg: 16 | total time: 4.57m | eta: 13.8m
step 01173/04692 (25.00%) | loss: 2.983968 | lrm: 1.00 | dt: 234.21ms | tok/sec: 2,238,496 | bf16_mfu: 46.99 | epoch: 1 pq: 13 rg: 16 | total time: 4.57m | eta: 13.8m
step 01174/04692 (25.02%) | loss: 2.994627 | lrm: 1.00 | dt: 235.92ms | tok/sec: 2,222,353 | bf16_mfu: 46.65 | epoch: 1 pq: 13 rg: 16 | total time: 4.57m | eta: 13.8m
step 01175/04692 (25.04%) | loss: 2.995427 | lrm: 1.00 | dt: 234.25ms | tok/sec: 2,238,175 | bf16_mfu: 46.99 | epoch: 1 pq: 13 rg: 16 | total time: 4.58m | eta: 13.8m
step 01176/04692 (25.06%) | loss: 2.990238 | lrm: 1.00 | dt: 231.81ms | tok/sec: 2,261,687 | bf16_mfu: 47.48 | epoch: 1 pq: 13 rg: 16 | total time: 4.58m | eta: 13.8m
step 01177/04692 (25.09%) | loss: 2.989596 | lrm: 1.00 | dt: 234.72ms | tok/sec: 2,233,665 | bf16_mfu: 46.89 | epoch: 1 pq: 13 rg: 16 | total time: 4.58m | eta: 13.8m
step 01178/04692 (25.11%) | loss: 2.994150 | lrm: 1.00 | dt: 235.61ms | tok/sec: 2,225,193 | bf16_mfu: 46.71 | epoch: 1 pq: 13 rg: 24 | total time: 4.59m | eta: 13.8m
step 01179/04692 (25.13%) | loss: 2.990615 | lrm: 1.00 | dt: 234.37ms | tok/sec: 2,237,003 | bf16_mfu: 46.96 | epoch: 1 pq: 13 rg: 24 | total time: 4.59m | eta: 13.8m
step 01180/04692 (25.15%) | loss: 2.988626 | lrm: 1.00 | dt: 233.26ms | tok/sec: 2,247,623 | bf16_mfu: 47.18 | epoch: 1 pq: 13 rg: 24 | total time: 4.60m | eta: 13.8m
step 01181/04692 (25.17%) | loss: 2.978240 | lrm: 1.00 | dt: 232.82ms | tok/sec: 2,251,932 | bf16_mfu: 47.27 | epoch: 1 pq: 13 rg: 24 | total time: 4.60m | eta: 13.8m
step 01182/04692 (25.19%) | loss: 2.979069 | lrm: 1.00 | dt: 235.98ms | tok/sec: 2,221,729 | bf16_mfu: 46.64 | epoch: 1 pq: 13 rg: 24 | total time: 4.60m | eta: 13.8m
step 01183/04692 (25.21%) | loss: 2.976478 | lrm: 1.00 | dt: 235.71ms | tok/sec: 2,224,252 | bf16_mfu: 46.69 | epoch: 1 pq: 13 rg: 24 | total time: 4.61m | eta: 13.8m
step 01184/04692 (25.23%) | loss: 2.981839 | lrm: 1.00 | dt: 235.14ms | tok/sec: 2,229,690 | bf16_mfu: 46.81 | epoch: 1 pq: 13 rg: 24 | total time: 4.61m | eta: 13.8m
step 01185/04692 (25.26%) | loss: 2.983853 | lrm: 1.00 | dt: 234.57ms | tok/sec: 2,235,138 | bf16_mfu: 46.92 | epoch: 1 pq: 13 rg: 24 | total time: 4.62m | eta: 13.8m
step 01186/04692 (25.28%) | loss: 2.982009 | lrm: 1.00 | dt: 233.62ms | tok/sec: 2,244,226 | bf16_mfu: 47.11 | epoch: 1 pq: 13 rg: 32 | total time: 4.62m | eta: 13.8m
step 01187/04692 (25.30%) | loss: 2.964380 | lrm: 1.00 | dt: 236.10ms | tok/sec: 2,220,585 | bf16_mfu: 46.62 | epoch: 1 pq: 13 rg: 32 | total time: 4.62m | eta: 13.8m
step 01188/04692 (25.32%) | loss: 2.970044 | lrm: 1.00 | dt: 237.26ms | tok/sec: 2,209,722 | bf16_mfu: 46.39 | epoch: 1 pq: 13 rg: 32 | total time: 4.63m | eta: 13.8m
step 01189/04692 (25.34%) | loss: 2.965330 | lrm: 1.00 | dt: 234.31ms | tok/sec: 2,237,549 | bf16_mfu: 46.97 | epoch: 1 pq: 13 rg: 32 | total time: 4.63m | eta: 13.8m
step 01190/04692 (25.36%) | loss: 2.977455 | lrm: 1.00 | dt: 232.19ms | tok/sec: 2,258,060 | bf16_mfu: 47.40 | epoch: 1 pq: 13 rg: 32 | total time: 4.64m | eta: 13.8m
step 01191/04692 (25.38%) | loss: 2.975552 | lrm: 1.00 | dt: 234.20ms | tok/sec: 2,238,619 | bf16_mfu: 47.00 | epoch: 1 pq: 13 rg: 32 | total time: 4.64m | eta: 13.8m
step 01192/04692 (25.40%) | loss: 2.973530 | lrm: 1.00 | dt: 236.87ms | tok/sec: 2,213,441 | bf16_mfu: 46.47 | epoch: 1 pq: 13 rg: 32 | total time: 4.64m | eta: 13.8m
step 01193/04692 (25.43%) | loss: 2.969202 | lrm: 1.00 | dt: 233.94ms | tok/sec: 2,241,141 | bf16_mfu: 47.05 | epoch: 1 pq: 13 rg: 32 | total time: 4.65m | eta: 13.7m
step 01194/04692 (25.45%) | loss: 2.967928 | lrm: 1.00 | dt: 232.00ms | tok/sec: 2,259,870 | bf16_mfu: 47.44 | epoch: 1 pq: 13 rg: 32 | total time: 4.65m | eta: 13.7m
step 01195/04692 (25.47%) | loss: 2.982088 | lrm: 1.00 | dt: 234.93ms | tok/sec: 2,231,672 | bf16_mfu: 46.85 | epoch: 1 pq: 13 rg: 40 | total time: 4.66m | eta: 13.7m
step 01196/04692 (25.49%) | loss: 2.981361 | lrm: 1.00 | dt: 235.39ms | tok/sec: 2,227,278 | bf16_mfu: 46.76 | epoch: 1 pq: 13 rg: 40 | total time: 4.66m | eta: 13.7m
step 01197/04692 (25.51%) | loss: 2.977880 | lrm: 1.00 | dt: 236.59ms | tok/sec: 2,215,975 | bf16_mfu: 46.52 | epoch: 1 pq: 13 rg: 40 | total time: 4.66m | eta: 13.7m
step 01198/04692 (25.53%) | loss: 2.980779 | lrm: 1.00 | dt: 232.62ms | tok/sec: 2,253,797 | bf16_mfu: 47.31 | epoch: 1 pq: 13 rg: 40 | total time: 4.67m | eta: 13.7m
step 01199/04692 (25.55%) | loss: 2.968228 | lrm: 1.00 | dt: 231.86ms | tok/sec: 2,261,199 | bf16_mfu: 47.47 | epoch: 1 pq: 13 rg: 40 | total time: 4.67m | eta: 13.7m
step 01200/04692 (25.58%) | loss: 2.972642 | lrm: 1.00 | dt: 235.92ms | tok/sec: 2,222,358 | bf16_mfu: 46.65 | epoch: 1 pq: 13 rg: 40 | total time: 4.67m | eta: 13.7m
step 01201/04692 (25.60%) | loss: 2.973969 | lrm: 1.00 | dt: 236.76ms | tok/sec: 2,214,440 | bf16_mfu: 46.49 | epoch: 1 pq: 13 rg: 40 | total time: 4.68m | eta: 13.7m
step 01202/04692 (25.62%) | loss: 2.972287 | lrm: 1.00 | dt: 234.48ms | tok/sec: 2,235,915 | bf16_mfu: 46.94 | epoch: 1 pq: 13 rg: 40 | total time: 4.68m | eta: 13.7m
step 01203/04692 (25.64%) | loss: 2.975558 | lrm: 1.00 | dt: 233.20ms | tok/sec: 2,248,218 | bf16_mfu: 47.20 | epoch: 1 pq: 13 rg: 48 | total time: 4.69m | eta: 13.7m
step 01204/04692 (25.66%) | loss: 2.968303 | lrm: 1.00 | dt: 233.64ms | tok/sec: 2,244,011 | bf16_mfu: 47.11 | epoch: 1 pq: 13 rg: 48 | total time: 4.69m | eta: 13.7m
step 01205/04692 (25.68%) | loss: 2.974917 | lrm: 1.00 | dt: 236.72ms | tok/sec: 2,214,805 | bf16_mfu: 46.50 | epoch: 1 pq: 13 rg: 48 | total time: 4.69m | eta: 13.7m
step 01206/04692 (25.70%) | loss: 2.982023 | lrm: 1.00 | dt: 237.45ms | tok/sec: 2,207,978 | bf16_mfu: 46.35 | epoch: 1 pq: 13 rg: 48 | total time: 4.70m | eta: 13.7m
step 01207/04692 (25.72%) | loss: 2.977353 | lrm: 1.00 | dt: 232.52ms | tok/sec: 2,254,848 | bf16_mfu: 47.34 | epoch: 1 pq: 13 rg: 48 | total time: 4.70m | eta: 13.7m
step 01208/04692 (25.75%) | loss: 2.979525 | lrm: 1.00 | dt: 234.06ms | tok/sec: 2,239,983 | bf16_mfu: 47.02 | epoch: 1 pq: 13 rg: 48 | total time: 4.71m | eta: 13.7m
step 01209/04692 (25.77%) | loss: 2.987193 | lrm: 1.00 | dt: 233.91ms | tok/sec: 2,241,392 | bf16_mfu: 47.05 | epoch: 1 pq: 13 rg: 48 | total time: 4.71m | eta: 13.7m
step 01210/04692 (25.79%) | loss: 2.994610 | lrm: 1.00 | dt: 238.76ms | tok/sec: 2,195,837 | bf16_mfu: 46.10 | epoch: 1 pq: 13 rg: 48 | total time: 4.71m | eta: 13.7m
step 01211/04692 (25.81%) | loss: 2.978688 | lrm: 1.00 | dt: 234.71ms | tok/sec: 2,233,744 | bf16_mfu: 46.89 | epoch: 1 pq: 13 rg: 56 | total time: 4.72m | eta: 13.7m
step 01212/04692 (25.83%) | loss: 2.986409 | lrm: 1.00 | dt: 234.68ms | tok/sec: 2,234,057 | bf16_mfu: 46.90 | epoch: 1 pq: 13 rg: 56 | total time: 4.72m | eta: 13.7m
step 01213/04692 (25.85%) | loss: 2.975844 | lrm: 1.00 | dt: 236.05ms | tok/sec: 2,221,109 | bf16_mfu: 46.63 | epoch: 1 pq: 13 rg: 56 | total time: 4.73m | eta: 13.7m
step 01214/04692 (25.87%) | loss: 2.965943 | lrm: 1.00 | dt: 234.48ms | tok/sec: 2,235,934 | bf16_mfu: 46.94 | epoch: 1 pq: 13 rg: 56 | total time: 4.73m | eta: 13.7m
step 01215/04692 (25.90%) | loss: 2.963881 | lrm: 1.00 | dt: 233.62ms | tok/sec: 2,244,189 | bf16_mfu: 47.11 | epoch: 1 pq: 13 rg: 56 | total time: 4.73m | eta: 13.7m
step 01216/04692 (25.92%) | loss: 2.973242 | lrm: 1.00 | dt: 234.05ms | tok/sec: 2,240,045 | bf16_mfu: 47.03 | epoch: 1 pq: 13 rg: 56 | total time: 4.74m | eta: 13.7m
step 01217/04692 (25.94%) | loss: 2.963363 | lrm: 1.00 | dt: 234.18ms | tok/sec: 2,238,863 | bf16_mfu: 47.00 | epoch: 1 pq: 13 rg: 56 | total time: 4.74m | eta: 13.7m
step 01218/04692 (25.96%) | loss: 2.967458 | lrm: 1.00 | dt: 236.34ms | tok/sec: 2,218,392 | bf16_mfu: 46.57 | epoch: 1 pq: 13 rg: 56 | total time: 4.75m | eta: 13.6m
step 01219/04692 (25.98%) | loss: 2.956895 | lrm: 1.00 | dt: 233.97ms | tok/sec: 2,240,850 | bf16_mfu: 47.04 | epoch: 1 pq: 13 rg: 64 | total time: 4.75m | eta: 13.6m
step 01220/04692 (26.00%) | loss: 2.961868 | lrm: 1.00 | dt: 235.61ms | tok/sec: 2,225,270 | bf16_mfu: 46.71 | epoch: 1 pq: 13 rg: 64 | total time: 4.75m | eta: 13.6m
step 01221/04692 (26.02%) | loss: 2.966077 | lrm: 1.00 | dt: 237.14ms | tok/sec: 2,210,922 | bf16_mfu: 46.41 | epoch: 1 pq: 13 rg: 64 | total time: 4.76m | eta: 13.6m
step 01222/04692 (26.04%) | loss: 2.963345 | lrm: 1.00 | dt: 236.22ms | tok/sec: 2,219,480 | bf16_mfu: 46.59 | epoch: 1 pq: 13 rg: 64 | total time: 4.76m | eta: 13.6m
step 01223/04692 (26.07%) | loss: 2.972564 | lrm: 1.00 | dt: 234.03ms | tok/sec: 2,240,236 | bf16_mfu: 47.03 | epoch: 1 pq: 13 rg: 64 | total time: 4.76m | eta: 13.6m
step 01224/04692 (26.09%) | loss: 2.965333 | lrm: 1.00 | dt: 232.94ms | tok/sec: 2,250,775 | bf16_mfu: 47.25 | epoch: 1 pq: 13 rg: 64 | total time: 4.77m | eta: 13.6m
step 01225/04692 (26.11%) | loss: 2.964729 | lrm: 1.00 | dt: 233.68ms | tok/sec: 2,243,583 | bf16_mfu: 47.10 | epoch: 1 pq: 13 rg: 64 | total time: 4.77m | eta: 13.6m
step 01226/04692 (26.13%) | loss: 2.962735 | lrm: 1.00 | dt: 236.31ms | tok/sec: 2,218,680 | bf16_mfu: 46.58 | epoch: 1 pq: 13 rg: 64 | total time: 4.78m | eta: 13.6m
step 01227/04692 (26.15%) | loss: 2.955794 | lrm: 1.00 | dt: 235.46ms | tok/sec: 2,226,671 | bf16_mfu: 46.74 | epoch: 1 pq: 13 rg: 72 | total time: 4.78m | eta: 13.6m
step 01228/04692 (26.17%) | loss: 2.958503 | lrm: 1.00 | dt: 234.81ms | tok/sec: 2,232,810 | bf16_mfu: 46.87 | epoch: 1 pq: 13 rg: 72 | total time: 4.78m | eta: 13.6m
step 01229/04692 (26.19%) | loss: 2.963637 | lrm: 1.00 | dt: 232.52ms | tok/sec: 2,254,825 | bf16_mfu: 47.34 | epoch: 1 pq: 13 rg: 72 | total time: 4.79m | eta: 13.6m
step 01230/04692 (26.21%) | loss: 2.949848 | lrm: 1.00 | dt: 234.79ms | tok/sec: 2,233,050 | bf16_mfu: 46.88 | epoch: 1 pq: 13 rg: 72 | total time: 4.79m | eta: 13.6m
step 01231/04692 (26.24%) | loss: 2.955616 | lrm: 1.00 | dt: 234.97ms | tok/sec: 2,231,258 | bf16_mfu: 46.84 | epoch: 1 pq: 13 rg: 72 | total time: 4.80m | eta: 13.6m
step 01232/04692 (26.26%) | loss: 2.963613 | lrm: 1.00 | dt: 234.71ms | tok/sec: 2,233,796 | bf16_mfu: 46.89 | epoch: 1 pq: 13 rg: 72 | total time: 4.80m | eta: 13.6m
step 01233/04692 (26.28%) | loss: 2.971605 | lrm: 1.00 | dt: 232.78ms | tok/sec: 2,252,299 | bf16_mfu: 47.28 | epoch: 1 pq: 13 rg: 72 | total time: 4.80m | eta: 13.6m
step 01234/04692 (26.30%) | loss: 2.972538 | lrm: 1.00 | dt: 234.66ms | tok/sec: 2,234,237 | bf16_mfu: 46.90 | epoch: 1 pq: 13 rg: 72 | total time: 4.81m | eta: 13.6m
step 01235/04692 (26.32%) | loss: 2.965327 | lrm: 1.00 | dt: 235.53ms | tok/sec: 2,225,973 | bf16_mfu: 46.73 | epoch: 1 pq: 13 rg: 80 | total time: 4.81m | eta: 13.6m
step 01236/04692 (26.34%) | loss: 2.956531 | lrm: 1.00 | dt: 235.08ms | tok/sec: 2,230,280 | bf16_mfu: 46.82 | epoch: 1 pq: 13 rg: 80 | total time: 4.82m | eta: 13.6m
step 01237/04692 (26.36%) | loss: 2.958693 | lrm: 1.00 | dt: 235.26ms | tok/sec: 2,228,562 | bf16_mfu: 46.78 | epoch: 1 pq: 13 rg: 80 | total time: 4.82m | eta: 13.6m
step 01238/04692 (26.39%) | loss: 2.961751 | lrm: 1.00 | dt: 234.27ms | tok/sec: 2,237,988 | bf16_mfu: 46.98 | epoch: 1 pq: 13 rg: 80 | total time: 4.82m | eta: 13.6m
step 01239/04692 (26.41%) | loss: 2.966872 | lrm: 1.00 | dt: 234.65ms | tok/sec: 2,234,318 | bf16_mfu: 46.90 | epoch: 1 pq: 13 rg: 80 | total time: 4.83m | eta: 13.6m
step 01240/04692 (26.43%) | loss: 2.968569 | lrm: 1.00 | dt: 237.48ms | tok/sec: 2,207,721 | bf16_mfu: 46.35 | epoch: 1 pq: 13 rg: 80 | total time: 4.83m | eta: 13.6m
step 01241/04692 (26.45%) | loss: 2.974374 | lrm: 1.00 | dt: 237.48ms | tok/sec: 2,207,695 | bf16_mfu: 46.35 | epoch: 1 pq: 13 rg: 80 | total time: 4.84m | eta: 13.6m
step 01242/04692 (26.47%) | loss: 2.985694 | lrm: 1.00 | dt: 234.06ms | tok/sec: 2,239,960 | bf16_mfu: 47.02 | epoch: 1 pq: 13 rg: 80 | total time: 4.84m | eta: 13.6m
step 01243/04692 (26.49%) | loss: 2.982735 | lrm: 1.00 | dt: 234.87ms | tok/sec: 2,232,284 | bf16_mfu: 46.86 | epoch: 1 pq: 13 rg: 80 | total time: 4.84m | eta: 13.5m
step 01244/04692 (26.51%) | loss: 2.968399 | lrm: 1.00 | dt: 234.38ms | tok/sec: 2,236,905 | bf16_mfu: 46.96 | epoch: 1 pq: 14 rg: 0 | total time: 4.85m | eta: 13.5m
step 01245/04692 (26.53%) | loss: 2.966634 | lrm: 1.00 | dt: 234.90ms | tok/sec: 2,231,924 | bf16_mfu: 46.85 | epoch: 1 pq: 14 rg: 0 | total time: 4.85m | eta: 13.5m
step 01246/04692 (26.56%) | loss: 2.971041 | lrm: 1.00 | dt: 236.40ms | tok/sec: 2,217,779 | bf16_mfu: 46.56 | epoch: 1 pq: 14 rg: 0 | total time: 4.85m | eta: 13.5m
step 01247/04692 (26.58%) | loss: 2.969839 | lrm: 1.00 | dt: 233.98ms | tok/sec: 2,240,775 | bf16_mfu: 47.04 | epoch: 1 pq: 14 rg: 0 | total time: 4.86m | eta: 13.5m
step 01248/04692 (26.60%) | loss: 2.982354 | lrm: 1.00 | dt: 234.16ms | tok/sec: 2,238,980 | bf16_mfu: 47.00 | epoch: 1 pq: 14 rg: 0 | total time: 4.86m | eta: 13.5m
step 01249/04692 (26.62%) | loss: 2.967830 | lrm: 1.00 | dt: 234.69ms | tok/sec: 2,233,912 | bf16_mfu: 46.90 | epoch: 1 pq: 14 rg: 0 | total time: 4.87m | eta: 13.5m
Step 01250 | Validation bpb: 0.900137
step 01250/04692 (26.64%) | loss: 2.957823 | lrm: 1.00 | dt: 227.28ms | tok/sec: 2,306,808 | bf16_mfu: 48.43 | epoch: 1 pq: 14 rg: 0 | total time: 4.87m | eta: 13.5m
step 01251/04692 (26.66%) | loss: 2.944127 | lrm: 1.00 | dt: 227.70ms | tok/sec: 2,302,574 | bf16_mfu: 48.34 | epoch: 1 pq: 14 rg: 0 | total time: 4.87m | eta: 13.5m
step 01252/04692 (26.68%) | loss: 2.944355 | lrm: 1.00 | dt: 229.77ms | tok/sec: 2,281,804 | bf16_mfu: 47.90 | epoch: 1 pq: 14 rg: 8 | total time: 4.88m | eta: 13.5m
step 01253/04692 (26.71%) | loss: 2.941251 | lrm: 1.00 | dt: 245.12ms | tok/sec: 2,138,896 | bf16_mfu: 44.90 | epoch: 1 pq: 14 rg: 8 | total time: 4.88m | eta: 13.5m
step 01254/04692 (26.73%) | loss: 2.938690 | lrm: 1.00 | dt: 239.62ms | tok/sec: 2,188,034 | bf16_mfu: 45.93 | epoch: 1 pq: 14 rg: 8 | total time: 4.89m | eta: 13.5m
step 01255/04692 (26.75%) | loss: 2.930868 | lrm: 1.00 | dt: 232.68ms | tok/sec: 2,253,245 | bf16_mfu: 47.30 | epoch: 1 pq: 14 rg: 8 | total time: 4.89m | eta: 13.5m
step 01256/04692 (26.77%) | loss: 2.926371 | lrm: 1.00 | dt: 229.18ms | tok/sec: 2,287,691 | bf16_mfu: 48.03 | epoch: 1 pq: 14 rg: 8 | total time: 4.89m | eta: 13.5m
step 01257/04692 (26.79%) | loss: 2.925993 | lrm: 1.00 | dt: 237.08ms | tok/sec: 2,211,411 | bf16_mfu: 46.42 | epoch: 1 pq: 14 rg: 8 | total time: 4.90m | eta: 13.5m
step 01258/04692 (26.81%) | loss: 2.933136 | lrm: 1.00 | dt: 238.13ms | tok/sec: 2,201,698 | bf16_mfu: 46.22 | epoch: 1 pq: 14 rg: 8 | total time: 4.90m | eta: 13.5m
step 01259/04692 (26.83%) | loss: 2.939401 | lrm: 1.00 | dt: 234.87ms | tok/sec: 2,232,234 | bf16_mfu: 46.86 | epoch: 1 pq: 14 rg: 8 | total time: 4.91m | eta: 13.5m
step 01260/04692 (26.85%) | loss: 2.942998 | lrm: 1.00 | dt: 230.00ms | tok/sec: 2,279,519 | bf16_mfu: 47.85 | epoch: 1 pq: 14 rg: 16 | total time: 4.91m | eta: 13.5m
step 01261/04692 (26.88%) | loss: 2.939801 | lrm: 1.00 | dt: 227.18ms | tok/sec: 2,307,762 | bf16_mfu: 48.45 | epoch: 1 pq: 14 rg: 16 | total time: 4.91m | eta: 13.5m
step 01262/04692 (26.90%) | loss: 2.940280 | lrm: 1.00 | dt: 228.47ms | tok/sec: 2,294,827 | bf16_mfu: 48.18 | epoch: 1 pq: 14 rg: 16 | total time: 4.92m | eta: 13.5m
step 01263/04692 (26.92%) | loss: 2.941571 | lrm: 1.00 | dt: 227.23ms | tok/sec: 2,307,343 | bf16_mfu: 48.44 | epoch: 1 pq: 14 rg: 16 | total time: 4.92m | eta: 13.5m
step 01264/04692 (26.94%) | loss: 2.958399 | lrm: 1.00 | dt: 242.61ms | tok/sec: 2,161,068 | bf16_mfu: 45.37 | epoch: 1 pq: 14 rg: 16 | total time: 4.92m | eta: 13.5m
step 01265/04692 (26.96%) | loss: 2.954802 | lrm: 1.00 | dt: 237.84ms | tok/sec: 2,204,379 | bf16_mfu: 46.28 | epoch: 1 pq: 14 rg: 16 | total time: 4.93m | eta: 13.5m
step 01266/04692 (26.98%) | loss: 2.960876 | lrm: 1.00 | dt: 234.66ms | tok/sec: 2,234,232 | bf16_mfu: 46.90 | epoch: 1 pq: 14 rg: 16 | total time: 4.93m | eta: 13.5m
step 01267/04692 (27.00%) | loss: 2.957283 | lrm: 1.00 | dt: 230.97ms | tok/sec: 2,269,966 | bf16_mfu: 47.65 | epoch: 1 pq: 14 rg: 16 | total time: 4.94m | eta: 13.5m
step 01268/04692 (27.02%) | loss: 2.946449 | lrm: 1.00 | dt: 235.32ms | tok/sec: 2,228,002 | bf16_mfu: 46.77 | epoch: 1 pq: 14 rg: 24 | total time: 4.94m | eta: 13.4m
step 01269/04692 (27.05%) | loss: 2.952513 | lrm: 1.00 | dt: 240.05ms | tok/sec: 2,184,036 | bf16_mfu: 45.85 | epoch: 1 pq: 14 rg: 24 | total time: 4.94m | eta: 13.4m
step 01270/04692 (27.07%) | loss: 2.952830 | lrm: 1.00 | dt: 237.05ms | tok/sec: 2,211,687 | bf16_mfu: 46.43 | epoch: 1 pq: 14 rg: 24 | total time: 4.95m | eta: 13.4m
step 01271/04692 (27.09%) | loss: 2.964539 | lrm: 1.00 | dt: 230.84ms | tok/sec: 2,271,213 | bf16_mfu: 47.68 | epoch: 1 pq: 14 rg: 24 | total time: 4.95m | eta: 13.4m
step 01272/04692 (27.11%) | loss: 2.967127 | lrm: 1.00 | dt: 233.88ms | tok/sec: 2,241,721 | bf16_mfu: 47.06 | epoch: 1 pq: 14 rg: 24 | total time: 4.96m | eta: 13.4m
step 01273/04692 (27.13%) | loss: 2.975023 | lrm: 1.00 | dt: 239.78ms | tok/sec: 2,186,535 | bf16_mfu: 45.90 | epoch: 1 pq: 14 rg: 24 | total time: 4.96m | eta: 13.4m
step 01274/04692 (27.15%) | loss: 2.965409 | lrm: 1.00 | dt: 235.40ms | tok/sec: 2,227,231 | bf16_mfu: 46.76 | epoch: 1 pq: 14 rg: 24 | total time: 4.96m | eta: 13.4m
step 01275/04692 (27.17%) | loss: 2.952899 | lrm: 1.00 | dt: 232.60ms | tok/sec: 2,253,998 | bf16_mfu: 47.32 | epoch: 1 pq: 14 rg: 24 | total time: 4.97m | eta: 13.4m
step 01276/04692 (27.20%) | loss: 2.954053 | lrm: 1.00 | dt: 231.81ms | tok/sec: 2,261,732 | bf16_mfu: 47.48 | epoch: 1 pq: 14 rg: 32 | total time: 4.97m | eta: 13.4m
step 01277/04692 (27.22%) | loss: 2.950514 | lrm: 1.00 | dt: 237.23ms | tok/sec: 2,210,069 | bf16_mfu: 46.40 | epoch: 1 pq: 14 rg: 32 | total time: 4.98m | eta: 13.4m
step 01278/04692 (27.24%) | loss: 2.962655 | lrm: 1.00 | dt: 235.35ms | tok/sec: 2,227,693 | bf16_mfu: 46.77 | epoch: 1 pq: 14 rg: 32 | total time: 4.98m | eta: 13.4m
step 01279/04692 (27.26%) | loss: 2.963652 | lrm: 1.00 | dt: 233.83ms | tok/sec: 2,242,148 | bf16_mfu: 47.07 | epoch: 1 pq: 14 rg: 32 | total time: 4.98m | eta: 13.4m
step 01280/04692 (27.28%) | loss: 2.954345 | lrm: 1.00 | dt: 231.71ms | tok/sec: 2,262,648 | bf16_mfu: 47.50 | epoch: 1 pq: 14 rg: 32 | total time: 4.99m | eta: 13.4m
step 01281/04692 (27.30%) | loss: 2.950285 | lrm: 1.00 | dt: 236.24ms | tok/sec: 2,219,267 | bf16_mfu: 46.59 | epoch: 1 pq: 14 rg: 32 | total time: 4.99m | eta: 13.4m
step 01282/04692 (27.32%) | loss: 2.957749 | lrm: 1.00 | dt: 238.01ms | tok/sec: 2,202,774 | bf16_mfu: 46.24 | epoch: 1 pq: 14 rg: 32 | total time: 5.00m | eta: 13.4m
step 01283/04692 (27.34%) | loss: 2.968597 | lrm: 1.00 | dt: 234.25ms | tok/sec: 2,238,168 | bf16_mfu: 46.99 | epoch: 1 pq: 14 rg: 32 | total time: 5.00m | eta: 13.4m
step 01284/04692 (27.37%) | loss: 2.966698 | lrm: 1.00 | dt: 232.66ms | tok/sec: 2,253,423 | bf16_mfu: 47.31 | epoch: 1 pq: 14 rg: 32 | total time: 5.00m | eta: 13.4m
step 01285/04692 (27.39%) | loss: 2.985799 | lrm: 1.00 | dt: 233.86ms | tok/sec: 2,241,856 | bf16_mfu: 47.06 | epoch: 1 pq: 14 rg: 40 | total time: 5.01m | eta: 13.4m
step 01286/04692 (27.41%) | loss: 2.979552 | lrm: 1.00 | dt: 236.73ms | tok/sec: 2,214,678 | bf16_mfu: 46.49 | epoch: 1 pq: 14 rg: 40 | total time: 5.01m | eta: 13.4m
step 01287/04692 (27.43%) | loss: 2.977735 | lrm: 1.00 | dt: 237.02ms | tok/sec: 2,211,963 | bf16_mfu: 46.44 | epoch: 1 pq: 14 rg: 40 | total time: 5.02m | eta: 13.4m
step 01288/04692 (27.45%) | loss: 2.975094 | lrm: 1.00 | dt: 233.00ms | tok/sec: 2,250,181 | bf16_mfu: 47.24 | epoch: 1 pq: 14 rg: 40 | total time: 5.02m | eta: 13.4m
step 01289/04692 (27.47%) | loss: 2.976873 | lrm: 1.00 | dt: 234.15ms | tok/sec: 2,239,112 | bf16_mfu: 47.01 | epoch: 1 pq: 14 rg: 40 | total time: 5.02m | eta: 13.4m
step 01290/04692 (27.49%) | loss: 2.980189 | lrm: 1.00 | dt: 233.96ms | tok/sec: 2,240,960 | bf16_mfu: 47.04 | epoch: 1 pq: 14 rg: 40 | total time: 5.03m | eta: 13.4m
step 01291/04692 (27.51%) | loss: 2.987594 | lrm: 1.00 | dt: 237.31ms | tok/sec: 2,209,276 | bf16_mfu: 46.38 | epoch: 1 pq: 14 rg: 40 | total time: 5.03m | eta: 13.4m
step 01292/04692 (27.54%) | loss: 2.991020 | lrm: 1.00 | dt: 234.57ms | tok/sec: 2,235,120 | bf16_mfu: 46.92 | epoch: 1 pq: 14 rg: 40 | total time: 5.03m | eta: 13.4m
step 01293/04692 (27.56%) | loss: 2.980392 | lrm: 1.00 | dt: 233.78ms | tok/sec: 2,242,647 | bf16_mfu: 47.08 | epoch: 1 pq: 14 rg: 48 | total time: 5.04m | eta: 13.3m
step 01294/04692 (27.58%) | loss: 2.978301 | lrm: 1.00 | dt: 234.69ms | tok/sec: 2,233,996 | bf16_mfu: 46.90 | epoch: 1 pq: 14 rg: 48 | total time: 5.04m | eta: 13.3m
step 01295/04692 (27.60%) | loss: 2.979601 | lrm: 1.00 | dt: 233.97ms | tok/sec: 2,240,834 | bf16_mfu: 47.04 | epoch: 1 pq: 14 rg: 48 | total time: 5.05m | eta: 13.3m
step 01296/04692 (27.62%) | loss: 2.970473 | lrm: 1.00 | dt: 233.65ms | tok/sec: 2,243,944 | bf16_mfu: 47.11 | epoch: 1 pq: 14 rg: 48 | total time: 5.05m | eta: 13.3m
step 01297/04692 (27.64%) | loss: 2.982880 | lrm: 1.00 | dt: 234.40ms | tok/sec: 2,236,736 | bf16_mfu: 46.96 | epoch: 1 pq: 14 rg: 48 | total time: 5.05m | eta: 13.3m
step 01298/04692 (27.66%) | loss: 2.978906 | lrm: 1.00 | dt: 233.78ms | tok/sec: 2,242,679 | bf16_mfu: 47.08 | epoch: 1 pq: 14 rg: 48 | total time: 5.06m | eta: 13.3m
step 01299/04692 (27.69%) | loss: 2.973038 | lrm: 1.00 | dt: 233.74ms | tok/sec: 2,242,997 | bf16_mfu: 47.09 | epoch: 1 pq: 14 rg: 48 | total time: 5.06m | eta: 13.3m
step 01300/04692 (27.71%) | loss: 2.975938 | lrm: 1.00 | dt: 236.11ms | tok/sec: 2,220,551 | bf16_mfu: 46.62 | epoch: 1 pq: 14 rg: 48 | total time: 5.07m | eta: 13.3m
step 01301/04692 (27.73%) | loss: 2.965766 | lrm: 1.00 | dt: 235.37ms | tok/sec: 2,227,526 | bf16_mfu: 46.76 | epoch: 1 pq: 14 rg: 56 | total time: 5.07m | eta: 13.3m
step 01302/04692 (27.75%) | loss: 2.965300 | lrm: 1.00 | dt: 232.70ms | tok/sec: 2,253,056 | bf16_mfu: 47.30 | epoch: 1 pq: 14 rg: 56 | total time: 5.07m | eta: 13.3m
step 01303/04692 (27.77%) | loss: 2.962497 | lrm: 1.00 | dt: 234.24ms | tok/sec: 2,238,289 | bf16_mfu: 46.99 | epoch: 1 pq: 14 rg: 56 | total time: 5.08m | eta: 13.3m
step 01304/04692 (27.79%) | loss: 2.970864 | lrm: 1.00 | dt: 234.82ms | tok/sec: 2,232,748 | bf16_mfu: 46.87 | epoch: 1 pq: 14 rg: 56 | total time: 5.08m | eta: 13.3m
step 01305/04692 (27.81%) | loss: 2.983807 | lrm: 1.00 | dt: 236.12ms | tok/sec: 2,220,416 | bf16_mfu: 46.61 | epoch: 1 pq: 14 rg: 56 | total time: 5.09m | eta: 13.3m
step 01306/04692 (27.83%) | loss: 2.969198 | lrm: 1.00 | dt: 233.94ms | tok/sec: 2,241,152 | bf16_mfu: 47.05 | epoch: 1 pq: 14 rg: 56 | total time: 5.09m | eta: 13.3m
step 01307/04692 (27.86%) | loss: 2.975748 | lrm: 1.00 | dt: 233.54ms | tok/sec: 2,244,916 | bf16_mfu: 47.13 | epoch: 1 pq: 14 rg: 56 | total time: 5.09m | eta: 13.3m
step 01308/04692 (27.88%) | loss: 2.973518 | lrm: 1.00 | dt: 233.03ms | tok/sec: 2,249,849 | bf16_mfu: 47.23 | epoch: 1 pq: 14 rg: 56 | total time: 5.10m | eta: 13.3m
step 01309/04692 (27.90%) | loss: 2.973953 | lrm: 1.00 | dt: 236.12ms | tok/sec: 2,220,473 | bf16_mfu: 46.61 | epoch: 1 pq: 14 rg: 64 | total time: 5.10m | eta: 13.3m
step 01310/04692 (27.92%) | loss: 2.963895 | lrm: 1.00 | dt: 236.76ms | tok/sec: 2,214,386 | bf16_mfu: 46.49 | epoch: 1 pq: 14 rg: 64 | total time: 5.10m | eta: 13.3m
step 01311/04692 (27.94%) | loss: 2.955163 | lrm: 1.00 | dt: 237.81ms | tok/sec: 2,204,695 | bf16_mfu: 46.28 | epoch: 1 pq: 14 rg: 64 | total time: 5.11m | eta: 13.3m
step 01312/04692 (27.96%) | loss: 2.955660 | lrm: 1.00 | dt: 233.87ms | tok/sec: 2,241,831 | bf16_mfu: 47.06 | epoch: 1 pq: 14 rg: 64 | total time: 5.11m | eta: 13.3m
step 01313/04692 (27.98%) | loss: 2.955548 | lrm: 1.00 | dt: 234.04ms | tok/sec: 2,240,129 | bf16_mfu: 47.03 | epoch: 1 pq: 14 rg: 64 | total time: 5.12m | eta: 13.3m
step 01314/04692 (28.01%) | loss: 2.945975 | lrm: 1.00 | dt: 233.59ms | tok/sec: 2,244,524 | bf16_mfu: 47.12 | epoch: 1 pq: 14 rg: 64 | total time: 5.12m | eta: 13.3m
step 01315/04692 (28.03%) | loss: 2.942033 | lrm: 1.00 | dt: 235.95ms | tok/sec: 2,222,068 | bf16_mfu: 46.65 | epoch: 1 pq: 14 rg: 64 | total time: 5.12m | eta: 13.3m
step 01316/04692 (28.05%) | loss: 2.930435 | lrm: 1.00 | dt: 234.90ms | tok/sec: 2,232,001 | bf16_mfu: 46.86 | epoch: 1 pq: 14 rg: 64 | total time: 5.13m | eta: 13.3m
step 01317/04692 (28.07%) | loss: 2.936245 | lrm: 1.00 | dt: 233.66ms | tok/sec: 2,243,830 | bf16_mfu: 47.10 | epoch: 1 pq: 14 rg: 64 | total time: 5.13m | eta: 13.3m
step 01318/04692 (28.09%) | loss: 2.944416 | lrm: 1.00 | dt: 233.06ms | tok/sec: 2,249,628 | bf16_mfu: 47.23 | epoch: 1 pq: 14 rg: 72 | total time: 5.14m | eta: 13.2m
step 01319/04692 (28.11%) | loss: 2.932975 | lrm: 1.00 | dt: 235.07ms | tok/sec: 2,230,339 | bf16_mfu: 46.82 | epoch: 1 pq: 14 rg: 72 | total time: 5.14m | eta: 13.2m
step 01320/04692 (28.13%) | loss: 2.929638 | lrm: 1.00 | dt: 236.91ms | tok/sec: 2,212,984 | bf16_mfu: 46.46 | epoch: 1 pq: 14 rg: 72 | total time: 5.14m | eta: 13.2m
step 01321/04692 (28.15%) | loss: 2.943657 | lrm: 1.00 | dt: 236.86ms | tok/sec: 2,213,519 | bf16_mfu: 46.47 | epoch: 1 pq: 14 rg: 72 | total time: 5.15m | eta: 13.2m
step 01322/04692 (28.18%) | loss: 2.936943 | lrm: 1.00 | dt: 233.90ms | tok/sec: 2,241,543 | bf16_mfu: 47.06 | epoch: 1 pq: 14 rg: 72 | total time: 5.15m | eta: 13.2m
step 01323/04692 (28.20%) | loss: 2.947119 | lrm: 1.00 | dt: 233.23ms | tok/sec: 2,247,906 | bf16_mfu: 47.19 | epoch: 1 pq: 14 rg: 72 | total time: 5.16m | eta: 13.2m
step 01324/04692 (28.22%) | loss: 2.943515 | lrm: 1.00 | dt: 233.57ms | tok/sec: 2,244,689 | bf16_mfu: 47.12 | epoch: 1 pq: 14 rg: 72 | total time: 5.16m | eta: 13.2m
step 01325/04692 (28.24%) | loss: 2.954459 | lrm: 1.00 | dt: 236.97ms | tok/sec: 2,212,501 | bf16_mfu: 46.45 | epoch: 1 pq: 14 rg: 72 | total time: 5.16m | eta: 13.2m
step 01326/04692 (28.26%) | loss: 2.955302 | lrm: 1.00 | dt: 234.20ms | tok/sec: 2,238,633 | bf16_mfu: 47.00 | epoch: 1 pq: 14 rg: 80 | total time: 5.17m | eta: 13.2m
step 01327/04692 (28.28%) | loss: 2.951497 | lrm: 1.00 | dt: 233.94ms | tok/sec: 2,241,136 | bf16_mfu: 47.05 | epoch: 1 pq: 14 rg: 80 | total time: 5.17m | eta: 13.2m
step 01328/04692 (28.30%) | loss: 2.960537 | lrm: 1.00 | dt: 232.99ms | tok/sec: 2,250,220 | bf16_mfu: 47.24 | epoch: 1 pq: 14 rg: 80 | total time: 5.18m | eta: 13.2m
step 01329/04692 (28.32%) | loss: 2.957249 | lrm: 1.00 | dt: 236.00ms | tok/sec: 2,221,592 | bf16_mfu: 46.64 | epoch: 1 pq: 14 rg: 80 | total time: 5.18m | eta: 13.2m
step 01330/04692 (28.35%) | loss: 2.953224 | lrm: 1.00 | dt: 237.13ms | tok/sec: 2,210,993 | bf16_mfu: 46.42 | epoch: 1 pq: 14 rg: 80 | total time: 5.18m | eta: 13.2m
step 01331/04692 (28.37%) | loss: 2.955199 | lrm: 1.00 | dt: 236.45ms | tok/sec: 2,217,300 | bf16_mfu: 46.55 | epoch: 1 pq: 14 rg: 80 | total time: 5.19m | eta: 13.2m
step 01332/04692 (28.39%) | loss: 2.960893 | lrm: 1.00 | dt: 233.18ms | tok/sec: 2,248,421 | bf16_mfu: 47.20 | epoch: 1 pq: 14 rg: 80 | total time: 5.19m | eta: 13.2m
step 01333/04692 (28.41%) | loss: 2.970985 | lrm: 1.00 | dt: 233.13ms | tok/sec: 2,248,876 | bf16_mfu: 47.21 | epoch: 1 pq: 14 rg: 80 | total time: 5.19m | eta: 13.2m
step 01334/04692 (28.43%) | loss: 2.976888 | lrm: 1.00 | dt: 233.39ms | tok/sec: 2,246,402 | bf16_mfu: 47.16 | epoch: 1 pq: 15 rg: 0 | total time: 5.20m | eta: 13.2m
step 01335/04692 (28.45%) | loss: 2.972229 | lrm: 1.00 | dt: 236.98ms | tok/sec: 2,212,383 | bf16_mfu: 46.44 | epoch: 1 pq: 15 rg: 0 | total time: 5.20m | eta: 13.2m
step 01336/04692 (28.47%) | loss: 2.969194 | lrm: 1.00 | dt: 233.22ms | tok/sec: 2,248,050 | bf16_mfu: 47.19 | epoch: 1 pq: 15 rg: 0 | total time: 5.21m | eta: 13.2m
step 01337/04692 (28.50%) | loss: 2.959200 | lrm: 1.00 | dt: 232.01ms | tok/sec: 2,259,747 | bf16_mfu: 47.44 | epoch: 1 pq: 15 rg: 0 | total time: 5.21m | eta: 13.2m
step 01338/04692 (28.52%) | loss: 2.953066 | lrm: 1.00 | dt: 233.55ms | tok/sec: 2,244,831 | bf16_mfu: 47.13 | epoch: 1 pq: 15 rg: 0 | total time: 5.21m | eta: 13.2m
step 01339/04692 (28.54%) | loss: 2.944061 | lrm: 1.00 | dt: 235.02ms | tok/sec: 2,230,828 | bf16_mfu: 46.83 | epoch: 1 pq: 15 rg: 0 | total time: 5.22m | eta: 13.2m
step 01340/04692 (28.56%) | loss: 2.944971 | lrm: 1.00 | dt: 235.03ms | tok/sec: 2,230,728 | bf16_mfu: 46.83 | epoch: 1 pq: 15 rg: 0 | total time: 5.22m | eta: 13.2m
step 01341/04692 (28.58%) | loss: 2.945408 | lrm: 1.00 | dt: 233.11ms | tok/sec: 2,249,129 | bf16_mfu: 47.22 | epoch: 1 pq: 15 rg: 0 | total time: 5.23m | eta: 13.2m
step 01342/04692 (28.60%) | loss: 2.948681 | lrm: 1.00 | dt: 234.13ms | tok/sec: 2,239,267 | bf16_mfu: 47.01 | epoch: 1 pq: 15 rg: 8 | total time: 5.23m | eta: 13.2m
step 01343/04692 (28.62%) | loss: 2.946656 | lrm: 1.00 | dt: 236.82ms | tok/sec: 2,213,849 | bf16_mfu: 46.48 | epoch: 1 pq: 15 rg: 8 | total time: 5.23m | eta: 13.1m
step 01344/04692 (28.64%) | loss: 2.943942 | lrm: 1.00 | dt: 235.65ms | tok/sec: 2,224,862 | bf16_mfu: 46.71 | epoch: 1 pq: 15 rg: 8 | total time: 5.24m | eta: 13.1m
step 01345/04692 (28.67%) | loss: 2.943192 | lrm: 1.00 | dt: 231.80ms | tok/sec: 2,261,855 | bf16_mfu: 47.48 | epoch: 1 pq: 15 rg: 8 | total time: 5.24m | eta: 13.1m
step 01346/04692 (28.69%) | loss: 2.935752 | lrm: 1.00 | dt: 233.47ms | tok/sec: 2,245,668 | bf16_mfu: 47.14 | epoch: 1 pq: 15 rg: 8 | total time: 5.25m | eta: 13.1m
step 01347/04692 (28.71%) | loss: 2.921386 | lrm: 1.00 | dt: 235.01ms | tok/sec: 2,230,925 | bf16_mfu: 46.83 | epoch: 1 pq: 15 rg: 8 | total time: 5.25m | eta: 13.1m
step 01348/04692 (28.73%) | loss: 2.920012 | lrm: 1.00 | dt: 235.26ms | tok/sec: 2,228,528 | bf16_mfu: 46.78 | epoch: 1 pq: 15 rg: 8 | total time: 5.25m | eta: 13.1m
step 01349/04692 (28.75%) | loss: 2.929040 | lrm: 1.00 | dt: 234.65ms | tok/sec: 2,234,377 | bf16_mfu: 46.91 | epoch: 1 pq: 15 rg: 8 | total time: 5.26m | eta: 13.1m
step 01350/04692 (28.77%) | loss: 2.921268 | lrm: 1.00 | dt: 232.59ms | tok/sec: 2,254,136 | bf16_mfu: 47.32 | epoch: 1 pq: 15 rg: 16 | total time: 5.26m | eta: 13.1m
step 01351/04692 (28.79%) | loss: 2.924260 | lrm: 1.00 | dt: 233.33ms | tok/sec: 2,247,017 | bf16_mfu: 47.17 | epoch: 1 pq: 15 rg: 16 | total time: 5.27m | eta: 13.1m
step 01352/04692 (28.82%) | loss: 2.931755 | lrm: 1.00 | dt: 235.72ms | tok/sec: 2,224,223 | bf16_mfu: 46.69 | epoch: 1 pq: 15 rg: 16 | total time: 5.27m | eta: 13.1m
step 01353/04692 (28.84%) | loss: 2.944522 | lrm: 1.00 | dt: 234.60ms | tok/sec: 2,234,829 | bf16_mfu: 46.92 | epoch: 1 pq: 15 rg: 16 | total time: 5.27m | eta: 13.1m
step 01354/04692 (28.86%) | loss: 2.941999 | lrm: 1.00 | dt: 233.39ms | tok/sec: 2,246,434 | bf16_mfu: 47.16 | epoch: 1 pq: 15 rg: 16 | total time: 5.28m | eta: 13.1m
step 01355/04692 (28.88%) | loss: 2.948819 | lrm: 1.00 | dt: 232.91ms | tok/sec: 2,251,072 | bf16_mfu: 47.26 | epoch: 1 pq: 15 rg: 16 | total time: 5.28m | eta: 13.1m
step 01356/04692 (28.90%) | loss: 2.952510 | lrm: 1.00 | dt: 235.16ms | tok/sec: 2,229,514 | bf16_mfu: 46.80 | epoch: 1 pq: 15 rg: 16 | total time: 5.28m | eta: 13.1m
step 01357/04692 (28.92%) | loss: 2.960583 | lrm: 1.00 | dt: 234.84ms | tok/sec: 2,232,549 | bf16_mfu: 46.87 | epoch: 1 pq: 15 rg: 16 | total time: 5.29m | eta: 13.1m
step 01358/04692 (28.94%) | loss: 2.971759 | lrm: 1.00 | dt: 232.65ms | tok/sec: 2,253,582 | bf16_mfu: 47.31 | epoch: 1 pq: 15 rg: 24 | total time: 5.29m | eta: 13.1m
step 01359/04692 (28.96%) | loss: 2.972370 | lrm: 1.00 | dt: 232.70ms | tok/sec: 2,253,086 | bf16_mfu: 47.30 | epoch: 1 pq: 15 rg: 24 | total time: 5.30m | eta: 13.1m
step 01360/04692 (28.99%) | loss: 2.981940 | lrm: 1.00 | dt: 235.47ms | tok/sec: 2,226,604 | bf16_mfu: 46.74 | epoch: 1 pq: 15 rg: 24 | total time: 5.30m | eta: 13.1m
step 01361/04692 (29.01%) | loss: 2.978264 | lrm: 1.00 | dt: 234.44ms | tok/sec: 2,236,370 | bf16_mfu: 46.95 | epoch: 1 pq: 15 rg: 24 | total time: 5.30m | eta: 13.1m
step 01362/04692 (29.03%) | loss: 2.966799 | lrm: 1.00 | dt: 233.82ms | tok/sec: 2,242,256 | bf16_mfu: 47.07 | epoch: 1 pq: 15 rg: 24 | total time: 5.31m | eta: 13.1m
step 01363/04692 (29.05%) | loss: 2.956125 | lrm: 1.00 | dt: 233.13ms | tok/sec: 2,248,943 | bf16_mfu: 47.21 | epoch: 1 pq: 15 rg: 24 | total time: 5.31m | eta: 13.1m
step 01364/04692 (29.07%) | loss: 2.957744 | lrm: 1.00 | dt: 236.26ms | tok/sec: 2,219,092 | bf16_mfu: 46.59 | epoch: 1 pq: 15 rg: 24 | total time: 5.32m | eta: 13.1m
step 01365/04692 (29.09%) | loss: 2.962621 | lrm: 1.00 | dt: 234.06ms | tok/sec: 2,239,985 | bf16_mfu: 47.02 | epoch: 1 pq: 15 rg: 24 | total time: 5.32m | eta: 13.1m
step 01366/04692 (29.11%) | loss: 2.964481 | lrm: 1.00 | dt: 237.10ms | tok/sec: 2,211,278 | bf16_mfu: 46.42 | epoch: 1 pq: 15 rg: 24 | total time: 5.32m | eta: 13.1m
step 01367/04692 (29.13%) | loss: 2.964490 | lrm: 1.00 | dt: 234.49ms | tok/sec: 2,235,879 | bf16_mfu: 46.94 | epoch: 1 pq: 15 rg: 32 | total time: 5.33m | eta: 13.1m
step 01368/04692 (29.16%) | loss: 2.964461 | lrm: 1.00 | dt: 233.22ms | tok/sec: 2,248,076 | bf16_mfu: 47.19 | epoch: 1 pq: 15 rg: 32 | total time: 5.33m | eta: 13.1m
step 01369/04692 (29.18%) | loss: 2.962020 | lrm: 1.00 | dt: 234.98ms | tok/sec: 2,231,224 | bf16_mfu: 46.84 | epoch: 1 pq: 15 rg: 32 | total time: 5.34m | eta: 13.0m
step 01370/04692 (29.20%) | loss: 2.966125 | lrm: 1.00 | dt: 234.78ms | tok/sec: 2,233,077 | bf16_mfu: 46.88 | epoch: 1 pq: 15 rg: 32 | total time: 5.34m | eta: 13.0m
step 01371/04692 (29.22%) | loss: 2.974064 | lrm: 1.00 | dt: 235.28ms | tok/sec: 2,228,377 | bf16_mfu: 46.78 | epoch: 1 pq: 15 rg: 32 | total time: 5.34m | eta: 13.0m
step 01372/04692 (29.24%) | loss: 2.968327 | lrm: 1.00 | dt: 233.17ms | tok/sec: 2,248,533 | bf16_mfu: 47.20 | epoch: 1 pq: 15 rg: 32 | total time: 5.35m | eta: 13.0m
step 01373/04692 (29.26%) | loss: 2.953974 | lrm: 1.00 | dt: 233.04ms | tok/sec: 2,249,789 | bf16_mfu: 47.23 | epoch: 1 pq: 15 rg: 32 | total time: 5.35m | eta: 13.0m
step 01374/04692 (29.28%) | loss: 2.955225 | lrm: 1.00 | dt: 234.74ms | tok/sec: 2,233,497 | bf16_mfu: 46.89 | epoch: 1 pq: 15 rg: 32 | total time: 5.36m | eta: 13.0m
step 01375/04692 (29.31%) | loss: 2.970905 | lrm: 1.00 | dt: 235.03ms | tok/sec: 2,230,699 | bf16_mfu: 46.83 | epoch: 1 pq: 15 rg: 40 | total time: 5.36m | eta: 13.0m
step 01376/04692 (29.33%) | loss: 2.972038 | lrm: 1.00 | dt: 234.61ms | tok/sec: 2,234,679 | bf16_mfu: 46.91 | epoch: 1 pq: 15 rg: 40 | total time: 5.36m | eta: 13.0m
step 01377/04692 (29.35%) | loss: 2.978646 | lrm: 1.00 | dt: 231.79ms | tok/sec: 2,261,943 | bf16_mfu: 47.48 | epoch: 1 pq: 15 rg: 40 | total time: 5.37m | eta: 13.0m
step 01378/04692 (29.37%) | loss: 2.983771 | lrm: 1.00 | dt: 233.05ms | tok/sec: 2,249,637 | bf16_mfu: 47.23 | epoch: 1 pq: 15 rg: 40 | total time: 5.37m | eta: 13.0m
step 01379/04692 (29.39%) | loss: 2.988561 | lrm: 1.00 | dt: 235.27ms | tok/sec: 2,228,492 | bf16_mfu: 46.78 | epoch: 1 pq: 15 rg: 40 | total time: 5.37m | eta: 13.0m
step 01380/04692 (29.41%) | loss: 2.982113 | lrm: 1.00 | dt: 235.24ms | tok/sec: 2,228,691 | bf16_mfu: 46.79 | epoch: 1 pq: 15 rg: 40 | total time: 5.38m | eta: 13.0m
step 01381/04692 (29.43%) | loss: 2.975364 | lrm: 1.00 | dt: 233.18ms | tok/sec: 2,248,404 | bf16_mfu: 47.20 | epoch: 1 pq: 15 rg: 40 | total time: 5.38m | eta: 13.0m
step 01382/04692 (29.45%) | loss: 2.978669 | lrm: 1.00 | dt: 232.72ms | tok/sec: 2,252,899 | bf16_mfu: 47.29 | epoch: 1 pq: 15 rg: 40 | total time: 5.39m | eta: 13.0m
step 01383/04692 (29.48%) | loss: 2.978594 | lrm: 1.00 | dt: 234.33ms | tok/sec: 2,237,358 | bf16_mfu: 46.97 | epoch: 1 pq: 15 rg: 48 | total time: 5.39m | eta: 13.0m
step 01384/04692 (29.50%) | loss: 2.982155 | lrm: 1.00 | dt: 233.13ms | tok/sec: 2,248,931 | bf16_mfu: 47.21 | epoch: 1 pq: 15 rg: 48 | total time: 5.39m | eta: 13.0m
step 01385/04692 (29.52%) | loss: 2.968944 | lrm: 1.00 | dt: 234.92ms | tok/sec: 2,231,756 | bf16_mfu: 46.85 | epoch: 1 pq: 15 rg: 48 | total time: 5.40m | eta: 13.0m
step 01386/04692 (29.54%) | loss: 2.973433 | lrm: 1.00 | dt: 234.71ms | tok/sec: 2,233,814 | bf16_mfu: 46.89 | epoch: 1 pq: 15 rg: 48 | total time: 5.40m | eta: 13.0m
step 01387/04692 (29.56%) | loss: 2.964416 | lrm: 1.00 | dt: 233.61ms | tok/sec: 2,244,272 | bf16_mfu: 47.11 | epoch: 1 pq: 15 rg: 48 | total time: 5.41m | eta: 13.0m
step 01388/04692 (29.58%) | loss: 2.945020 | lrm: 1.00 | dt: 233.75ms | tok/sec: 2,242,926 | bf16_mfu: 47.09 | epoch: 1 pq: 15 rg: 48 | total time: 5.41m | eta: 13.0m
step 01389/04692 (29.60%) | loss: 2.949011 | lrm: 1.00 | dt: 235.28ms | tok/sec: 2,228,332 | bf16_mfu: 46.78 | epoch: 1 pq: 15 rg: 48 | total time: 5.41m | eta: 13.0m
step 01390/04692 (29.62%) | loss: 2.940290 | lrm: 1.00 | dt: 234.05ms | tok/sec: 2,240,079 | bf16_mfu: 47.03 | epoch: 1 pq: 15 rg: 48 | total time: 5.42m | eta: 13.0m
step 01391/04692 (29.65%) | loss: 2.934531 | lrm: 1.00 | dt: 236.27ms | tok/sec: 2,219,012 | bf16_mfu: 46.58 | epoch: 1 pq: 15 rg: 48 | total time: 5.42m | eta: 13.0m
step 01392/04692 (29.67%) | loss: 2.938200 | lrm: 1.00 | dt: 232.02ms | tok/sec: 2,259,638 | bf16_mfu: 47.44 | epoch: 1 pq: 15 rg: 56 | total time: 5.43m | eta: 13.0m
step 01393/04692 (29.69%) | loss: 2.942120 | lrm: 1.00 | dt: 234.23ms | tok/sec: 2,238,323 | bf16_mfu: 46.99 | epoch: 1 pq: 15 rg: 56 | total time: 5.43m | eta: 13.0m
step 01394/04692 (29.71%) | loss: 2.934221 | lrm: 1.00 | dt: 233.07ms | tok/sec: 2,249,481 | bf16_mfu: 47.22 | epoch: 1 pq: 15 rg: 56 | total time: 5.43m | eta: 12.9m
step 01395/04692 (29.73%) | loss: 2.930798 | lrm: 1.00 | dt: 235.91ms | tok/sec: 2,222,441 | bf16_mfu: 46.66 | epoch: 1 pq: 15 rg: 56 | total time: 5.44m | eta: 12.9m
step 01396/04692 (29.75%) | loss: 2.933274 | lrm: 1.00 | dt: 234.95ms | tok/sec: 2,231,520 | bf16_mfu: 46.85 | epoch: 1 pq: 15 rg: 56 | total time: 5.44m | eta: 12.9m
step 01397/04692 (29.77%) | loss: 2.922844 | lrm: 1.00 | dt: 233.45ms | tok/sec: 2,245,865 | bf16_mfu: 47.15 | epoch: 1 pq: 15 rg: 56 | total time: 5.44m | eta: 12.9m
step 01398/04692 (29.80%) | loss: 2.916736 | lrm: 1.00 | dt: 233.44ms | tok/sec: 2,245,938 | bf16_mfu: 47.15 | epoch: 1 pq: 15 rg: 56 | total time: 5.45m | eta: 12.9m
step 01399/04692 (29.82%) | loss: 2.926382 | lrm: 1.00 | dt: 237.93ms | tok/sec: 2,203,522 | bf16_mfu: 46.26 | epoch: 1 pq: 15 rg: 64 | total time: 5.45m | eta: 12.9m
step 01400/04692 (29.84%) | loss: 2.918274 | lrm: 1.00 | dt: 235.08ms | tok/sec: 2,230,242 | bf16_mfu: 46.82 | epoch: 1 pq: 15 rg: 64 | total time: 5.46m | eta: 12.9m
step 01401/04692 (29.86%) | loss: 2.919873 | lrm: 1.00 | dt: 233.05ms | tok/sec: 2,249,658 | bf16_mfu: 47.23 | epoch: 1 pq: 15 rg: 64 | total time: 5.46m | eta: 12.9m
step 01402/04692 (29.88%) | loss: 2.921341 | lrm: 1.00 | dt: 233.29ms | tok/sec: 2,247,345 | bf16_mfu: 47.18 | epoch: 1 pq: 15 rg: 64 | total time: 5.46m | eta: 12.9m
step 01403/04692 (29.90%) | loss: 2.932243 | lrm: 1.00 | dt: 234.47ms | tok/sec: 2,236,024 | bf16_mfu: 46.94 | epoch: 1 pq: 15 rg: 64 | total time: 5.47m | eta: 12.9m
step 01404/04692 (29.92%) | loss: 2.932214 | lrm: 1.00 | dt: 235.77ms | tok/sec: 2,223,717 | bf16_mfu: 46.68 | epoch: 1 pq: 15 rg: 64 | total time: 5.47m | eta: 12.9m
step 01405/04692 (29.94%) | loss: 2.936614 | lrm: 1.00 | dt: 234.96ms | tok/sec: 2,231,405 | bf16_mfu: 46.84 | epoch: 1 pq: 15 rg: 64 | total time: 5.48m | eta: 12.9m
step 01406/04692 (29.97%) | loss: 2.924626 | lrm: 1.00 | dt: 235.45ms | tok/sec: 2,226,703 | bf16_mfu: 46.74 | epoch: 1 pq: 15 rg: 64 | total time: 5.48m | eta: 12.9m
step 01407/04692 (29.99%) | loss: 2.920585 | lrm: 1.00 | dt: 232.97ms | tok/sec: 2,250,434 | bf16_mfu: 47.24 | epoch: 1 pq: 15 rg: 64 | total time: 5.48m | eta: 12.9m
step 01408/04692 (30.01%) | loss: 2.932429 | lrm: 1.00 | dt: 235.70ms | tok/sec: 2,224,356 | bf16_mfu: 46.70 | epoch: 1 pq: 15 rg: 72 | total time: 5.49m | eta: 12.9m
step 01409/04692 (30.03%) | loss: 2.949698 | lrm: 1.00 | dt: 236.12ms | tok/sec: 2,220,457 | bf16_mfu: 46.61 | epoch: 1 pq: 15 rg: 72 | total time: 5.49m | eta: 12.9m
step 01410/04692 (30.05%) | loss: 2.945347 | lrm: 1.00 | dt: 234.96ms | tok/sec: 2,231,407 | bf16_mfu: 46.84 | epoch: 1 pq: 15 rg: 72 | total time: 5.50m | eta: 12.9m
step 01411/04692 (30.07%) | loss: 2.944372 | lrm: 1.00 | dt: 234.05ms | tok/sec: 2,240,026 | bf16_mfu: 47.02 | epoch: 1 pq: 15 rg: 72 | total time: 5.50m | eta: 12.9m
step 01412/04692 (30.09%) | loss: 2.940815 | lrm: 1.00 | dt: 233.34ms | tok/sec: 2,246,886 | bf16_mfu: 47.17 | epoch: 1 pq: 15 rg: 72 | total time: 5.50m | eta: 12.9m
step 01413/04692 (30.12%) | loss: 2.944955 | lrm: 1.00 | dt: 233.65ms | tok/sec: 2,243,935 | bf16_mfu: 47.11 | epoch: 1 pq: 15 rg: 72 | total time: 5.51m | eta: 12.9m
step 01414/04692 (30.14%) | loss: 2.956039 | lrm: 1.00 | dt: 235.23ms | tok/sec: 2,228,786 | bf16_mfu: 46.79 | epoch: 1 pq: 15 rg: 72 | total time: 5.51m | eta: 12.9m
step 01415/04692 (30.16%) | loss: 2.946929 | lrm: 1.00 | dt: 234.49ms | tok/sec: 2,235,836 | bf16_mfu: 46.94 | epoch: 1 pq: 15 rg: 72 | total time: 5.52m | eta: 12.9m
step 01416/04692 (30.18%) | loss: 2.952911 | lrm: 1.00 | dt: 233.13ms | tok/sec: 2,248,936 | bf16_mfu: 47.21 | epoch: 1 pq: 15 rg: 80 | total time: 5.52m | eta: 12.9m
step 01417/04692 (30.20%) | loss: 2.954966 | lrm: 1.00 | dt: 233.60ms | tok/sec: 2,244,391 | bf16_mfu: 47.12 | epoch: 1 pq: 15 rg: 80 | total time: 5.52m | eta: 12.9m
step 01418/04692 (30.22%) | loss: 2.949919 | lrm: 1.00 | dt: 234.86ms | tok/sec: 2,232,374 | bf16_mfu: 46.86 | epoch: 1 pq: 15 rg: 80 | total time: 5.53m | eta: 12.9m
step 01419/04692 (30.24%) | loss: 2.959022 | lrm: 1.00 | dt: 234.75ms | tok/sec: 2,233,390 | bf16_mfu: 46.89 | epoch: 1 pq: 15 rg: 80 | total time: 5.53m | eta: 12.8m
step 01420/04692 (30.26%) | loss: 2.957301 | lrm: 1.00 | dt: 232.15ms | tok/sec: 2,258,384 | bf16_mfu: 47.41 | epoch: 1 pq: 15 rg: 80 | total time: 5.53m | eta: 12.8m
step 01421/04692 (30.29%) | loss: 2.965257 | lrm: 1.00 | dt: 233.84ms | tok/sec: 2,242,087 | bf16_mfu: 47.07 | epoch: 1 pq: 15 rg: 80 | total time: 5.54m | eta: 12.8m
step 01422/04692 (30.31%) | loss: 2.963381 | lrm: 1.00 | dt: 234.95ms | tok/sec: 2,231,493 | bf16_mfu: 46.85 | epoch: 1 pq: 15 rg: 80 | total time: 5.54m | eta: 12.8m
step 01423/04692 (30.33%) | loss: 2.976528 | lrm: 1.00 | dt: 233.96ms | tok/sec: 2,240,889 | bf16_mfu: 47.04 | epoch: 1 pq: 15 rg: 80 | total time: 5.55m | eta: 12.8m
step 01424/04692 (30.35%) | loss: 2.966823 | lrm: 1.00 | dt: 233.02ms | tok/sec: 2,249,939 | bf16_mfu: 47.23 | epoch: 1 pq: 16 rg: 0 | total time: 5.55m | eta: 12.8m
step 01425/04692 (30.37%) | loss: 2.975573 | lrm: 1.00 | dt: 234.80ms | tok/sec: 2,232,928 | bf16_mfu: 46.88 | epoch: 1 pq: 16 rg: 0 | total time: 5.55m | eta: 12.8m
step 01426/04692 (30.39%) | loss: 2.965334 | lrm: 1.00 | dt: 235.72ms | tok/sec: 2,224,165 | bf16_mfu: 46.69 | epoch: 1 pq: 16 rg: 0 | total time: 5.56m | eta: 12.8m
step 01427/04692 (30.41%) | loss: 2.963920 | lrm: 1.00 | dt: 233.85ms | tok/sec: 2,241,961 | bf16_mfu: 47.07 | epoch: 1 pq: 16 rg: 0 | total time: 5.56m | eta: 12.8m
step 01428/04692 (30.43%) | loss: 2.953296 | lrm: 1.00 | dt: 234.45ms | tok/sec: 2,236,243 | bf16_mfu: 46.95 | epoch: 1 pq: 16 rg: 0 | total time: 5.57m | eta: 12.8m
step 01429/04692 (30.46%) | loss: 2.953381 | lrm: 1.00 | dt: 232.02ms | tok/sec: 2,259,679 | bf16_mfu: 47.44 | epoch: 1 pq: 16 rg: 0 | total time: 5.57m | eta: 12.8m
step 01430/04692 (30.48%) | loss: 2.943227 | lrm: 1.00 | dt: 236.80ms | tok/sec: 2,214,012 | bf16_mfu: 46.48 | epoch: 1 pq: 16 rg: 0 | total time: 5.57m | eta: 12.8m
step 01431/04692 (30.50%) | loss: 2.932353 | lrm: 1.00 | dt: 235.03ms | tok/sec: 2,230,735 | bf16_mfu: 46.83 | epoch: 1 pq: 16 rg: 0 | total time: 5.58m | eta: 12.8m
step 01432/04692 (30.52%) | loss: 2.937644 | lrm: 1.00 | dt: 236.82ms | tok/sec: 2,213,824 | bf16_mfu: 46.47 | epoch: 1 pq: 16 rg: 8 | total time: 5.58m | eta: 12.8m
step 01433/04692 (30.54%) | loss: 2.940144 | lrm: 1.00 | dt: 234.90ms | tok/sec: 2,231,960 | bf16_mfu: 46.86 | epoch: 1 pq: 16 rg: 8 | total time: 5.59m | eta: 12.8m
step 01434/04692 (30.56%) | loss: 2.934714 | lrm: 1.00 | dt: 234.11ms | tok/sec: 2,239,522 | bf16_mfu: 47.01 | epoch: 1 pq: 16 rg: 8 | total time: 5.59m | eta: 12.8m
step 01435/04692 (30.58%) | loss: 2.928058 | lrm: 1.00 | dt: 235.38ms | tok/sec: 2,227,371 | bf16_mfu: 46.76 | epoch: 1 pq: 16 rg: 8 | total time: 5.59m | eta: 12.8m
step 01436/04692 (30.61%) | loss: 2.936949 | lrm: 1.00 | dt: 236.40ms | tok/sec: 2,217,846 | bf16_mfu: 46.56 | epoch: 1 pq: 16 rg: 8 | total time: 5.60m | eta: 12.8m
step 01437/04692 (30.63%) | loss: 2.935330 | lrm: 1.00 | dt: 234.56ms | tok/sec: 2,235,236 | bf16_mfu: 46.92 | epoch: 1 pq: 16 rg: 8 | total time: 5.60m | eta: 12.8m
step 01438/04692 (30.65%) | loss: 2.935898 | lrm: 1.00 | dt: 234.65ms | tok/sec: 2,234,323 | bf16_mfu: 46.90 | epoch: 1 pq: 16 rg: 8 | total time: 5.61m | eta: 12.8m
step 01439/04692 (30.67%) | loss: 2.936684 | lrm: 1.00 | dt: 233.44ms | tok/sec: 2,245,897 | bf16_mfu: 47.15 | epoch: 1 pq: 16 rg: 8 | total time: 5.61m | eta: 12.8m
step 01440/04692 (30.69%) | loss: 2.947660 | lrm: 1.00 | dt: 233.85ms | tok/sec: 2,241,993 | bf16_mfu: 47.07 | epoch: 1 pq: 16 rg: 8 | total time: 5.61m | eta: 12.8m
step 01441/04692 (30.71%) | loss: 2.957383 | lrm: 1.00 | dt: 234.63ms | tok/sec: 2,234,509 | bf16_mfu: 46.91 | epoch: 1 pq: 16 rg: 16 | total time: 5.62m | eta: 12.8m
step 01442/04692 (30.73%) | loss: 2.949631 | lrm: 1.00 | dt: 235.01ms | tok/sec: 2,230,925 | bf16_mfu: 46.83 | epoch: 1 pq: 16 rg: 16 | total time: 5.62m | eta: 12.8m
step 01443/04692 (30.75%) | loss: 2.948854 | lrm: 1.00 | dt: 234.64ms | tok/sec: 2,234,405 | bf16_mfu: 46.91 | epoch: 1 pq: 16 rg: 16 | total time: 5.62m | eta: 12.8m
step 01444/04692 (30.78%) | loss: 2.944470 | lrm: 1.00 | dt: 233.26ms | tok/sec: 2,247,692 | bf16_mfu: 47.19 | epoch: 1 pq: 16 rg: 16 | total time: 5.63m | eta: 12.7m
step 01445/04692 (30.80%) | loss: 2.942252 | lrm: 1.00 | dt: 235.20ms | tok/sec: 2,229,138 | bf16_mfu: 46.80 | epoch: 1 pq: 16 rg: 16 | total time: 5.63m | eta: 12.7m
step 01446/04692 (30.82%) | loss: 2.936350 | lrm: 1.00 | dt: 236.05ms | tok/sec: 2,221,132 | bf16_mfu: 46.63 | epoch: 1 pq: 16 rg: 16 | total time: 5.64m | eta: 12.7m
step 01447/04692 (30.84%) | loss: 2.948960 | lrm: 1.00 | dt: 234.60ms | tok/sec: 2,234,779 | bf16_mfu: 46.91 | epoch: 1 pq: 16 rg: 16 | total time: 5.64m | eta: 12.7m
step 01448/04692 (30.86%) | loss: 2.948045 | lrm: 1.00 | dt: 232.44ms | tok/sec: 2,255,616 | bf16_mfu: 47.35 | epoch: 1 pq: 16 rg: 16 | total time: 5.64m | eta: 12.7m
step 01449/04692 (30.88%) | loss: 2.949756 | lrm: 1.00 | dt: 232.99ms | tok/sec: 2,250,266 | bf16_mfu: 47.24 | epoch: 1 pq: 16 rg: 24 | total time: 5.65m | eta: 12.7m
step 01450/04692 (30.90%) | loss: 2.947592 | lrm: 1.00 | dt: 235.85ms | tok/sec: 2,223,005 | bf16_mfu: 46.67 | epoch: 1 pq: 16 rg: 24 | total time: 5.65m | eta: 12.7m
step 01451/04692 (30.92%) | loss: 2.946403 | lrm: 1.00 | dt: 236.51ms | tok/sec: 2,216,797 | bf16_mfu: 46.54 | epoch: 1 pq: 16 rg: 24 | total time: 5.66m | eta: 12.7m
step 01452/04692 (30.95%) | loss: 2.935383 | lrm: 1.00 | dt: 234.88ms | tok/sec: 2,232,170 | bf16_mfu: 46.86 | epoch: 1 pq: 16 rg: 24 | total time: 5.66m | eta: 12.7m
step 01453/04692 (30.97%) | loss: 2.928755 | lrm: 1.00 | dt: 232.84ms | tok/sec: 2,251,667 | bf16_mfu: 47.27 | epoch: 1 pq: 16 rg: 24 | total time: 5.66m | eta: 12.7m
step 01454/04692 (30.99%) | loss: 2.929226 | lrm: 1.00 | dt: 235.95ms | tok/sec: 2,222,030 | bf16_mfu: 46.65 | epoch: 1 pq: 16 rg: 24 | total time: 5.67m | eta: 12.7m
step 01455/04692 (31.01%) | loss: 2.930936 | lrm: 1.00 | dt: 235.18ms | tok/sec: 2,229,310 | bf16_mfu: 46.80 | epoch: 1 pq: 16 rg: 24 | total time: 5.67m | eta: 12.7m
step 01456/04692 (31.03%) | loss: 2.929506 | lrm: 1.00 | dt: 233.13ms | tok/sec: 2,248,938 | bf16_mfu: 47.21 | epoch: 1 pq: 16 rg: 24 | total time: 5.68m | eta: 12.7m
step 01457/04692 (31.05%) | loss: 2.926562 | lrm: 1.00 | dt: 232.88ms | tok/sec: 2,251,337 | bf16_mfu: 47.26 | epoch: 1 pq: 16 rg: 24 | total time: 5.68m | eta: 12.7m
step 01458/04692 (31.07%) | loss: 2.918264 | lrm: 1.00 | dt: 234.70ms | tok/sec: 2,233,876 | bf16_mfu: 46.90 | epoch: 1 pq: 16 rg: 32 | total time: 5.68m | eta: 12.7m
step 01459/04692 (31.10%) | loss: 2.911400 | lrm: 1.00 | dt: 234.75ms | tok/sec: 2,233,345 | bf16_mfu: 46.88 | epoch: 1 pq: 16 rg: 32 | total time: 5.69m | eta: 12.7m
step 01460/04692 (31.12%) | loss: 2.913725 | lrm: 1.00 | dt: 235.94ms | tok/sec: 2,222,137 | bf16_mfu: 46.65 | epoch: 1 pq: 16 rg: 32 | total time: 5.69m | eta: 12.7m
step 01461/04692 (31.14%) | loss: 2.916889 | lrm: 1.00 | dt: 232.94ms | tok/sec: 2,250,733 | bf16_mfu: 47.25 | epoch: 1 pq: 16 rg: 32 | total time: 5.69m | eta: 12.7m
step 01462/04692 (31.16%) | loss: 2.911141 | lrm: 1.00 | dt: 234.02ms | tok/sec: 2,240,330 | bf16_mfu: 47.03 | epoch: 1 pq: 16 rg: 32 | total time: 5.70m | eta: 12.7m
step 01463/04692 (31.18%) | loss: 2.909753 | lrm: 1.00 | dt: 236.85ms | tok/sec: 2,213,570 | bf16_mfu: 46.47 | epoch: 1 pq: 16 rg: 32 | total time: 5.70m | eta: 12.7m
step 01464/04692 (31.20%) | loss: 2.903703 | lrm: 1.00 | dt: 238.26ms | tok/sec: 2,200,499 | bf16_mfu: 46.19 | epoch: 1 pq: 16 rg: 32 | total time: 5.71m | eta: 12.7m
step 01465/04692 (31.22%) | loss: 2.906661 | lrm: 1.00 | dt: 236.25ms | tok/sec: 2,219,180 | bf16_mfu: 46.59 | epoch: 1 pq: 16 rg: 32 | total time: 5.71m | eta: 12.7m
step 01466/04692 (31.24%) | loss: 2.893563 | lrm: 1.00 | dt: 232.59ms | tok/sec: 2,254,104 | bf16_mfu: 47.32 | epoch: 1 pq: 16 rg: 40 | total time: 5.71m | eta: 12.7m
step 01467/04692 (31.27%) | loss: 2.900380 | lrm: 1.00 | dt: 232.59ms | tok/sec: 2,254,090 | bf16_mfu: 47.32 | epoch: 1 pq: 16 rg: 40 | total time: 5.72m | eta: 12.7m
step 01468/04692 (31.29%) | loss: 2.898014 | lrm: 1.00 | dt: 236.01ms | tok/sec: 2,221,455 | bf16_mfu: 46.63 | epoch: 1 pq: 16 rg: 40 | total time: 5.72m | eta: 12.7m
step 01469/04692 (31.31%) | loss: 2.900053 | lrm: 1.00 | dt: 234.79ms | tok/sec: 2,233,025 | bf16_mfu: 46.88 | epoch: 1 pq: 16 rg: 40 | total time: 5.73m | eta: 12.6m
step 01470/04692 (31.33%) | loss: 2.901337 | lrm: 1.00 | dt: 234.75ms | tok/sec: 2,233,390 | bf16_mfu: 46.89 | epoch: 1 pq: 16 rg: 40 | total time: 5.73m | eta: 12.6m
step 01471/04692 (31.35%) | loss: 2.911729 | lrm: 1.00 | dt: 232.96ms | tok/sec: 2,250,515 | bf16_mfu: 47.24 | epoch: 1 pq: 16 rg: 40 | total time: 5.73m | eta: 12.6m
step 01472/04692 (31.37%) | loss: 2.911538 | lrm: 1.00 | dt: 234.66ms | tok/sec: 2,234,271 | bf16_mfu: 46.90 | epoch: 1 pq: 16 rg: 40 | total time: 5.74m | eta: 12.6m
step 01473/04692 (31.39%) | loss: 2.910610 | lrm: 1.00 | dt: 236.09ms | tok/sec: 2,220,708 | bf16_mfu: 46.62 | epoch: 1 pq: 16 rg: 40 | total time: 5.74m | eta: 12.6m
step 01474/04692 (31.42%) | loss: 2.922919 | lrm: 1.00 | dt: 234.96ms | tok/sec: 2,231,375 | bf16_mfu: 46.84 | epoch: 1 pq: 16 rg: 48 | total time: 5.75m | eta: 12.6m
step 01475/04692 (31.44%) | loss: 2.917436 | lrm: 1.00 | dt: 234.01ms | tok/sec: 2,240,458 | bf16_mfu: 47.03 | epoch: 1 pq: 16 rg: 48 | total time: 5.75m | eta: 12.6m
step 01476/04692 (31.46%) | loss: 2.920813 | lrm: 1.00 | dt: 232.81ms | tok/sec: 2,252,006 | bf16_mfu: 47.28 | epoch: 1 pq: 16 rg: 48 | total time: 5.75m | eta: 12.6m
step 01477/04692 (31.48%) | loss: 2.914226 | lrm: 1.00 | dt: 235.37ms | tok/sec: 2,227,470 | bf16_mfu: 46.76 | epoch: 1 pq: 16 rg: 48 | total time: 5.76m | eta: 12.6m
step 01478/04692 (31.50%) | loss: 2.919421 | lrm: 1.00 | dt: 236.44ms | tok/sec: 2,217,465 | bf16_mfu: 46.55 | epoch: 1 pq: 16 rg: 48 | total time: 5.76m | eta: 12.6m
step 01479/04692 (31.52%) | loss: 2.912842 | lrm: 1.00 | dt: 233.98ms | tok/sec: 2,240,713 | bf16_mfu: 47.04 | epoch: 1 pq: 16 rg: 48 | total time: 5.77m | eta: 12.6m
step 01480/04692 (31.54%) | loss: 2.924282 | lrm: 1.00 | dt: 233.41ms | tok/sec: 2,246,191 | bf16_mfu: 47.15 | epoch: 1 pq: 16 rg: 48 | total time: 5.77m | eta: 12.6m
step 01481/04692 (31.56%) | loss: 2.919708 | lrm: 1.00 | dt: 233.72ms | tok/sec: 2,243,205 | bf16_mfu: 47.09 | epoch: 1 pq: 16 rg: 48 | total time: 5.77m | eta: 12.6m
step 01482/04692 (31.59%) | loss: 2.915903 | lrm: 1.00 | dt: 236.45ms | tok/sec: 2,217,372 | bf16_mfu: 46.55 | epoch: 1 pq: 16 rg: 56 | total time: 5.78m | eta: 12.6m
step 01483/04692 (31.61%) | loss: 2.907846 | lrm: 1.00 | dt: 234.33ms | tok/sec: 2,237,417 | bf16_mfu: 46.97 | epoch: 1 pq: 16 rg: 56 | total time: 5.78m | eta: 12.6m
step 01484/04692 (31.63%) | loss: 2.920650 | lrm: 1.00 | dt: 233.86ms | tok/sec: 2,241,924 | bf16_mfu: 47.06 | epoch: 1 pq: 16 rg: 56 | total time: 5.78m | eta: 12.6m
step 01485/04692 (31.65%) | loss: 2.925492 | lrm: 1.00 | dt: 232.26ms | tok/sec: 2,257,299 | bf16_mfu: 47.39 | epoch: 1 pq: 16 rg: 56 | total time: 5.79m | eta: 12.6m
step 01486/04692 (31.67%) | loss: 2.930109 | lrm: 1.00 | dt: 236.34ms | tok/sec: 2,218,324 | bf16_mfu: 46.57 | epoch: 1 pq: 16 rg: 56 | total time: 5.79m | eta: 12.6m
step 01487/04692 (31.69%) | loss: 2.929007 | lrm: 1.00 | dt: 236.19ms | tok/sec: 2,219,733 | bf16_mfu: 46.60 | epoch: 1 pq: 16 rg: 56 | total time: 5.80m | eta: 12.6m
step 01488/04692 (31.71%) | loss: 2.927964 | lrm: 1.00 | dt: 234.10ms | tok/sec: 2,239,568 | bf16_mfu: 47.01 | epoch: 1 pq: 16 rg: 56 | total time: 5.80m | eta: 12.6m
step 01489/04692 (31.73%) | loss: 2.934434 | lrm: 1.00 | dt: 234.08ms | tok/sec: 2,239,775 | bf16_mfu: 47.02 | epoch: 1 pq: 16 rg: 56 | total time: 5.80m | eta: 12.6m
step 01490/04692 (31.76%) | loss: 2.928026 | lrm: 1.00 | dt: 232.58ms | tok/sec: 2,254,215 | bf16_mfu: 47.32 | epoch: 1 pq: 16 rg: 56 | total time: 5.81m | eta: 12.6m
step 01491/04692 (31.78%) | loss: 2.922471 | lrm: 1.00 | dt: 235.49ms | tok/sec: 2,226,365 | bf16_mfu: 46.74 | epoch: 1 pq: 16 rg: 64 | total time: 5.81m | eta: 12.6m
step 01492/04692 (31.80%) | loss: 2.910998 | lrm: 1.00 | dt: 234.03ms | tok/sec: 2,240,223 | bf16_mfu: 47.03 | epoch: 1 pq: 16 rg: 64 | total time: 5.82m | eta: 12.6m
step 01493/04692 (31.82%) | loss: 2.915268 | lrm: 1.00 | dt: 233.18ms | tok/sec: 2,248,423 | bf16_mfu: 47.20 | epoch: 1 pq: 16 rg: 64 | total time: 5.82m | eta: 12.6m
step 01494/04692 (31.84%) | loss: 2.903819 | lrm: 1.00 | dt: 233.87ms | tok/sec: 2,241,746 | bf16_mfu: 47.06 | epoch: 1 pq: 16 rg: 64 | total time: 5.82m | eta: 12.6m
step 01495/04692 (31.86%) | loss: 2.890038 | lrm: 1.00 | dt: 237.07ms | tok/sec: 2,211,533 | bf16_mfu: 46.43 | epoch: 1 pq: 16 rg: 64 | total time: 5.83m | eta: 12.5m
step 01496/04692 (31.88%) | loss: 2.889146 | lrm: 1.00 | dt: 235.83ms | tok/sec: 2,223,162 | bf16_mfu: 46.67 | epoch: 1 pq: 16 rg: 64 | total time: 5.83m | eta: 12.5m
step 01497/04692 (31.91%) | loss: 2.879647 | lrm: 1.00 | dt: 234.04ms | tok/sec: 2,240,200 | bf16_mfu: 47.03 | epoch: 1 pq: 16 rg: 64 | total time: 5.84m | eta: 12.5m
step 01498/04692 (31.93%) | loss: 2.889161 | lrm: 1.00 | dt: 235.12ms | tok/sec: 2,229,869 | bf16_mfu: 46.81 | epoch: 1 pq: 16 rg: 64 | total time: 5.84m | eta: 12.5m
step 01499/04692 (31.95%) | loss: 2.889374 | lrm: 1.00 | dt: 234.61ms | tok/sec: 2,234,682 | bf16_mfu: 46.91 | epoch: 1 pq: 16 rg: 72 | total time: 5.84m | eta: 12.5m
Step 01500 | Validation bpb: 0.889049
2026-03-06 21:12:41,858 - nanochat.checkpoint_manager - [32m[1mINFO[0m - Saved optimizer state to: /data/.cache/nanochat/base_checkpoints/part3/d16_baseline/optim_001500_rank2.pt
2026-03-06 21:12:41,896 - nanochat.checkpoint_manager - [32m[1mINFO[0m - Saved optimizer state to: /data/.cache/nanochat/base_checkpoints/part3/d16_baseline/optim_001500_rank5.pt
2026-03-06 21:12:41,903 - nanochat.checkpoint_manager - [32m[1mINFO[0m - Saved optimizer state to: /data/.cache/nanochat/base_checkpoints/part3/d16_baseline/optim_001500_rank6.pt
2026-03-06 21:12:41,917 - nanochat.checkpoint_manager - [32m[1mINFO[0m - Saved optimizer state to: /data/.cache/nanochat/base_checkpoints/part3/d16_baseline/optim_001500_rank1.pt
2026-03-06 21:12:41,950 - nanochat.checkpoint_manager - [32m[1mINFO[0m - Saved optimizer state to: /data/.cache/nanochat/base_checkpoints/part3/d16_baseline/optim_001500_rank7.pt
2026-03-06 21:12:41,959 - nanochat.checkpoint_manager - [32m[1mINFO[0m - Saved optimizer state to: /data/.cache/nanochat/base_checkpoints/part3/d16_baseline/optim_001500_rank3.pt
2026-03-06 21:12:41,965 - nanochat.checkpoint_manager - [32m[1mINFO[0m - Saved optimizer state to: /data/.cache/nanochat/base_checkpoints/part3/d16_baseline/optim_001500_rank4.pt
2026-03-06 21:12:44,430 - nanochat.checkpoint_manager - [32m[1mINFO[0m - Saved model parameters to: /data/.cache/nanochat/base_checkpoints/part3/d16_baseline/model_001500.pt
2026-03-06 21:12:44,432 - nanochat.checkpoint_manager - [32m[1mINFO[0m - Saved metadata to: /data/.cache/nanochat/base_checkpoints/part3/d16_baseline/meta_001500.json
2026-03-06 21:12:44,964 - nanochat.checkpoint_manager - [32m[1mINFO[0m - Saved optimizer state to: /data/.cache/nanochat/base_checkpoints/part3/d16_baseline/optim_001500_rank0.pt
step 01500/04692 (31.97%) | loss: 2.887442 | lrm: 1.00 | dt: 225.70ms | tok/sec: 2,322,955 | bf16_mfu: 48.77 | epoch: 1 pq: 16 rg: 72 | total time: 5.85m | eta: 12.5m
step 01501/04692 (31.99%) | loss: 2.884386 | lrm: 1.00 | dt: 228.40ms | tok/sec: 2,295,472 | bf16_mfu: 48.19 | epoch: 1 pq: 16 rg: 72 | total time: 5.85m | eta: 12.5m
step 01502/04692 (32.01%) | loss: 2.882633 | lrm: 1.00 | dt: 228.09ms | tok/sec: 2,298,615 | bf16_mfu: 48.25 | epoch: 1 pq: 16 rg: 72 | total time: 5.85m | eta: 12.5m
step 01503/04692 (32.03%) | loss: 2.875513 | lrm: 1.00 | dt: 229.49ms | tok/sec: 2,284,625 | bf16_mfu: 47.96 | epoch: 1 pq: 16 rg: 72 | total time: 5.86m | eta: 12.5m
step 01504/04692 (32.05%) | loss: 2.871506 | lrm: 1.00 | dt: 246.32ms | tok/sec: 2,128,522 | bf16_mfu: 44.68 | epoch: 1 pq: 16 rg: 72 | total time: 5.86m | eta: 12.5m
step 01505/04692 (32.08%) | loss: 2.869219 | lrm: 1.00 | dt: 239.23ms | tok/sec: 2,191,604 | bf16_mfu: 46.01 | epoch: 1 pq: 16 rg: 72 | total time: 5.87m | eta: 12.5m
step 01506/04692 (32.10%) | loss: 2.884604 | lrm: 1.00 | dt: 228.38ms | tok/sec: 2,295,656 | bf16_mfu: 48.19 | epoch: 1 pq: 16 rg: 72 | total time: 5.87m | eta: 12.5m
step 01507/04692 (32.12%) | loss: 2.889919 | lrm: 1.00 | dt: 230.43ms | tok/sec: 2,275,248 | bf16_mfu: 47.76 | epoch: 1 pq: 16 rg: 72 | total time: 5.87m | eta: 12.5m
step 01508/04692 (32.14%) | loss: 2.905692 | lrm: 1.00 | dt: 237.16ms | tok/sec: 2,210,669 | bf16_mfu: 46.41 | epoch: 1 pq: 16 rg: 80 | total time: 5.88m | eta: 12.5m
step 01509/04692 (32.16%) | loss: 2.902592 | lrm: 1.00 | dt: 237.84ms | tok/sec: 2,204,399 | bf16_mfu: 46.28 | epoch: 1 pq: 16 rg: 80 | total time: 5.88m | eta: 12.5m
step 01510/04692 (32.18%) | loss: 2.911544 | lrm: 1.00 | dt: 233.82ms | tok/sec: 2,242,224 | bf16_mfu: 47.07 | epoch: 1 pq: 16 rg: 80 | total time: 5.89m | eta: 12.5m
step 01511/04692 (32.20%) | loss: 2.919809 | lrm: 1.00 | dt: 229.08ms | tok/sec: 2,288,651 | bf16_mfu: 48.05 | epoch: 1 pq: 16 rg: 80 | total time: 5.89m | eta: 12.5m
step 01512/04692 (32.23%) | loss: 2.917528 | lrm: 1.00 | dt: 236.12ms | tok/sec: 2,220,459 | bf16_mfu: 46.61 | epoch: 1 pq: 16 rg: 80 | total time: 5.89m | eta: 12.5m
step 01513/04692 (32.25%) | loss: 2.908233 | lrm: 1.00 | dt: 237.04ms | tok/sec: 2,211,843 | bf16_mfu: 46.43 | epoch: 1 pq: 16 rg: 80 | total time: 5.90m | eta: 12.5m
step 01514/04692 (32.27%) | loss: 2.899875 | lrm: 1.00 | dt: 236.94ms | tok/sec: 2,212,771 | bf16_mfu: 46.45 | epoch: 1 pq: 16 rg: 80 | total time: 5.90m | eta: 12.5m
step 01515/04692 (32.29%) | loss: 2.899615 | lrm: 1.00 | dt: 228.60ms | tok/sec: 2,293,485 | bf16_mfu: 48.15 | epoch: 1 pq: 16 rg: 80 | total time: 5.91m | eta: 12.5m
step 01516/04692 (32.31%) | loss: 2.890035 | lrm: 1.00 | dt: 231.82ms | tok/sec: 2,261,641 | bf16_mfu: 47.48 | epoch: 1 pq: 17 rg: 0 | total time: 5.91m | eta: 12.5m
step 01517/04692 (32.33%) | loss: 2.896077 | lrm: 1.00 | dt: 235.90ms | tok/sec: 2,222,483 | bf16_mfu: 46.66 | epoch: 1 pq: 17 rg: 0 | total time: 5.91m | eta: 12.5m
step 01518/04692 (32.35%) | loss: 2.900136 | lrm: 1.00 | dt: 234.92ms | tok/sec: 2,231,738 | bf16_mfu: 46.85 | epoch: 1 pq: 17 rg: 0 | total time: 5.92m | eta: 12.5m
step 01519/04692 (32.37%) | loss: 2.918489 | lrm: 1.00 | dt: 232.42ms | tok/sec: 2,255,774 | bf16_mfu: 47.36 | epoch: 1 pq: 17 rg: 0 | total time: 5.92m | eta: 12.5m
step 01520/04692 (32.40%) | loss: 2.919101 | lrm: 1.00 | dt: 230.15ms | tok/sec: 2,278,060 | bf16_mfu: 47.82 | epoch: 1 pq: 17 rg: 0 | total time: 5.93m | eta: 12.4m
step 01521/04692 (32.42%) | loss: 2.908330 | lrm: 1.00 | dt: 233.37ms | tok/sec: 2,246,638 | bf16_mfu: 47.16 | epoch: 1 pq: 17 rg: 0 | total time: 5.93m | eta: 12.4m
step 01522/04692 (32.44%) | loss: 2.918655 | lrm: 1.00 | dt: 237.47ms | tok/sec: 2,207,774 | bf16_mfu: 46.35 | epoch: 1 pq: 17 rg: 0 | total time: 5.93m | eta: 12.4m
step 01523/04692 (32.46%) | loss: 2.924980 | lrm: 1.00 | dt: 236.23ms | tok/sec: 2,219,419 | bf16_mfu: 46.59 | epoch: 1 pq: 17 rg: 0 | total time: 5.94m | eta: 12.4m
step 01524/04692 (32.48%) | loss: 2.929462 | lrm: 1.00 | dt: 232.67ms | tok/sec: 2,253,372 | bf16_mfu: 47.30 | epoch: 1 pq: 17 rg: 8 | total time: 5.94m | eta: 12.4m
step 01525/04692 (32.50%) | loss: 2.928742 | lrm: 1.00 | dt: 233.53ms | tok/sec: 2,245,099 | bf16_mfu: 47.13 | epoch: 1 pq: 17 rg: 8 | total time: 5.94m | eta: 12.4m
step 01526/04692 (32.52%) | loss: 2.922450 | lrm: 1.00 | dt: 233.70ms | tok/sec: 2,243,431 | bf16_mfu: 47.10 | epoch: 1 pq: 17 rg: 8 | total time: 5.95m | eta: 12.4m
step 01527/04692 (32.54%) | loss: 2.919197 | lrm: 1.00 | dt: 236.47ms | tok/sec: 2,217,161 | bf16_mfu: 46.54 | epoch: 1 pq: 17 rg: 8 | total time: 5.95m | eta: 12.4m
step 01528/04692 (32.57%) | loss: 2.913589 | lrm: 1.00 | dt: 236.48ms | tok/sec: 2,217,079 | bf16_mfu: 46.54 | epoch: 1 pq: 17 rg: 8 | total time: 5.96m | eta: 12.4m
step 01529/04692 (32.59%) | loss: 2.919987 | lrm: 1.00 | dt: 233.62ms | tok/sec: 2,244,233 | bf16_mfu: 47.11 | epoch: 1 pq: 17 rg: 8 | total time: 5.96m | eta: 12.4m
step 01530/04692 (32.61%) | loss: 2.919637 | lrm: 1.00 | dt: 234.24ms | tok/sec: 2,238,287 | bf16_mfu: 46.99 | epoch: 1 pq: 17 rg: 8 | total time: 5.96m | eta: 12.4m
step 01531/04692 (32.63%) | loss: 2.928618 | lrm: 1.00 | dt: 235.46ms | tok/sec: 2,226,629 | bf16_mfu: 46.74 | epoch: 1 pq: 17 rg: 8 | total time: 5.97m | eta: 12.4m
step 01532/04692 (32.65%) | loss: 2.928687 | lrm: 1.00 | dt: 233.88ms | tok/sec: 2,241,696 | bf16_mfu: 47.06 | epoch: 1 pq: 17 rg: 16 | total time: 5.97m | eta: 12.4m
step 01533/04692 (32.67%) | loss: 2.918067 | lrm: 1.00 | dt: 235.43ms | tok/sec: 2,226,969 | bf16_mfu: 46.75 | epoch: 1 pq: 17 rg: 16 | total time: 5.98m | eta: 12.4m
step 01534/04692 (32.69%) | loss: 2.911567 | lrm: 1.00 | dt: 233.49ms | tok/sec: 2,245,429 | bf16_mfu: 47.14 | epoch: 1 pq: 17 rg: 16 | total time: 5.98m | eta: 12.4m
step 01535/04692 (32.72%) | loss: 2.915381 | lrm: 1.00 | dt: 233.57ms | tok/sec: 2,244,700 | bf16_mfu: 47.12 | epoch: 1 pq: 17 rg: 16 | total time: 5.98m | eta: 12.4m
step 01536/04692 (32.74%) | loss: 2.922058 | lrm: 1.00 | dt: 234.39ms | tok/sec: 2,236,784 | bf16_mfu: 46.96 | epoch: 1 pq: 17 rg: 16 | total time: 5.99m | eta: 12.4m
step 01537/04692 (32.76%) | loss: 2.921993 | lrm: 1.00 | dt: 234.76ms | tok/sec: 2,233,281 | bf16_mfu: 46.88 | epoch: 1 pq: 17 rg: 16 | total time: 5.99m | eta: 12.4m
step 01538/04692 (32.78%) | loss: 2.935852 | lrm: 1.00 | dt: 237.13ms | tok/sec: 2,211,004 | bf16_mfu: 46.42 | epoch: 1 pq: 17 rg: 16 | total time: 6.00m | eta: 12.4m
step 01539/04692 (32.80%) | loss: 2.940354 | lrm: 1.00 | dt: 241.22ms | tok/sec: 2,173,476 | bf16_mfu: 45.63 | epoch: 1 pq: 17 rg: 16 | total time: 6.00m | eta: 12.4m
step 01540/04692 (32.82%) | loss: 2.944182 | lrm: 1.00 | dt: 235.68ms | tok/sec: 2,224,534 | bf16_mfu: 46.70 | epoch: 1 pq: 17 rg: 24 | total time: 6.00m | eta: 12.4m
step 01541/04692 (32.84%) | loss: 2.931754 | lrm: 1.00 | dt: 232.53ms | tok/sec: 2,254,714 | bf16_mfu: 47.33 | epoch: 1 pq: 17 rg: 24 | total time: 6.01m | eta: 12.4m
step 01542/04692 (32.86%) | loss: 2.932053 | lrm: 1.00 | dt: 236.30ms | tok/sec: 2,218,732 | bf16_mfu: 46.58 | epoch: 1 pq: 17 rg: 24 | total time: 6.01m | eta: 12.4m
step 01543/04692 (32.89%) | loss: 2.922923 | lrm: 1.00 | dt: 234.62ms | tok/sec: 2,234,579 | bf16_mfu: 46.91 | epoch: 1 pq: 17 rg: 24 | total time: 6.02m | eta: 12.4m
step 01544/04692 (32.91%) | loss: 2.912269 | lrm: 1.00 | dt: 235.16ms | tok/sec: 2,229,489 | bf16_mfu: 46.80 | epoch: 1 pq: 17 rg: 24 | total time: 6.02m | eta: 12.4m
step 01545/04692 (32.93%) | loss: 2.903738 | lrm: 1.00 | dt: 234.71ms | tok/sec: 2,233,778 | bf16_mfu: 46.89 | epoch: 1 pq: 17 rg: 24 | total time: 6.02m | eta: 12.3m
step 01546/04692 (32.95%) | loss: 2.912735 | lrm: 1.00 | dt: 233.26ms | tok/sec: 2,247,630 | bf16_mfu: 47.18 | epoch: 1 pq: 17 rg: 24 | total time: 6.03m | eta: 12.3m
step 01547/04692 (32.97%) | loss: 2.912771 | lrm: 1.00 | dt: 233.13ms | tok/sec: 2,248,947 | bf16_mfu: 47.21 | epoch: 1 pq: 17 rg: 24 | total time: 6.03m | eta: 12.3m
step 01548/04692 (32.99%) | loss: 2.915659 | lrm: 1.00 | dt: 236.23ms | tok/sec: 2,219,439 | bf16_mfu: 46.59 | epoch: 1 pq: 17 rg: 24 | total time: 6.03m | eta: 12.3m
step 01549/04692 (33.01%) | loss: 2.923807 | lrm: 1.00 | dt: 236.39ms | tok/sec: 2,217,848 | bf16_mfu: 46.56 | epoch: 1 pq: 17 rg: 32 | total time: 6.04m | eta: 12.3m
step 01550/04692 (33.03%) | loss: 2.918580 | lrm: 1.00 | dt: 234.19ms | tok/sec: 2,238,692 | bf16_mfu: 47.00 | epoch: 1 pq: 17 rg: 32 | total time: 6.04m | eta: 12.3m
step 01551/04692 (33.06%) | loss: 2.914401 | lrm: 1.00 | dt: 233.89ms | tok/sec: 2,241,591 | bf16_mfu: 47.06 | epoch: 1 pq: 17 rg: 32 | total time: 6.05m | eta: 12.3m
step 01552/04692 (33.08%) | loss: 2.913432 | lrm: 1.00 | dt: 234.59ms | tok/sec: 2,234,868 | bf16_mfu: 46.92 | epoch: 1 pq: 17 rg: 32 | total time: 6.05m | eta: 12.3m
step 01553/04692 (33.10%) | loss: 2.906224 | lrm: 1.00 | dt: 234.33ms | tok/sec: 2,237,415 | bf16_mfu: 46.97 | epoch: 1 pq: 17 rg: 32 | total time: 6.05m | eta: 12.3m
step 01554/04692 (33.12%) | loss: 2.913414 | lrm: 1.00 | dt: 234.64ms | tok/sec: 2,234,420 | bf16_mfu: 46.91 | epoch: 1 pq: 17 rg: 32 | total time: 6.06m | eta: 12.3m
step 01555/04692 (33.14%) | loss: 2.921906 | lrm: 1.00 | dt: 234.23ms | tok/sec: 2,238,353 | bf16_mfu: 46.99 | epoch: 1 pq: 17 rg: 32 | total time: 6.06m | eta: 12.3m
step 01556/04692 (33.16%) | loss: 2.927438 | lrm: 1.00 | dt: 234.81ms | tok/sec: 2,232,805 | bf16_mfu: 46.87 | epoch: 1 pq: 17 rg: 32 | total time: 6.07m | eta: 12.3m
step 01557/04692 (33.18%) | loss: 2.921982 | lrm: 1.00 | dt: 234.13ms | tok/sec: 2,239,308 | bf16_mfu: 47.01 | epoch: 1 pq: 17 rg: 32 | total time: 6.07m | eta: 12.3m
step 01558/04692 (33.21%) | loss: 2.909443 | lrm: 1.00 | dt: 237.65ms | tok/sec: 2,206,146 | bf16_mfu: 46.31 | epoch: 1 pq: 17 rg: 40 | total time: 6.07m | eta: 12.3m
step 01559/04692 (33.23%) | loss: 2.913097 | lrm: 1.00 | dt: 236.11ms | tok/sec: 2,220,553 | bf16_mfu: 46.62 | epoch: 1 pq: 17 rg: 40 | total time: 6.08m | eta: 12.3m
step 01560/04692 (33.25%) | loss: 2.909604 | lrm: 1.00 | dt: 234.69ms | tok/sec: 2,233,955 | bf16_mfu: 46.90 | epoch: 1 pq: 17 rg: 40 | total time: 6.08m | eta: 12.3m
step 01561/04692 (33.27%) | loss: 2.918333 | lrm: 1.00 | dt: 234.48ms | tok/sec: 2,235,947 | bf16_mfu: 46.94 | epoch: 1 pq: 17 rg: 40 | total time: 6.09m | eta: 12.3m
step 01562/04692 (33.29%) | loss: 2.901866 | lrm: 1.00 | dt: 234.05ms | tok/sec: 2,240,093 | bf16_mfu: 47.03 | epoch: 1 pq: 17 rg: 40 | total time: 6.09m | eta: 12.3m
step 01563/04692 (33.31%) | loss: 2.892181 | lrm: 1.00 | dt: 235.97ms | tok/sec: 2,221,821 | bf16_mfu: 46.64 | epoch: 1 pq: 17 rg: 40 | total time: 6.09m | eta: 12.3m
step 01564/04692 (33.33%) | loss: 2.895832 | lrm: 1.00 | dt: 237.38ms | tok/sec: 2,208,604 | bf16_mfu: 46.36 | epoch: 1 pq: 17 rg: 40 | total time: 6.10m | eta: 12.3m
step 01565/04692 (33.35%) | loss: 2.891966 | lrm: 1.00 | dt: 234.89ms | tok/sec: 2,232,028 | bf16_mfu: 46.86 | epoch: 1 pq: 17 rg: 40 | total time: 6.10m | eta: 12.3m
step 01566/04692 (33.38%) | loss: 2.893103 | lrm: 1.00 | dt: 232.43ms | tok/sec: 2,255,644 | bf16_mfu: 47.35 | epoch: 1 pq: 17 rg: 48 | total time: 6.11m | eta: 12.3m
step 01567/04692 (33.40%) | loss: 2.893544 | lrm: 1.00 | dt: 234.35ms | tok/sec: 2,237,212 | bf16_mfu: 46.97 | epoch: 1 pq: 17 rg: 48 | total time: 6.11m | eta: 12.3m
step 01568/04692 (33.42%) | loss: 2.896621 | lrm: 1.00 | dt: 235.83ms | tok/sec: 2,223,166 | bf16_mfu: 46.67 | epoch: 1 pq: 17 rg: 48 | total time: 6.11m | eta: 12.3m
step 01569/04692 (33.44%) | loss: 2.889985 | lrm: 1.00 | dt: 237.75ms | tok/sec: 2,205,191 | bf16_mfu: 46.29 | epoch: 1 pq: 17 rg: 48 | total time: 6.12m | eta: 12.3m
step 01570/04692 (33.46%) | loss: 2.906476 | lrm: 1.00 | dt: 235.97ms | tok/sec: 2,221,843 | bf16_mfu: 46.64 | epoch: 1 pq: 17 rg: 48 | total time: 6.12m | eta: 12.2m
step 01571/04692 (33.48%) | loss: 2.912719 | lrm: 1.00 | dt: 234.88ms | tok/sec: 2,232,125 | bf16_mfu: 46.86 | epoch: 1 pq: 17 rg: 48 | total time: 6.12m | eta: 12.2m
step 01572/04692 (33.50%) | loss: 2.906132 | lrm: 1.00 | dt: 234.15ms | tok/sec: 2,239,107 | bf16_mfu: 47.01 | epoch: 1 pq: 17 rg: 48 | total time: 6.13m | eta: 12.2m
step 01573/04692 (33.53%) | loss: 2.914128 | lrm: 1.00 | dt: 232.98ms | tok/sec: 2,250,358 | bf16_mfu: 47.24 | epoch: 1 pq: 17 rg: 48 | total time: 6.13m | eta: 12.2m
step 01574/04692 (33.55%) | loss: 2.922181 | lrm: 1.00 | dt: 236.24ms | tok/sec: 2,219,318 | bf16_mfu: 46.59 | epoch: 1 pq: 17 rg: 56 | total time: 6.14m | eta: 12.2m
step 01575/04692 (33.57%) | loss: 2.920829 | lrm: 1.00 | dt: 233.47ms | tok/sec: 2,245,624 | bf16_mfu: 47.14 | epoch: 1 pq: 17 rg: 56 | total time: 6.14m | eta: 12.2m
step 01576/04692 (33.59%) | loss: 2.919463 | lrm: 1.00 | dt: 234.63ms | tok/sec: 2,234,545 | bf16_mfu: 46.91 | epoch: 1 pq: 17 rg: 56 | total time: 6.14m | eta: 12.2m
step 01577/04692 (33.61%) | loss: 2.913951 | lrm: 1.00 | dt: 234.27ms | tok/sec: 2,237,991 | bf16_mfu: 46.98 | epoch: 1 pq: 17 rg: 56 | total time: 6.15m | eta: 12.2m
step 01578/04692 (33.63%) | loss: 2.915838 | lrm: 1.00 | dt: 234.58ms | tok/sec: 2,235,050 | bf16_mfu: 46.92 | epoch: 1 pq: 17 rg: 56 | total time: 6.15m | eta: 12.2m
step 01579/04692 (33.65%) | loss: 2.908001 | lrm: 1.00 | dt: 235.03ms | tok/sec: 2,230,760 | bf16_mfu: 46.83 | epoch: 1 pq: 17 rg: 56 | total time: 6.16m | eta: 12.2m
step 01580/04692 (33.67%) | loss: 2.907780 | lrm: 1.00 | dt: 233.55ms | tok/sec: 2,244,886 | bf16_mfu: 47.13 | epoch: 1 pq: 17 rg: 56 | total time: 6.16m | eta: 12.2m
step 01581/04692 (33.70%) | loss: 2.911024 | lrm: 1.00 | dt: 233.73ms | tok/sec: 2,243,116 | bf16_mfu: 47.09 | epoch: 1 pq: 17 rg: 56 | total time: 6.16m | eta: 12.2m
step 01582/04692 (33.72%) | loss: 2.912246 | lrm: 1.00 | dt: 233.24ms | tok/sec: 2,247,837 | bf16_mfu: 47.19 | epoch: 1 pq: 17 rg: 56 | total time: 6.17m | eta: 12.2m
step 01583/04692 (33.74%) | loss: 2.910491 | lrm: 1.00 | dt: 235.62ms | tok/sec: 2,225,096 | bf16_mfu: 46.71 | epoch: 1 pq: 17 rg: 64 | total time: 6.17m | eta: 12.2m
step 01584/04692 (33.76%) | loss: 2.918385 | lrm: 1.00 | dt: 235.62ms | tok/sec: 2,225,117 | bf16_mfu: 46.71 | epoch: 1 pq: 17 rg: 64 | total time: 6.18m | eta: 12.2m
step 01585/04692 (33.78%) | loss: 2.920136 | lrm: 1.00 | dt: 234.03ms | tok/sec: 2,240,236 | bf16_mfu: 47.03 | epoch: 1 pq: 17 rg: 64 | total time: 6.18m | eta: 12.2m
step 01586/04692 (33.80%) | loss: 2.919160 | lrm: 1.00 | dt: 234.42ms | tok/sec: 2,236,550 | bf16_mfu: 46.95 | epoch: 1 pq: 17 rg: 64 | total time: 6.18m | eta: 12.2m
step 01587/04692 (33.82%) | loss: 2.921554 | lrm: 1.00 | dt: 234.74ms | tok/sec: 2,233,519 | bf16_mfu: 46.89 | epoch: 1 pq: 17 rg: 64 | total time: 6.19m | eta: 12.2m
step 01588/04692 (33.84%) | loss: 2.913721 | lrm: 1.00 | dt: 236.30ms | tok/sec: 2,218,716 | bf16_mfu: 46.58 | epoch: 1 pq: 17 rg: 64 | total time: 6.19m | eta: 12.2m
step 01589/04692 (33.87%) | loss: 2.917276 | lrm: 1.00 | dt: 233.66ms | tok/sec: 2,243,814 | bf16_mfu: 47.10 | epoch: 1 pq: 17 rg: 64 | total time: 6.20m | eta: 12.2m
step 01590/04692 (33.89%) | loss: 2.910211 | lrm: 1.00 | dt: 232.62ms | tok/sec: 2,253,820 | bf16_mfu: 47.31 | epoch: 1 pq: 17 rg: 64 | total time: 6.20m | eta: 12.2m
step 01591/04692 (33.91%) | loss: 2.895360 | lrm: 1.00 | dt: 235.50ms | tok/sec: 2,226,241 | bf16_mfu: 46.74 | epoch: 1 pq: 17 rg: 72 | total time: 6.20m | eta: 12.2m
step 01592/04692 (33.93%) | loss: 2.891026 | lrm: 1.00 | dt: 236.21ms | tok/sec: 2,219,603 | bf16_mfu: 46.60 | epoch: 1 pq: 17 rg: 72 | total time: 6.21m | eta: 12.2m
step 01593/04692 (33.95%) | loss: 2.883806 | lrm: 1.00 | dt: 235.99ms | tok/sec: 2,221,688 | bf16_mfu: 46.64 | epoch: 1 pq: 17 rg: 72 | total time: 6.21m | eta: 12.2m
step 01594/04692 (33.97%) | loss: 2.894182 | lrm: 1.00 | dt: 234.49ms | tok/sec: 2,235,895 | bf16_mfu: 46.94 | epoch: 1 pq: 17 rg: 72 | total time: 6.21m | eta: 12.2m
step 01595/04692 (33.99%) | loss: 2.892517 | lrm: 1.00 | dt: 234.41ms | tok/sec: 2,236,607 | bf16_mfu: 46.95 | epoch: 1 pq: 17 rg: 72 | total time: 6.22m | eta: 12.2m
step 01596/04692 (34.02%) | loss: 2.895790 | lrm: 1.00 | dt: 232.10ms | tok/sec: 2,258,874 | bf16_mfu: 47.42 | epoch: 1 pq: 17 rg: 72 | total time: 6.22m | eta: 12.1m
step 01597/04692 (34.04%) | loss: 2.890424 | lrm: 1.00 | dt: 236.74ms | tok/sec: 2,214,618 | bf16_mfu: 46.49 | epoch: 1 pq: 17 rg: 72 | total time: 6.23m | eta: 12.1m
step 01598/04692 (34.06%) | loss: 2.886812 | lrm: 1.00 | dt: 232.54ms | tok/sec: 2,254,622 | bf16_mfu: 47.33 | epoch: 1 pq: 17 rg: 72 | total time: 6.23m | eta: 12.1m
step 01599/04692 (34.08%) | loss: 2.895747 | lrm: 1.00 | dt: 233.72ms | tok/sec: 2,243,216 | bf16_mfu: 47.09 | epoch: 1 pq: 17 rg: 80 | total time: 6.23m | eta: 12.1m
step 01600/04692 (34.10%) | loss: 2.903626 | lrm: 1.00 | dt: 234.70ms | tok/sec: 2,233,862 | bf16_mfu: 46.90 | epoch: 1 pq: 17 rg: 80 | total time: 6.24m | eta: 12.1m
step 01601/04692 (34.12%) | loss: 2.911471 | lrm: 1.00 | dt: 236.50ms | tok/sec: 2,216,907 | bf16_mfu: 46.54 | epoch: 1 pq: 17 rg: 80 | total time: 6.24m | eta: 12.1m
step 01602/04692 (34.14%) | loss: 2.900844 | lrm: 1.00 | dt: 235.54ms | tok/sec: 2,225,925 | bf16_mfu: 46.73 | epoch: 1 pq: 17 rg: 80 | total time: 6.25m | eta: 12.1m
step 01603/04692 (34.16%) | loss: 2.905143 | lrm: 1.00 | dt: 233.12ms | tok/sec: 2,249,002 | bf16_mfu: 47.21 | epoch: 1 pq: 17 rg: 80 | total time: 6.25m | eta: 12.1m
step 01604/04692 (34.19%) | loss: 2.921304 | lrm: 1.00 | dt: 233.63ms | tok/sec: 2,244,089 | bf16_mfu: 47.11 | epoch: 1 pq: 17 rg: 80 | total time: 6.25m | eta: 12.1m
step 01605/04692 (34.21%) | loss: 2.912615 | lrm: 1.00 | dt: 233.61ms | tok/sec: 2,244,306 | bf16_mfu: 47.11 | epoch: 1 pq: 17 rg: 80 | total time: 6.26m | eta: 12.1m
step 01606/04692 (34.23%) | loss: 2.924619 | lrm: 1.00 | dt: 237.43ms | tok/sec: 2,208,224 | bf16_mfu: 46.36 | epoch: 1 pq: 17 rg: 80 | total time: 6.26m | eta: 12.1m
step 01607/04692 (34.25%) | loss: 2.929780 | lrm: 1.00 | dt: 235.14ms | tok/sec: 2,229,685 | bf16_mfu: 46.81 | epoch: 1 pq: 18 rg: 0 | total time: 6.27m | eta: 12.1m
step 01608/04692 (34.27%) | loss: 2.923919 | lrm: 1.00 | dt: 233.29ms | tok/sec: 2,247,407 | bf16_mfu: 47.18 | epoch: 1 pq: 18 rg: 0 | total time: 6.27m | eta: 12.1m
step 01609/04692 (34.29%) | loss: 2.934919 | lrm: 1.00 | dt: 234.00ms | tok/sec: 2,240,576 | bf16_mfu: 47.04 | epoch: 1 pq: 18 rg: 0 | total time: 6.27m | eta: 12.1m
step 01610/04692 (34.31%) | loss: 2.924793 | lrm: 1.00 | dt: 235.90ms | tok/sec: 2,222,477 | bf16_mfu: 46.66 | epoch: 1 pq: 18 rg: 0 | total time: 6.28m | eta: 12.1m
step 01611/04692 (34.34%) | loss: 2.920907 | lrm: 1.00 | dt: 237.82ms | tok/sec: 2,204,574 | bf16_mfu: 46.28 | epoch: 1 pq: 18 rg: 0 | total time: 6.28m | eta: 12.1m
step 01612/04692 (34.36%) | loss: 2.919292 | lrm: 1.00 | dt: 233.51ms | tok/sec: 2,245,296 | bf16_mfu: 47.14 | epoch: 1 pq: 18 rg: 0 | total time: 6.29m | eta: 12.1m
step 01613/04692 (34.38%) | loss: 2.911377 | lrm: 1.00 | dt: 233.06ms | tok/sec: 2,249,594 | bf16_mfu: 47.23 | epoch: 1 pq: 18 rg: 0 | total time: 6.29m | eta: 12.1m
step 01614/04692 (34.40%) | loss: 2.925492 | lrm: 1.00 | dt: 234.22ms | tok/sec: 2,238,474 | bf16_mfu: 46.99 | epoch: 1 pq: 18 rg: 0 | total time: 6.29m | eta: 12.1m
step 01615/04692 (34.42%) | loss: 2.925088 | lrm: 1.00 | dt: 236.31ms | tok/sec: 2,218,662 | bf16_mfu: 46.58 | epoch: 1 pq: 18 rg: 0 | total time: 6.30m | eta: 12.1m
step 01616/04692 (34.44%) | loss: 2.925755 | lrm: 1.00 | dt: 236.45ms | tok/sec: 2,217,351 | bf16_mfu: 46.55 | epoch: 1 pq: 18 rg: 8 | total time: 6.30m | eta: 12.1m
step 01617/04692 (34.46%) | loss: 2.928292 | lrm: 1.00 | dt: 232.77ms | tok/sec: 2,252,421 | bf16_mfu: 47.28 | epoch: 1 pq: 18 rg: 8 | total time: 6.30m | eta: 12.1m
step 01618/04692 (34.48%) | loss: 2.922765 | lrm: 1.00 | dt: 235.12ms | tok/sec: 2,229,835 | bf16_mfu: 46.81 | epoch: 1 pq: 18 rg: 8 | total time: 6.31m | eta: 12.1m
step 01619/04692 (34.51%) | loss: 2.925314 | lrm: 1.00 | dt: 234.67ms | tok/sec: 2,234,193 | bf16_mfu: 46.90 | epoch: 1 pq: 18 rg: 8 | total time: 6.31m | eta: 12.1m
step 01620/04692 (34.53%) | loss: 2.929075 | lrm: 1.00 | dt: 237.12ms | tok/sec: 2,211,035 | bf16_mfu: 46.42 | epoch: 1 pq: 18 rg: 8 | total time: 6.32m | eta: 12.1m
step 01621/04692 (34.55%) | loss: 2.923150 | lrm: 1.00 | dt: 235.13ms | tok/sec: 2,229,796 | bf16_mfu: 46.81 | epoch: 1 pq: 18 rg: 8 | total time: 6.32m | eta: 12.0m
step 01622/04692 (34.57%) | loss: 2.911123 | lrm: 1.00 | dt: 235.14ms | tok/sec: 2,229,692 | bf16_mfu: 46.81 | epoch: 1 pq: 18 rg: 8 | total time: 6.32m | eta: 12.0m
step 01623/04692 (34.59%) | loss: 2.901413 | lrm: 1.00 | dt: 234.30ms | tok/sec: 2,237,699 | bf16_mfu: 46.98 | epoch: 1 pq: 18 rg: 8 | total time: 6.33m | eta: 12.0m
step 01624/04692 (34.61%) | loss: 2.890197 | lrm: 1.00 | dt: 233.46ms | tok/sec: 2,245,732 | bf16_mfu: 47.14 | epoch: 1 pq: 18 rg: 8 | total time: 6.33m | eta: 12.0m
step 01625/04692 (34.63%) | loss: 2.889449 | lrm: 1.00 | dt: 234.39ms | tok/sec: 2,236,782 | bf16_mfu: 46.96 | epoch: 1 pq: 18 rg: 16 | total time: 6.34m | eta: 12.0m
step 01626/04692 (34.65%) | loss: 2.883261 | lrm: 1.00 | dt: 234.85ms | tok/sec: 2,232,406 | bf16_mfu: 46.86 | epoch: 1 pq: 18 rg: 16 | total time: 6.34m | eta: 12.0m
step 01627/04692 (34.68%) | loss: 2.879149 | lrm: 1.00 | dt: 233.78ms | tok/sec: 2,242,683 | bf16_mfu: 47.08 | epoch: 1 pq: 18 rg: 16 | total time: 6.34m | eta: 12.0m
step 01628/04692 (34.70%) | loss: 2.885860 | lrm: 1.00 | dt: 233.52ms | tok/sec: 2,245,108 | bf16_mfu: 47.13 | epoch: 1 pq: 18 rg: 16 | total time: 6.35m | eta: 12.0m
step 01629/04692 (34.72%) | loss: 2.883057 | lrm: 1.00 | dt: 234.69ms | tok/sec: 2,233,928 | bf16_mfu: 46.90 | epoch: 1 pq: 18 rg: 16 | total time: 6.35m | eta: 12.0m
step 01630/04692 (34.74%) | loss: 2.903037 | lrm: 1.00 | dt: 233.35ms | tok/sec: 2,246,767 | bf16_mfu: 47.17 | epoch: 1 pq: 18 rg: 16 | total time: 6.36m | eta: 12.0m
step 01631/04692 (34.76%) | loss: 2.905625 | lrm: 1.00 | dt: 234.84ms | tok/sec: 2,232,506 | bf16_mfu: 46.87 | epoch: 1 pq: 18 rg: 16 | total time: 6.36m | eta: 12.0m
step 01632/04692 (34.78%) | loss: 2.891359 | lrm: 1.00 | dt: 233.30ms | tok/sec: 2,247,228 | bf16_mfu: 47.18 | epoch: 1 pq: 18 rg: 16 | total time: 6.36m | eta: 12.0m
step 01633/04692 (34.80%) | loss: 2.898536 | lrm: 1.00 | dt: 233.29ms | tok/sec: 2,247,370 | bf16_mfu: 47.18 | epoch: 1 pq: 18 rg: 24 | total time: 6.37m | eta: 12.0m
step 01634/04692 (34.83%) | loss: 2.884230 | lrm: 1.00 | dt: 234.43ms | tok/sec: 2,236,466 | bf16_mfu: 46.95 | epoch: 1 pq: 18 rg: 24 | total time: 6.37m | eta: 12.0m
step 01635/04692 (34.85%) | loss: 2.885792 | lrm: 1.00 | dt: 234.39ms | tok/sec: 2,236,809 | bf16_mfu: 46.96 | epoch: 1 pq: 18 rg: 24 | total time: 6.38m | eta: 12.0m
step 01636/04692 (34.87%) | loss: 2.880479 | lrm: 1.00 | dt: 233.73ms | tok/sec: 2,243,173 | bf16_mfu: 47.09 | epoch: 1 pq: 18 rg: 24 | total time: 6.38m | eta: 12.0m
step 01637/04692 (34.89%) | loss: 2.887754 | lrm: 1.00 | dt: 233.78ms | tok/sec: 2,242,670 | bf16_mfu: 47.08 | epoch: 1 pq: 18 rg: 24 | total time: 6.38m | eta: 12.0m
step 01638/04692 (34.91%) | loss: 2.891256 | lrm: 1.00 | dt: 234.17ms | tok/sec: 2,238,918 | bf16_mfu: 47.00 | epoch: 1 pq: 18 rg: 24 | total time: 6.39m | eta: 12.0m
step 01639/04692 (34.93%) | loss: 2.886496 | lrm: 1.00 | dt: 233.71ms | tok/sec: 2,243,322 | bf16_mfu: 47.09 | epoch: 1 pq: 18 rg: 24 | total time: 6.39m | eta: 12.0m
step 01640/04692 (34.95%) | loss: 2.887989 | lrm: 1.00 | dt: 233.64ms | tok/sec: 2,244,038 | bf16_mfu: 47.11 | epoch: 1 pq: 18 rg: 24 | total time: 6.39m | eta: 12.0m
step 01641/04692 (34.97%) | loss: 2.893372 | lrm: 1.00 | dt: 234.29ms | tok/sec: 2,237,742 | bf16_mfu: 46.98 | epoch: 1 pq: 18 rg: 32 | total time: 6.40m | eta: 12.0m
step 01642/04692 (35.00%) | loss: 2.899689 | lrm: 1.00 | dt: 232.88ms | tok/sec: 2,251,360 | bf16_mfu: 47.26 | epoch: 1 pq: 18 rg: 32 | total time: 6.40m | eta: 12.0m
step 01643/04692 (35.02%) | loss: 2.903228 | lrm: 1.00 | dt: 235.85ms | tok/sec: 2,222,957 | bf16_mfu: 46.67 | epoch: 1 pq: 18 rg: 32 | total time: 6.41m | eta: 12.0m
step 01644/04692 (35.04%) | loss: 2.907947 | lrm: 1.00 | dt: 234.15ms | tok/sec: 2,239,139 | bf16_mfu: 47.01 | epoch: 1 pq: 18 rg: 32 | total time: 6.41m | eta: 12.0m
step 01645/04692 (35.06%) | loss: 2.910767 | lrm: 1.00 | dt: 234.37ms | tok/sec: 2,237,041 | bf16_mfu: 46.96 | epoch: 1 pq: 18 rg: 32 | total time: 6.41m | eta: 12.0m
step 01646/04692 (35.08%) | loss: 2.910349 | lrm: 1.00 | dt: 234.89ms | tok/sec: 2,232,014 | bf16_mfu: 46.86 | epoch: 1 pq: 18 rg: 32 | total time: 6.42m | eta: 11.9m
step 01647/04692 (35.10%) | loss: 2.912235 | lrm: 1.00 | dt: 233.20ms | tok/sec: 2,248,257 | bf16_mfu: 47.20 | epoch: 1 pq: 18 rg: 32 | total time: 6.42m | eta: 11.9m
step 01648/04692 (35.12%) | loss: 2.904402 | lrm: 1.00 | dt: 234.52ms | tok/sec: 2,235,590 | bf16_mfu: 46.93 | epoch: 1 pq: 18 rg: 32 | total time: 6.43m | eta: 11.9m
step 01649/04692 (35.14%) | loss: 2.918157 | lrm: 1.00 | dt: 234.13ms | tok/sec: 2,239,324 | bf16_mfu: 47.01 | epoch: 1 pq: 18 rg: 32 | total time: 6.43m | eta: 11.9m
step 01650/04692 (35.17%) | loss: 2.906112 | lrm: 1.00 | dt: 236.99ms | tok/sec: 2,212,279 | bf16_mfu: 46.44 | epoch: 1 pq: 18 rg: 40 | total time: 6.43m | eta: 11.9m
step 01651/04692 (35.19%) | loss: 2.911847 | lrm: 1.00 | dt: 233.55ms | tok/sec: 2,244,858 | bf16_mfu: 47.13 | epoch: 1 pq: 18 rg: 40 | total time: 6.44m | eta: 11.9m
step 01652/04692 (35.21%) | loss: 2.907086 | lrm: 1.00 | dt: 234.40ms | tok/sec: 2,236,734 | bf16_mfu: 46.96 | epoch: 1 pq: 18 rg: 40 | total time: 6.44m | eta: 11.9m
step 01653/04692 (35.23%) | loss: 2.912257 | lrm: 1.00 | dt: 233.58ms | tok/sec: 2,244,618 | bf16_mfu: 47.12 | epoch: 1 pq: 18 rg: 40 | total time: 6.45m | eta: 11.9m
step 01654/04692 (35.25%) | loss: 2.921646 | lrm: 1.00 | dt: 236.20ms | tok/sec: 2,219,670 | bf16_mfu: 46.60 | epoch: 1 pq: 18 rg: 40 | total time: 6.45m | eta: 11.9m
step 01655/04692 (35.27%) | loss: 2.922607 | lrm: 1.00 | dt: 235.43ms | tok/sec: 2,226,978 | bf16_mfu: 46.75 | epoch: 1 pq: 18 rg: 40 | total time: 6.45m | eta: 11.9m
step 01656/04692 (35.29%) | loss: 2.929199 | lrm: 1.00 | dt: 233.94ms | tok/sec: 2,241,147 | bf16_mfu: 47.05 | epoch: 1 pq: 18 rg: 40 | total time: 6.46m | eta: 11.9m
step 01657/04692 (35.32%) | loss: 2.919819 | lrm: 1.00 | dt: 235.65ms | tok/sec: 2,224,885 | bf16_mfu: 46.71 | epoch: 1 pq: 18 rg: 40 | total time: 6.46m | eta: 11.9m
step 01658/04692 (35.34%) | loss: 2.914369 | lrm: 1.00 | dt: 233.19ms | tok/sec: 2,248,287 | bf16_mfu: 47.20 | epoch: 1 pq: 18 rg: 48 | total time: 6.47m | eta: 11.9m
step 01659/04692 (35.36%) | loss: 2.907430 | lrm: 1.00 | dt: 235.14ms | tok/sec: 2,229,728 | bf16_mfu: 46.81 | epoch: 1 pq: 18 rg: 48 | total time: 6.47m | eta: 11.9m
step 01660/04692 (35.38%) | loss: 2.912909 | lrm: 1.00 | dt: 238.50ms | tok/sec: 2,198,308 | bf16_mfu: 46.15 | epoch: 1 pq: 18 rg: 48 | total time: 6.47m | eta: 11.9m
step 01661/04692 (35.40%) | loss: 2.897193 | lrm: 1.00 | dt: 235.22ms | tok/sec: 2,228,906 | bf16_mfu: 46.79 | epoch: 1 pq: 18 rg: 48 | total time: 6.48m | eta: 11.9m
step 01662/04692 (35.42%) | loss: 2.899862 | lrm: 1.00 | dt: 233.85ms | tok/sec: 2,242,020 | bf16_mfu: 47.07 | epoch: 1 pq: 18 rg: 48 | total time: 6.48m | eta: 11.9m
step 01663/04692 (35.44%) | loss: 2.888140 | lrm: 1.00 | dt: 232.86ms | tok/sec: 2,251,505 | bf16_mfu: 47.27 | epoch: 1 pq: 18 rg: 48 | total time: 6.48m | eta: 11.9m
step 01664/04692 (35.46%) | loss: 2.888555 | lrm: 1.00 | dt: 234.71ms | tok/sec: 2,233,721 | bf16_mfu: 46.89 | epoch: 1 pq: 18 rg: 48 | total time: 6.49m | eta: 11.9m
step 01665/04692 (35.49%) | loss: 2.881596 | lrm: 1.00 | dt: 237.27ms | tok/sec: 2,209,636 | bf16_mfu: 46.39 | epoch: 1 pq: 18 rg: 48 | total time: 6.49m | eta: 11.9m
step 01666/04692 (35.51%) | loss: 2.874484 | lrm: 1.00 | dt: 235.58ms | tok/sec: 2,225,495 | bf16_mfu: 46.72 | epoch: 1 pq: 18 rg: 56 | total time: 6.50m | eta: 11.9m
step 01667/04692 (35.53%) | loss: 2.877866 | lrm: 1.00 | dt: 234.60ms | tok/sec: 2,234,825 | bf16_mfu: 46.92 | epoch: 1 pq: 18 rg: 56 | total time: 6.50m | eta: 11.9m
step 01668/04692 (35.55%) | loss: 2.870674 | lrm: 1.00 | dt: 231.93ms | tok/sec: 2,260,509 | bf16_mfu: 47.45 | epoch: 1 pq: 18 rg: 56 | total time: 6.50m | eta: 11.9m
step 01669/04692 (35.57%) | loss: 2.880410 | lrm: 1.00 | dt: 237.33ms | tok/sec: 2,209,125 | bf16_mfu: 46.38 | epoch: 1 pq: 18 rg: 56 | total time: 6.51m | eta: 11.9m
step 01670/04692 (35.59%) | loss: 2.882808 | lrm: 1.00 | dt: 236.58ms | tok/sec: 2,216,100 | bf16_mfu: 46.52 | epoch: 1 pq: 18 rg: 56 | total time: 6.51m | eta: 11.9m
step 01671/04692 (35.61%) | loss: 2.876268 | lrm: 1.00 | dt: 233.73ms | tok/sec: 2,243,136 | bf16_mfu: 47.09 | epoch: 1 pq: 18 rg: 56 | total time: 6.52m | eta: 11.9m
step 01672/04692 (35.64%) | loss: 2.890569 | lrm: 1.00 | dt: 232.92ms | tok/sec: 2,250,950 | bf16_mfu: 47.25 | epoch: 1 pq: 18 rg: 56 | total time: 6.52m | eta: 11.8m
step 01673/04692 (35.66%) | loss: 2.887648 | lrm: 1.00 | dt: 233.05ms | tok/sec: 2,249,704 | bf16_mfu: 47.23 | epoch: 1 pq: 18 rg: 56 | total time: 6.52m | eta: 11.8m
step 01674/04692 (35.68%) | loss: 2.889145 | lrm: 1.00 | dt: 235.89ms | tok/sec: 2,222,632 | bf16_mfu: 46.66 | epoch: 1 pq: 18 rg: 56 | total time: 6.53m | eta: 11.8m
step 01675/04692 (35.70%) | loss: 2.890598 | lrm: 1.00 | dt: 235.53ms | tok/sec: 2,226,024 | bf16_mfu: 46.73 | epoch: 1 pq: 18 rg: 64 | total time: 6.53m | eta: 11.8m
step 01676/04692 (35.72%) | loss: 2.893386 | lrm: 1.00 | dt: 233.30ms | tok/sec: 2,247,221 | bf16_mfu: 47.18 | epoch: 1 pq: 18 rg: 64 | total time: 6.54m | eta: 11.8m
step 01677/04692 (35.74%) | loss: 2.900323 | lrm: 1.00 | dt: 231.04ms | tok/sec: 2,269,291 | bf16_mfu: 47.64 | epoch: 1 pq: 18 rg: 64 | total time: 6.54m | eta: 11.8m
step 01678/04692 (35.76%) | loss: 2.900279 | lrm: 1.00 | dt: 236.59ms | tok/sec: 2,216,040 | bf16_mfu: 46.52 | epoch: 1 pq: 18 rg: 64 | total time: 6.54m | eta: 11.8m
step 01679/04692 (35.78%) | loss: 2.886908 | lrm: 1.00 | dt: 236.28ms | tok/sec: 2,218,951 | bf16_mfu: 46.58 | epoch: 1 pq: 18 rg: 64 | total time: 6.55m | eta: 11.8m
step 01680/04692 (35.81%) | loss: 2.881116 | lrm: 1.00 | dt: 234.30ms | tok/sec: 2,237,715 | bf16_mfu: 46.98 | epoch: 1 pq: 18 rg: 64 | total time: 6.55m | eta: 11.8m
step 01681/04692 (35.83%) | loss: 2.885898 | lrm: 1.00 | dt: 233.84ms | tok/sec: 2,242,119 | bf16_mfu: 47.07 | epoch: 1 pq: 18 rg: 64 | total time: 6.56m | eta: 11.8m
step 01682/04692 (35.85%) | loss: 2.886798 | lrm: 1.00 | dt: 233.57ms | tok/sec: 2,244,682 | bf16_mfu: 47.12 | epoch: 1 pq: 18 rg: 64 | total time: 6.56m | eta: 11.8m
step 01683/04692 (35.87%) | loss: 2.889514 | lrm: 1.00 | dt: 235.55ms | tok/sec: 2,225,801 | bf16_mfu: 46.73 | epoch: 1 pq: 18 rg: 72 | total time: 6.56m | eta: 11.8m
step 01684/04692 (35.89%) | loss: 2.890467 | lrm: 1.00 | dt: 234.09ms | tok/sec: 2,239,721 | bf16_mfu: 47.02 | epoch: 1 pq: 18 rg: 72 | total time: 6.57m | eta: 11.8m
step 01685/04692 (35.91%) | loss: 2.890016 | lrm: 1.00 | dt: 233.96ms | tok/sec: 2,240,935 | bf16_mfu: 47.04 | epoch: 1 pq: 18 rg: 72 | total time: 6.57m | eta: 11.8m
step 01686/04692 (35.93%) | loss: 2.884172 | lrm: 1.00 | dt: 235.34ms | tok/sec: 2,227,824 | bf16_mfu: 46.77 | epoch: 1 pq: 18 rg: 72 | total time: 6.57m | eta: 11.8m
step 01687/04692 (35.95%) | loss: 2.893058 | lrm: 1.00 | dt: 234.10ms | tok/sec: 2,239,602 | bf16_mfu: 47.02 | epoch: 1 pq: 18 rg: 72 | total time: 6.58m | eta: 11.8m
step 01688/04692 (35.98%) | loss: 2.882737 | lrm: 1.00 | dt: 233.32ms | tok/sec: 2,247,074 | bf16_mfu: 47.17 | epoch: 1 pq: 18 rg: 72 | total time: 6.58m | eta: 11.8m
step 01689/04692 (36.00%) | loss: 2.881594 | lrm: 1.00 | dt: 233.42ms | tok/sec: 2,246,129 | bf16_mfu: 47.15 | epoch: 1 pq: 18 rg: 72 | total time: 6.59m | eta: 11.8m
step 01690/04692 (36.02%) | loss: 2.890927 | lrm: 1.00 | dt: 233.46ms | tok/sec: 2,245,734 | bf16_mfu: 47.14 | epoch: 1 pq: 18 rg: 72 | total time: 6.59m | eta: 11.8m
step 01691/04692 (36.04%) | loss: 2.895423 | lrm: 1.00 | dt: 235.36ms | tok/sec: 2,227,619 | bf16_mfu: 46.76 | epoch: 1 pq: 18 rg: 72 | total time: 6.59m | eta: 11.8m
step 01692/04692 (36.06%) | loss: 2.905715 | lrm: 1.00 | dt: 235.26ms | tok/sec: 2,228,592 | bf16_mfu: 46.78 | epoch: 1 pq: 18 rg: 80 | total time: 6.60m | eta: 11.8m
step 01693/04692 (36.08%) | loss: 2.894529 | lrm: 1.00 | dt: 233.07ms | tok/sec: 2,249,479 | bf16_mfu: 47.22 | epoch: 1 pq: 18 rg: 80 | total time: 6.60m | eta: 11.8m
step 01694/04692 (36.10%) | loss: 2.893042 | lrm: 1.00 | dt: 234.88ms | tok/sec: 2,232,186 | bf16_mfu: 46.86 | epoch: 1 pq: 18 rg: 80 | total time: 6.61m | eta: 11.8m
step 01695/04692 (36.13%) | loss: 2.886908 | lrm: 1.00 | dt: 232.78ms | tok/sec: 2,252,276 | bf16_mfu: 47.28 | epoch: 1 pq: 18 rg: 80 | total time: 6.61m | eta: 11.8m
step 01696/04692 (36.15%) | loss: 2.891229 | lrm: 1.00 | dt: 236.14ms | tok/sec: 2,220,244 | bf16_mfu: 46.61 | epoch: 1 pq: 18 rg: 80 | total time: 6.61m | eta: 11.8m
step 01697/04692 (36.17%) | loss: 2.883796 | lrm: 1.00 | dt: 234.94ms | tok/sec: 2,231,620 | bf16_mfu: 46.85 | epoch: 1 pq: 18 rg: 80 | total time: 6.62m | eta: 11.7m
step 01698/04692 (36.19%) | loss: 2.892014 | lrm: 1.00 | dt: 232.84ms | tok/sec: 2,251,717 | bf16_mfu: 47.27 | epoch: 1 pq: 18 rg: 80 | total time: 6.62m | eta: 11.7m
step 01699/04692 (36.21%) | loss: 2.895498 | lrm: 1.00 | dt: 234.80ms | tok/sec: 2,232,957 | bf16_mfu: 46.88 | epoch: 1 pq: 18 rg: 80 | total time: 6.63m | eta: 11.7m
step 01700/04692 (36.23%) | loss: 2.892401 | lrm: 1.00 | dt: 232.52ms | tok/sec: 2,254,853 | bf16_mfu: 47.34 | epoch: 1 pq: 19 rg: 0 | total time: 6.63m | eta: 11.7m
step 01701/04692 (36.25%) | loss: 2.897946 | lrm: 1.00 | dt: 234.06ms | tok/sec: 2,239,951 | bf16_mfu: 47.02 | epoch: 1 pq: 19 rg: 0 | total time: 6.63m | eta: 11.7m
step 01702/04692 (36.27%) | loss: 2.891632 | lrm: 1.00 | dt: 233.36ms | tok/sec: 2,246,682 | bf16_mfu: 47.16 | epoch: 1 pq: 19 rg: 0 | total time: 6.64m | eta: 11.7m
step 01703/04692 (36.30%) | loss: 2.899037 | lrm: 1.00 | dt: 233.47ms | tok/sec: 2,245,599 | bf16_mfu: 47.14 | epoch: 1 pq: 19 rg: 0 | total time: 6.64m | eta: 11.7m
step 01704/04692 (36.32%) | loss: 2.892660 | lrm: 1.00 | dt: 236.48ms | tok/sec: 2,217,054 | bf16_mfu: 46.54 | epoch: 1 pq: 19 rg: 0 | total time: 6.64m | eta: 11.7m
step 01705/04692 (36.34%) | loss: 2.893899 | lrm: 1.00 | dt: 234.58ms | tok/sec: 2,235,020 | bf16_mfu: 46.92 | epoch: 1 pq: 19 rg: 0 | total time: 6.65m | eta: 11.7m
step 01706/04692 (36.36%) | loss: 2.890486 | lrm: 1.00 | dt: 233.83ms | tok/sec: 2,242,208 | bf16_mfu: 47.07 | epoch: 1 pq: 19 rg: 0 | total time: 6.65m | eta: 11.7m
step 01707/04692 (36.38%) | loss: 2.885538 | lrm: 1.00 | dt: 233.36ms | tok/sec: 2,246,668 | bf16_mfu: 47.16 | epoch: 1 pq: 19 rg: 0 | total time: 6.66m | eta: 11.7m
step 01708/04692 (36.40%) | loss: 2.893347 | lrm: 1.00 | dt: 234.21ms | tok/sec: 2,238,506 | bf16_mfu: 46.99 | epoch: 1 pq: 19 rg: 8 | total time: 6.66m | eta: 11.7m
step 01709/04692 (36.42%) | loss: 2.892353 | lrm: 1.00 | dt: 235.26ms | tok/sec: 2,228,522 | bf16_mfu: 46.78 | epoch: 1 pq: 19 rg: 8 | total time: 6.66m | eta: 11.7m
step 01710/04692 (36.45%) | loss: 2.897567 | lrm: 1.00 | dt: 234.33ms | tok/sec: 2,237,374 | bf16_mfu: 46.97 | epoch: 1 pq: 19 rg: 8 | total time: 6.67m | eta: 11.7m
step 01711/04692 (36.47%) | loss: 2.890346 | lrm: 1.00 | dt: 234.71ms | tok/sec: 2,233,778 | bf16_mfu: 46.89 | epoch: 1 pq: 19 rg: 8 | total time: 6.67m | eta: 11.7m
step 01712/04692 (36.49%) | loss: 2.893167 | lrm: 1.00 | dt: 233.81ms | tok/sec: 2,242,393 | bf16_mfu: 47.07 | epoch: 1 pq: 19 rg: 8 | total time: 6.68m | eta: 11.7m
step 01713/04692 (36.51%) | loss: 2.891650 | lrm: 1.00 | dt: 235.79ms | tok/sec: 2,223,546 | bf16_mfu: 46.68 | epoch: 1 pq: 19 rg: 8 | total time: 6.68m | eta: 11.7m
step 01714/04692 (36.53%) | loss: 2.906391 | lrm: 1.00 | dt: 234.27ms | tok/sec: 2,238,009 | bf16_mfu: 46.98 | epoch: 1 pq: 19 rg: 8 | total time: 6.68m | eta: 11.7m
step 01715/04692 (36.55%) | loss: 2.902475 | lrm: 1.00 | dt: 233.18ms | tok/sec: 2,248,418 | bf16_mfu: 47.20 | epoch: 1 pq: 19 rg: 8 | total time: 6.69m | eta: 11.7m
step 01716/04692 (36.57%) | loss: 2.904922 | lrm: 1.00 | dt: 233.85ms | tok/sec: 2,242,004 | bf16_mfu: 47.07 | epoch: 1 pq: 19 rg: 16 | total time: 6.69m | eta: 11.7m
step 01717/04692 (36.59%) | loss: 2.890424 | lrm: 1.00 | dt: 235.47ms | tok/sec: 2,226,514 | bf16_mfu: 46.74 | epoch: 1 pq: 19 rg: 16 | total time: 6.70m | eta: 11.7m
step 01718/04692 (36.62%) | loss: 2.892686 | lrm: 1.00 | dt: 234.86ms | tok/sec: 2,232,329 | bf16_mfu: 46.86 | epoch: 1 pq: 19 rg: 16 | total time: 6.70m | eta: 11.7m
step 01719/04692 (36.64%) | loss: 2.896830 | lrm: 1.00 | dt: 233.58ms | tok/sec: 2,244,556 | bf16_mfu: 47.12 | epoch: 1 pq: 19 rg: 16 | total time: 6.70m | eta: 11.7m
step 01720/04692 (36.66%) | loss: 2.902536 | lrm: 1.00 | dt: 233.92ms | tok/sec: 2,241,337 | bf16_mfu: 47.05 | epoch: 1 pq: 19 rg: 16 | total time: 6.71m | eta: 11.7m
step 01721/04692 (36.68%) | loss: 2.901461 | lrm: 1.00 | dt: 235.18ms | tok/sec: 2,229,263 | bf16_mfu: 46.80 | epoch: 1 pq: 19 rg: 16 | total time: 6.71m | eta: 11.7m
step 01722/04692 (36.70%) | loss: 2.911135 | lrm: 1.00 | dt: 234.40ms | tok/sec: 2,236,766 | bf16_mfu: 46.96 | epoch: 1 pq: 19 rg: 16 | total time: 6.72m | eta: 11.6m
step 01723/04692 (36.72%) | loss: 2.917320 | lrm: 1.00 | dt: 235.04ms | tok/sec: 2,230,640 | bf16_mfu: 46.83 | epoch: 1 pq: 19 rg: 16 | total time: 6.72m | eta: 11.6m
step 01724/04692 (36.74%) | loss: 2.909077 | lrm: 1.00 | dt: 232.82ms | tok/sec: 2,251,950 | bf16_mfu: 47.27 | epoch: 1 pq: 19 rg: 24 | total time: 6.72m | eta: 11.6m
step 01725/04692 (36.76%) | loss: 2.901551 | lrm: 1.00 | dt: 232.93ms | tok/sec: 2,250,853 | bf16_mfu: 47.25 | epoch: 1 pq: 19 rg: 24 | total time: 6.73m | eta: 11.6m
step 01726/04692 (36.79%) | loss: 2.914694 | lrm: 1.00 | dt: 236.97ms | tok/sec: 2,212,432 | bf16_mfu: 46.45 | epoch: 1 pq: 19 rg: 24 | total time: 6.73m | eta: 11.6m
step 01727/04692 (36.81%) | loss: 2.910005 | lrm: 1.00 | dt: 233.67ms | tok/sec: 2,243,706 | bf16_mfu: 47.10 | epoch: 1 pq: 19 rg: 24 | total time: 6.73m | eta: 11.6m
step 01728/04692 (36.83%) | loss: 2.910313 | lrm: 1.00 | dt: 234.31ms | tok/sec: 2,237,626 | bf16_mfu: 46.97 | epoch: 1 pq: 19 rg: 24 | total time: 6.74m | eta: 11.6m
step 01729/04692 (36.85%) | loss: 2.919177 | lrm: 1.00 | dt: 234.24ms | tok/sec: 2,238,216 | bf16_mfu: 46.99 | epoch: 1 pq: 19 rg: 24 | total time: 6.74m | eta: 11.6m
step 01730/04692 (36.87%) | loss: 2.924736 | lrm: 1.00 | dt: 235.09ms | tok/sec: 2,230,176 | bf16_mfu: 46.82 | epoch: 1 pq: 19 rg: 24 | total time: 6.75m | eta: 11.6m
step 01731/04692 (36.89%) | loss: 2.934972 | lrm: 1.00 | dt: 234.85ms | tok/sec: 2,232,483 | bf16_mfu: 46.87 | epoch: 1 pq: 19 rg: 24 | total time: 6.75m | eta: 11.6m
step 01732/04692 (36.91%) | loss: 2.923654 | lrm: 1.00 | dt: 236.23ms | tok/sec: 2,219,365 | bf16_mfu: 46.59 | epoch: 1 pq: 19 rg: 24 | total time: 6.75m | eta: 11.6m
step 01733/04692 (36.94%) | loss: 2.915260 | lrm: 1.00 | dt: 232.11ms | tok/sec: 2,258,783 | bf16_mfu: 47.42 | epoch: 1 pq: 19 rg: 32 | total time: 6.76m | eta: 11.6m
step 01734/04692 (36.96%) | loss: 2.914550 | lrm: 1.00 | dt: 231.95ms | tok/sec: 2,260,365 | bf16_mfu: 47.45 | epoch: 1 pq: 19 rg: 32 | total time: 6.76m | eta: 11.6m
step 01735/04692 (36.98%) | loss: 2.902629 | lrm: 1.00 | dt: 234.07ms | tok/sec: 2,239,862 | bf16_mfu: 47.02 | epoch: 1 pq: 19 rg: 32 | total time: 6.77m | eta: 11.6m
step 01736/04692 (37.00%) | loss: 2.898037 | lrm: 1.00 | dt: 235.02ms | tok/sec: 2,230,868 | bf16_mfu: 46.83 | epoch: 1 pq: 19 rg: 32 | total time: 6.77m | eta: 11.6m
step 01737/04692 (37.02%) | loss: 2.892514 | lrm: 1.00 | dt: 233.81ms | tok/sec: 2,242,370 | bf16_mfu: 47.07 | epoch: 1 pq: 19 rg: 32 | total time: 6.77m | eta: 11.6m
step 01738/04692 (37.04%) | loss: 2.895128 | lrm: 1.00 | dt: 236.00ms | tok/sec: 2,221,596 | bf16_mfu: 46.64 | epoch: 1 pq: 19 rg: 32 | total time: 6.78m | eta: 11.6m
step 01739/04692 (37.06%) | loss: 2.908057 | lrm: 1.00 | dt: 235.49ms | tok/sec: 2,226,349 | bf16_mfu: 46.74 | epoch: 1 pq: 19 rg: 32 | total time: 6.78m | eta: 11.6m
step 01740/04692 (37.08%) | loss: 2.896674 | lrm: 1.00 | dt: 233.51ms | tok/sec: 2,245,241 | bf16_mfu: 47.13 | epoch: 1 pq: 19 rg: 32 | total time: 6.79m | eta: 11.6m
step 01741/04692 (37.11%) | loss: 2.892951 | lrm: 1.00 | dt: 233.39ms | tok/sec: 2,246,425 | bf16_mfu: 47.16 | epoch: 1 pq: 19 rg: 40 | total time: 6.79m | eta: 11.6m
step 01742/04692 (37.13%) | loss: 2.904415 | lrm: 1.00 | dt: 233.16ms | tok/sec: 2,248,634 | bf16_mfu: 47.21 | epoch: 1 pq: 19 rg: 40 | total time: 6.79m | eta: 11.6m
step 01743/04692 (37.15%) | loss: 2.890126 | lrm: 1.00 | dt: 235.93ms | tok/sec: 2,222,254 | bf16_mfu: 46.65 | epoch: 1 pq: 19 rg: 40 | total time: 6.80m | eta: 11.6m
step 01744/04692 (37.17%) | loss: 2.881358 | lrm: 1.00 | dt: 233.81ms | tok/sec: 2,242,363 | bf16_mfu: 47.07 | epoch: 1 pq: 19 rg: 40 | total time: 6.80m | eta: 11.6m
step 01745/04692 (37.19%) | loss: 2.876325 | lrm: 1.00 | dt: 235.00ms | tok/sec: 2,231,000 | bf16_mfu: 46.84 | epoch: 1 pq: 19 rg: 40 | total time: 6.80m | eta: 11.6m
step 01746/04692 (37.21%) | loss: 2.867906 | lrm: 1.00 | dt: 232.67ms | tok/sec: 2,253,358 | bf16_mfu: 47.30 | epoch: 1 pq: 19 rg: 40 | total time: 6.81m | eta: 11.6m
step 01747/04692 (37.23%) | loss: 2.870354 | lrm: 1.00 | dt: 236.80ms | tok/sec: 2,214,076 | bf16_mfu: 46.48 | epoch: 1 pq: 19 rg: 40 | total time: 6.81m | eta: 11.6m
step 01748/04692 (37.25%) | loss: 2.864559 | lrm: 1.00 | dt: 235.11ms | tok/sec: 2,229,934 | bf16_mfu: 46.81 | epoch: 1 pq: 19 rg: 40 | total time: 6.82m | eta: 11.5m
step 01749/04692 (37.28%) | loss: 2.872397 | lrm: 1.00 | dt: 234.76ms | tok/sec: 2,233,306 | bf16_mfu: 46.88 | epoch: 1 pq: 19 rg: 48 | total time: 6.82m | eta: 11.5m
Step 01750 | Validation bpb: 0.880049
step 01750/04692 (37.30%) | loss: 2.869509 | lrm: 1.00 | dt: 228.53ms | tok/sec: 2,294,207 | bf16_mfu: 48.16 | epoch: 1 pq: 19 rg: 48 | total time: 6.82m | eta: 11.5m
step 01751/04692 (37.32%) | loss: 2.875629 | lrm: 1.00 | dt: 229.14ms | tok/sec: 2,288,048 | bf16_mfu: 48.03 | epoch: 1 pq: 19 rg: 48 | total time: 6.83m | eta: 11.5m
step 01752/04692 (37.34%) | loss: 2.882113 | lrm: 1.00 | dt: 229.94ms | tok/sec: 2,280,108 | bf16_mfu: 47.87 | epoch: 1 pq: 19 rg: 48 | total time: 6.83m | eta: 11.5m
step 01753/04692 (37.36%) | loss: 2.887586 | lrm: 1.00 | dt: 245.78ms | tok/sec: 2,133,180 | bf16_mfu: 44.78 | epoch: 1 pq: 19 rg: 48 | total time: 6.84m | eta: 11.5m
step 01754/04692 (37.38%) | loss: 2.887912 | lrm: 1.00 | dt: 237.52ms | tok/sec: 2,207,298 | bf16_mfu: 46.34 | epoch: 1 pq: 19 rg: 48 | total time: 6.84m | eta: 11.5m
step 01755/04692 (37.40%) | loss: 2.884675 | lrm: 1.00 | dt: 230.68ms | tok/sec: 2,272,758 | bf16_mfu: 47.71 | epoch: 1 pq: 19 rg: 48 | total time: 6.84m | eta: 11.5m
step 01756/04692 (37.43%) | loss: 2.890243 | lrm: 1.00 | dt: 228.91ms | tok/sec: 2,290,398 | bf16_mfu: 48.08 | epoch: 1 pq: 19 rg: 48 | total time: 6.85m | eta: 11.5m
step 01757/04692 (37.45%) | loss: 2.891071 | lrm: 1.00 | dt: 237.94ms | tok/sec: 2,203,456 | bf16_mfu: 46.26 | epoch: 1 pq: 19 rg: 56 | total time: 6.85m | eta: 11.5m
step 01758/04692 (37.47%) | loss: 2.899237 | lrm: 1.00 | dt: 240.33ms | tok/sec: 2,181,488 | bf16_mfu: 45.80 | epoch: 1 pq: 19 rg: 56 | total time: 6.86m | eta: 11.5m
step 01759/04692 (37.49%) | loss: 2.890417 | lrm: 1.00 | dt: 233.13ms | tok/sec: 2,248,910 | bf16_mfu: 47.21 | epoch: 1 pq: 19 rg: 56 | total time: 6.86m | eta: 11.5m
step 01760/04692 (37.51%) | loss: 2.887753 | lrm: 1.00 | dt: 229.99ms | tok/sec: 2,279,612 | bf16_mfu: 47.86 | epoch: 1 pq: 19 rg: 56 | total time: 6.86m | eta: 11.5m
step 01761/04692 (37.53%) | loss: 2.887768 | lrm: 1.00 | dt: 233.51ms | tok/sec: 2,245,248 | bf16_mfu: 47.13 | epoch: 1 pq: 19 rg: 56 | total time: 6.87m | eta: 11.5m
step 01762/04692 (37.55%) | loss: 2.888336 | lrm: 1.00 | dt: 238.14ms | tok/sec: 2,201,552 | bf16_mfu: 46.22 | epoch: 1 pq: 19 rg: 56 | total time: 6.87m | eta: 11.5m
step 01763/04692 (37.57%) | loss: 2.887154 | lrm: 1.00 | dt: 235.50ms | tok/sec: 2,226,236 | bf16_mfu: 46.74 | epoch: 1 pq: 19 rg: 56 | total time: 6.88m | eta: 11.5m
step 01764/04692 (37.60%) | loss: 2.887276 | lrm: 1.00 | dt: 230.97ms | tok/sec: 2,269,968 | bf16_mfu: 47.65 | epoch: 1 pq: 19 rg: 56 | total time: 6.88m | eta: 11.5m
step 01765/04692 (37.62%) | loss: 2.893600 | lrm: 1.00 | dt: 230.23ms | tok/sec: 2,277,204 | bf16_mfu: 47.81 | epoch: 1 pq: 19 rg: 56 | total time: 6.88m | eta: 11.5m
step 01766/04692 (37.64%) | loss: 2.892843 | lrm: 1.00 | dt: 236.75ms | tok/sec: 2,214,511 | bf16_mfu: 46.49 | epoch: 1 pq: 19 rg: 64 | total time: 6.89m | eta: 11.5m
step 01767/04692 (37.66%) | loss: 2.891402 | lrm: 1.00 | dt: 238.97ms | tok/sec: 2,193,966 | bf16_mfu: 46.06 | epoch: 1 pq: 19 rg: 64 | total time: 6.89m | eta: 11.5m
step 01768/04692 (37.68%) | loss: 2.886291 | lrm: 1.00 | dt: 233.89ms | tok/sec: 2,241,561 | bf16_mfu: 47.06 | epoch: 1 pq: 19 rg: 64 | total time: 6.89m | eta: 11.5m
step 01769/04692 (37.70%) | loss: 2.875755 | lrm: 1.00 | dt: 231.57ms | tok/sec: 2,264,051 | bf16_mfu: 47.53 | epoch: 1 pq: 19 rg: 64 | total time: 6.90m | eta: 11.5m
step 01770/04692 (37.72%) | loss: 2.877436 | lrm: 1.00 | dt: 233.88ms | tok/sec: 2,241,744 | bf16_mfu: 47.06 | epoch: 1 pq: 19 rg: 64 | total time: 6.90m | eta: 11.5m
step 01771/04692 (37.75%) | loss: 2.884598 | lrm: 1.00 | dt: 237.84ms | tok/sec: 2,204,408 | bf16_mfu: 46.28 | epoch: 1 pq: 19 rg: 64 | total time: 6.91m | eta: 11.5m
step 01772/04692 (37.77%) | loss: 2.886853 | lrm: 1.00 | dt: 234.51ms | tok/sec: 2,235,711 | bf16_mfu: 46.93 | epoch: 1 pq: 19 rg: 64 | total time: 6.91m | eta: 11.5m
step 01773/04692 (37.79%) | loss: 2.886473 | lrm: 1.00 | dt: 233.85ms | tok/sec: 2,242,018 | bf16_mfu: 47.07 | epoch: 1 pq: 19 rg: 64 | total time: 6.91m | eta: 11.4m
step 01774/04692 (37.81%) | loss: 2.885016 | lrm: 1.00 | dt: 230.64ms | tok/sec: 2,273,169 | bf16_mfu: 47.72 | epoch: 1 pq: 19 rg: 72 | total time: 6.92m | eta: 11.4m
step 01775/04692 (37.83%) | loss: 2.875065 | lrm: 1.00 | dt: 236.72ms | tok/sec: 2,214,821 | bf16_mfu: 46.50 | epoch: 1 pq: 19 rg: 72 | total time: 6.92m | eta: 11.4m
step 01776/04692 (37.85%) | loss: 2.870581 | lrm: 1.00 | dt: 235.53ms | tok/sec: 2,225,977 | bf16_mfu: 46.73 | epoch: 1 pq: 19 rg: 72 | total time: 6.93m | eta: 11.4m
step 01777/04692 (37.87%) | loss: 2.871902 | lrm: 1.00 | dt: 234.12ms | tok/sec: 2,239,440 | bf16_mfu: 47.01 | epoch: 1 pq: 19 rg: 72 | total time: 6.93m | eta: 11.4m
step 01778/04692 (37.89%) | loss: 2.861922 | lrm: 1.00 | dt: 236.61ms | tok/sec: 2,215,837 | bf16_mfu: 46.52 | epoch: 1 pq: 19 rg: 72 | total time: 6.93m | eta: 11.4m
step 01779/04692 (37.92%) | loss: 2.870746 | lrm: 1.00 | dt: 233.74ms | tok/sec: 2,243,045 | bf16_mfu: 47.09 | epoch: 1 pq: 19 rg: 72 | total time: 6.94m | eta: 11.4m
step 01780/04692 (37.94%) | loss: 2.881779 | lrm: 1.00 | dt: 233.79ms | tok/sec: 2,242,590 | bf16_mfu: 47.08 | epoch: 1 pq: 19 rg: 72 | total time: 6.94m | eta: 11.4m
step 01781/04692 (37.96%) | loss: 2.876673 | lrm: 1.00 | dt: 236.48ms | tok/sec: 2,217,007 | bf16_mfu: 46.54 | epoch: 1 pq: 19 rg: 72 | total time: 6.95m | eta: 11.4m
step 01782/04692 (37.98%) | loss: 2.863257 | lrm: 1.00 | dt: 234.66ms | tok/sec: 2,234,207 | bf16_mfu: 46.90 | epoch: 1 pq: 19 rg: 80 | total time: 6.95m | eta: 11.4m
step 01783/04692 (38.00%) | loss: 2.863341 | lrm: 1.00 | dt: 232.99ms | tok/sec: 2,250,273 | bf16_mfu: 47.24 | epoch: 1 pq: 19 rg: 80 | total time: 6.95m | eta: 11.4m
step 01784/04692 (38.02%) | loss: 2.860635 | lrm: 1.00 | dt: 236.48ms | tok/sec: 2,217,065 | bf16_mfu: 46.54 | epoch: 1 pq: 19 rg: 80 | total time: 6.96m | eta: 11.4m
step 01785/04692 (38.04%) | loss: 2.859462 | lrm: 1.00 | dt: 232.65ms | tok/sec: 2,253,527 | bf16_mfu: 47.31 | epoch: 1 pq: 19 rg: 80 | total time: 6.96m | eta: 11.4m
step 01786/04692 (38.06%) | loss: 2.861856 | lrm: 1.00 | dt: 236.60ms | tok/sec: 2,215,953 | bf16_mfu: 46.52 | epoch: 1 pq: 19 rg: 80 | total time: 6.97m | eta: 11.4m
step 01787/04692 (38.09%) | loss: 2.861364 | lrm: 1.00 | dt: 233.14ms | tok/sec: 2,248,821 | bf16_mfu: 47.21 | epoch: 1 pq: 19 rg: 80 | total time: 6.97m | eta: 11.4m
step 01788/04692 (38.11%) | loss: 2.860559 | lrm: 1.00 | dt: 235.79ms | tok/sec: 2,223,517 | bf16_mfu: 46.68 | epoch: 1 pq: 19 rg: 80 | total time: 6.97m | eta: 11.4m
step 01789/04692 (38.13%) | loss: 2.856402 | lrm: 1.00 | dt: 233.10ms | tok/sec: 2,249,154 | bf16_mfu: 47.22 | epoch: 1 pq: 19 rg: 80 | total time: 6.98m | eta: 11.4m
step 01790/04692 (38.15%) | loss: 2.866222 | lrm: 1.00 | dt: 234.78ms | tok/sec: 2,233,116 | bf16_mfu: 46.88 | epoch: 1 pq: 19 rg: 80 | total time: 6.98m | eta: 11.4m
step 01791/04692 (38.17%) | loss: 2.868939 | lrm: 1.00 | dt: 235.26ms | tok/sec: 2,228,553 | bf16_mfu: 46.78 | epoch: 1 pq: 20 rg: 0 | total time: 6.98m | eta: 11.4m
step 01792/04692 (38.19%) | loss: 2.862316 | lrm: 1.00 | dt: 235.23ms | tok/sec: 2,228,856 | bf16_mfu: 46.79 | epoch: 1 pq: 20 rg: 0 | total time: 6.99m | eta: 11.4m
step 01793/04692 (38.21%) | loss: 2.875043 | lrm: 1.00 | dt: 233.78ms | tok/sec: 2,242,619 | bf16_mfu: 47.08 | epoch: 1 pq: 20 rg: 0 | total time: 6.99m | eta: 11.4m
step 01794/04692 (38.24%) | loss: 2.865365 | lrm: 1.00 | dt: 233.66ms | tok/sec: 2,243,839 | bf16_mfu: 47.10 | epoch: 1 pq: 20 rg: 0 | total time: 7.00m | eta: 11.4m
step 01795/04692 (38.26%) | loss: 2.869404 | lrm: 1.00 | dt: 237.05ms | tok/sec: 2,211,718 | bf16_mfu: 46.43 | epoch: 1 pq: 20 rg: 0 | total time: 7.00m | eta: 11.4m
step 01796/04692 (38.28%) | loss: 2.879505 | lrm: 1.00 | dt: 236.14ms | tok/sec: 2,220,199 | bf16_mfu: 46.61 | epoch: 1 pq: 20 rg: 0 | total time: 7.00m | eta: 11.4m
step 01797/04692 (38.30%) | loss: 2.879634 | lrm: 1.00 | dt: 232.82ms | tok/sec: 2,251,890 | bf16_mfu: 47.27 | epoch: 1 pq: 20 rg: 0 | total time: 7.01m | eta: 11.4m
step 01798/04692 (38.32%) | loss: 2.886775 | lrm: 1.00 | dt: 231.45ms | tok/sec: 2,265,245 | bf16_mfu: 47.55 | epoch: 1 pq: 20 rg: 0 | total time: 7.01m | eta: 11.3m
step 01799/04692 (38.34%) | loss: 2.884397 | lrm: 1.00 | dt: 236.56ms | tok/sec: 2,216,288 | bf16_mfu: 46.53 | epoch: 1 pq: 20 rg: 8 | total time: 7.02m | eta: 11.3m
step 01800/04692 (38.36%) | loss: 2.888948 | lrm: 1.00 | dt: 237.23ms | tok/sec: 2,210,029 | bf16_mfu: 46.39 | epoch: 1 pq: 20 rg: 8 | total time: 7.02m | eta: 11.3m
step 01801/04692 (38.38%) | loss: 2.884027 | lrm: 1.00 | dt: 234.64ms | tok/sec: 2,234,436 | bf16_mfu: 46.91 | epoch: 1 pq: 20 rg: 8 | total time: 7.02m | eta: 11.3m
step 01802/04692 (38.41%) | loss: 2.877252 | lrm: 1.00 | dt: 233.07ms | tok/sec: 2,249,495 | bf16_mfu: 47.22 | epoch: 1 pq: 20 rg: 8 | total time: 7.03m | eta: 11.3m
step 01803/04692 (38.43%) | loss: 2.873809 | lrm: 1.00 | dt: 232.32ms | tok/sec: 2,256,781 | bf16_mfu: 47.38 | epoch: 1 pq: 20 rg: 8 | total time: 7.03m | eta: 11.3m
step 01804/04692 (38.45%) | loss: 2.875039 | lrm: 1.00 | dt: 235.31ms | tok/sec: 2,228,099 | bf16_mfu: 46.77 | epoch: 1 pq: 20 rg: 8 | total time: 7.04m | eta: 11.3m
step 01805/04692 (38.47%) | loss: 2.880857 | lrm: 1.00 | dt: 236.69ms | tok/sec: 2,215,049 | bf16_mfu: 46.50 | epoch: 1 pq: 20 rg: 8 | total time: 7.04m | eta: 11.3m
step 01806/04692 (38.49%) | loss: 2.888462 | lrm: 1.00 | dt: 234.44ms | tok/sec: 2,236,352 | bf16_mfu: 46.95 | epoch: 1 pq: 20 rg: 8 | total time: 7.04m | eta: 11.3m
step 01807/04692 (38.51%) | loss: 2.895456 | lrm: 1.00 | dt: 232.72ms | tok/sec: 2,252,845 | bf16_mfu: 47.29 | epoch: 1 pq: 20 rg: 8 | total time: 7.05m | eta: 11.3m
step 01808/04692 (38.53%) | loss: 2.891501 | lrm: 1.00 | dt: 233.89ms | tok/sec: 2,241,632 | bf16_mfu: 47.06 | epoch: 1 pq: 20 rg: 16 | total time: 7.05m | eta: 11.3m
step 01809/04692 (38.55%) | loss: 2.885877 | lrm: 1.00 | dt: 236.27ms | tok/sec: 2,219,023 | bf16_mfu: 46.58 | epoch: 1 pq: 20 rg: 16 | total time: 7.06m | eta: 11.3m
step 01810/04692 (38.58%) | loss: 2.880590 | lrm: 1.00 | dt: 233.21ms | tok/sec: 2,248,108 | bf16_mfu: 47.19 | epoch: 1 pq: 20 rg: 16 | total time: 7.06m | eta: 11.3m
step 01811/04692 (38.60%) | loss: 2.886970 | lrm: 1.00 | dt: 234.64ms | tok/sec: 2,234,482 | bf16_mfu: 46.91 | epoch: 1 pq: 20 rg: 16 | total time: 7.06m | eta: 11.3m
step 01812/04692 (38.62%) | loss: 2.899438 | lrm: 1.00 | dt: 232.59ms | tok/sec: 2,254,090 | bf16_mfu: 47.32 | epoch: 1 pq: 20 rg: 16 | total time: 7.07m | eta: 11.3m
step 01813/04692 (38.64%) | loss: 2.889625 | lrm: 1.00 | dt: 236.48ms | tok/sec: 2,217,070 | bf16_mfu: 46.54 | epoch: 1 pq: 20 rg: 16 | total time: 7.07m | eta: 11.3m
step 01814/04692 (38.66%) | loss: 2.885596 | lrm: 1.00 | dt: 236.06ms | tok/sec: 2,221,004 | bf16_mfu: 46.63 | epoch: 1 pq: 20 rg: 16 | total time: 7.07m | eta: 11.3m
step 01815/04692 (38.68%) | loss: 2.881085 | lrm: 1.00 | dt: 233.26ms | tok/sec: 2,247,632 | bf16_mfu: 47.18 | epoch: 1 pq: 20 rg: 16 | total time: 7.08m | eta: 11.3m
step 01816/04692 (38.70%) | loss: 2.888157 | lrm: 1.00 | dt: 232.98ms | tok/sec: 2,250,369 | bf16_mfu: 47.24 | epoch: 1 pq: 20 rg: 24 | total time: 7.08m | eta: 11.3m
step 01817/04692 (38.73%) | loss: 2.865660 | lrm: 1.00 | dt: 234.28ms | tok/sec: 2,237,863 | bf16_mfu: 46.98 | epoch: 1 pq: 20 rg: 24 | total time: 7.09m | eta: 11.3m
step 01818/04692 (38.75%) | loss: 2.870938 | lrm: 1.00 | dt: 235.66ms | tok/sec: 2,224,804 | bf16_mfu: 46.71 | epoch: 1 pq: 20 rg: 24 | total time: 7.09m | eta: 11.3m
step 01819/04692 (38.77%) | loss: 2.878700 | lrm: 1.00 | dt: 232.71ms | tok/sec: 2,252,977 | bf16_mfu: 47.30 | epoch: 1 pq: 20 rg: 24 | total time: 7.09m | eta: 11.3m
step 01820/04692 (38.79%) | loss: 2.875050 | lrm: 1.00 | dt: 233.78ms | tok/sec: 2,242,665 | bf16_mfu: 47.08 | epoch: 1 pq: 20 rg: 24 | total time: 7.10m | eta: 11.3m
step 01821/04692 (38.81%) | loss: 2.873537 | lrm: 1.00 | dt: 234.49ms | tok/sec: 2,235,859 | bf16_mfu: 46.94 | epoch: 1 pq: 20 rg: 24 | total time: 7.10m | eta: 11.3m
step 01822/04692 (38.83%) | loss: 2.877160 | lrm: 1.00 | dt: 235.99ms | tok/sec: 2,221,612 | bf16_mfu: 46.64 | epoch: 1 pq: 20 rg: 24 | total time: 7.11m | eta: 11.3m
step 01823/04692 (38.85%) | loss: 2.885369 | lrm: 1.00 | dt: 234.64ms | tok/sec: 2,234,423 | bf16_mfu: 46.91 | epoch: 1 pq: 20 rg: 24 | total time: 7.11m | eta: 11.3m
step 01824/04692 (38.87%) | loss: 2.883513 | lrm: 1.00 | dt: 233.32ms | tok/sec: 2,247,056 | bf16_mfu: 47.17 | epoch: 1 pq: 20 rg: 32 | total time: 7.11m | eta: 11.2m
step 01825/04692 (38.90%) | loss: 2.883741 | lrm: 1.00 | dt: 232.72ms | tok/sec: 2,252,832 | bf16_mfu: 47.29 | epoch: 1 pq: 20 rg: 32 | total time: 7.12m | eta: 11.2m
step 01826/04692 (38.92%) | loss: 2.890088 | lrm: 1.00 | dt: 235.33ms | tok/sec: 2,227,892 | bf16_mfu: 46.77 | epoch: 1 pq: 20 rg: 32 | total time: 7.12m | eta: 11.2m
step 01827/04692 (38.94%) | loss: 2.875948 | lrm: 1.00 | dt: 234.32ms | tok/sec: 2,237,471 | bf16_mfu: 46.97 | epoch: 1 pq: 20 rg: 32 | total time: 7.13m | eta: 11.2m
step 01828/04692 (38.96%) | loss: 2.875704 | lrm: 1.00 | dt: 233.21ms | tok/sec: 2,248,092 | bf16_mfu: 47.19 | epoch: 1 pq: 20 rg: 32 | total time: 7.13m | eta: 11.2m
step 01829/04692 (38.98%) | loss: 2.881798 | lrm: 1.00 | dt: 232.68ms | tok/sec: 2,253,256 | bf16_mfu: 47.30 | epoch: 1 pq: 20 rg: 32 | total time: 7.13m | eta: 11.2m
step 01830/04692 (39.00%) | loss: 2.882046 | lrm: 1.00 | dt: 234.82ms | tok/sec: 2,232,680 | bf16_mfu: 46.87 | epoch: 1 pq: 20 rg: 32 | total time: 7.14m | eta: 11.2m
step 01831/04692 (39.02%) | loss: 2.871970 | lrm: 1.00 | dt: 235.42ms | tok/sec: 2,227,034 | bf16_mfu: 46.75 | epoch: 1 pq: 20 rg: 32 | total time: 7.14m | eta: 11.2m
step 01832/04692 (39.05%) | loss: 2.872938 | lrm: 1.00 | dt: 233.37ms | tok/sec: 2,246,594 | bf16_mfu: 47.16 | epoch: 1 pq: 20 rg: 40 | total time: 7.14m | eta: 11.2m
step 01833/04692 (39.07%) | loss: 2.879404 | lrm: 1.00 | dt: 232.18ms | tok/sec: 2,258,115 | bf16_mfu: 47.40 | epoch: 1 pq: 20 rg: 40 | total time: 7.15m | eta: 11.2m
step 01834/04692 (39.09%) | loss: 2.878266 | lrm: 1.00 | dt: 236.39ms | tok/sec: 2,217,913 | bf16_mfu: 46.56 | epoch: 1 pq: 20 rg: 40 | total time: 7.15m | eta: 11.2m
step 01835/04692 (39.11%) | loss: 2.878127 | lrm: 1.00 | dt: 235.03ms | tok/sec: 2,230,719 | bf16_mfu: 46.83 | epoch: 1 pq: 20 rg: 40 | total time: 7.16m | eta: 11.2m
step 01836/04692 (39.13%) | loss: 2.888291 | lrm: 1.00 | dt: 234.53ms | tok/sec: 2,235,440 | bf16_mfu: 46.93 | epoch: 1 pq: 20 rg: 40 | total time: 7.16m | eta: 11.2m
step 01837/04692 (39.15%) | loss: 2.884806 | lrm: 1.00 | dt: 233.27ms | tok/sec: 2,247,563 | bf16_mfu: 47.18 | epoch: 1 pq: 20 rg: 40 | total time: 7.16m | eta: 11.2m
step 01838/04692 (39.17%) | loss: 2.881474 | lrm: 1.00 | dt: 232.69ms | tok/sec: 2,253,201 | bf16_mfu: 47.30 | epoch: 1 pq: 20 rg: 40 | total time: 7.17m | eta: 11.2m
step 01839/04692 (39.19%) | loss: 2.882228 | lrm: 1.00 | dt: 233.91ms | tok/sec: 2,241,362 | bf16_mfu: 47.05 | epoch: 1 pq: 20 rg: 40 | total time: 7.17m | eta: 11.2m
step 01840/04692 (39.22%) | loss: 2.878959 | lrm: 1.00 | dt: 234.46ms | tok/sec: 2,236,163 | bf16_mfu: 46.94 | epoch: 1 pq: 20 rg: 48 | total time: 7.18m | eta: 11.2m
step 01841/04692 (39.24%) | loss: 2.884733 | lrm: 1.00 | dt: 232.18ms | tok/sec: 2,258,081 | bf16_mfu: 47.40 | epoch: 1 pq: 20 rg: 48 | total time: 7.18m | eta: 11.2m
step 01842/04692 (39.26%) | loss: 2.886679 | lrm: 1.00 | dt: 234.52ms | tok/sec: 2,235,561 | bf16_mfu: 46.93 | epoch: 1 pq: 20 rg: 48 | total time: 7.18m | eta: 11.2m
step 01843/04692 (39.28%) | loss: 2.895476 | lrm: 1.00 | dt: 234.34ms | tok/sec: 2,237,319 | bf16_mfu: 46.97 | epoch: 1 pq: 20 rg: 48 | total time: 7.19m | eta: 11.2m
step 01844/04692 (39.30%) | loss: 2.896785 | lrm: 1.00 | dt: 233.65ms | tok/sec: 2,243,908 | bf16_mfu: 47.11 | epoch: 1 pq: 20 rg: 48 | total time: 7.19m | eta: 11.2m
step 01845/04692 (39.32%) | loss: 2.897625 | lrm: 1.00 | dt: 234.07ms | tok/sec: 2,239,874 | bf16_mfu: 47.02 | epoch: 1 pq: 20 rg: 48 | total time: 7.20m | eta: 11.2m
step 01846/04692 (39.34%) | loss: 2.898164 | lrm: 1.00 | dt: 233.60ms | tok/sec: 2,244,368 | bf16_mfu: 47.12 | epoch: 1 pq: 20 rg: 48 | total time: 7.20m | eta: 11.2m
step 01847/04692 (39.36%) | loss: 2.902399 | lrm: 1.00 | dt: 235.53ms | tok/sec: 2,226,031 | bf16_mfu: 46.73 | epoch: 1 pq: 20 rg: 48 | total time: 7.20m | eta: 11.2m
step 01848/04692 (39.39%) | loss: 2.892658 | lrm: 1.00 | dt: 231.18ms | tok/sec: 2,267,913 | bf16_mfu: 47.61 | epoch: 1 pq: 20 rg: 56 | total time: 7.21m | eta: 11.2m
step 01849/04692 (39.41%) | loss: 2.891357 | lrm: 1.00 | dt: 234.77ms | tok/sec: 2,233,175 | bf16_mfu: 46.88 | epoch: 1 pq: 20 rg: 56 | total time: 7.21m | eta: 11.1m
step 01850/04692 (39.43%) | loss: 2.897644 | lrm: 1.00 | dt: 235.84ms | tok/sec: 2,223,040 | bf16_mfu: 46.67 | epoch: 1 pq: 20 rg: 56 | total time: 7.22m | eta: 11.1m
step 01851/04692 (39.45%) | loss: 2.910190 | lrm: 1.00 | dt: 234.90ms | tok/sec: 2,231,980 | bf16_mfu: 46.86 | epoch: 1 pq: 20 rg: 56 | total time: 7.22m | eta: 11.1m
step 01852/04692 (39.47%) | loss: 2.909404 | lrm: 1.00 | dt: 234.03ms | tok/sec: 2,240,266 | bf16_mfu: 47.03 | epoch: 1 pq: 20 rg: 56 | total time: 7.22m | eta: 11.1m
step 01853/04692 (39.49%) | loss: 2.908166 | lrm: 1.00 | dt: 234.83ms | tok/sec: 2,232,621 | bf16_mfu: 46.87 | epoch: 1 pq: 20 rg: 56 | total time: 7.23m | eta: 11.1m
step 01854/04692 (39.51%) | loss: 2.897678 | lrm: 1.00 | dt: 233.31ms | tok/sec: 2,247,196 | bf16_mfu: 47.18 | epoch: 1 pq: 20 rg: 56 | total time: 7.23m | eta: 11.1m
step 01855/04692 (39.54%) | loss: 2.900302 | lrm: 1.00 | dt: 235.68ms | tok/sec: 2,224,612 | bf16_mfu: 46.70 | epoch: 1 pq: 20 rg: 56 | total time: 7.23m | eta: 11.1m
step 01856/04692 (39.56%) | loss: 2.905167 | lrm: 1.00 | dt: 234.09ms | tok/sec: 2,239,639 | bf16_mfu: 47.02 | epoch: 1 pq: 20 rg: 64 | total time: 7.24m | eta: 11.1m
step 01857/04692 (39.58%) | loss: 2.886851 | lrm: 1.00 | dt: 233.55ms | tok/sec: 2,244,849 | bf16_mfu: 47.13 | epoch: 1 pq: 20 rg: 64 | total time: 7.24m | eta: 11.1m
step 01858/04692 (39.60%) | loss: 2.879704 | lrm: 1.00 | dt: 232.59ms | tok/sec: 2,254,169 | bf16_mfu: 47.32 | epoch: 1 pq: 20 rg: 64 | total time: 7.25m | eta: 11.1m
step 01859/04692 (39.62%) | loss: 2.879182 | lrm: 1.00 | dt: 234.51ms | tok/sec: 2,235,638 | bf16_mfu: 46.93 | epoch: 1 pq: 20 rg: 64 | total time: 7.25m | eta: 11.1m
step 01860/04692 (39.64%) | loss: 2.865083 | lrm: 1.00 | dt: 232.32ms | tok/sec: 2,256,739 | bf16_mfu: 47.38 | epoch: 1 pq: 20 rg: 64 | total time: 7.25m | eta: 11.1m
step 01861/04692 (39.66%) | loss: 2.875200 | lrm: 1.00 | dt: 233.75ms | tok/sec: 2,242,926 | bf16_mfu: 47.09 | epoch: 1 pq: 20 rg: 64 | total time: 7.26m | eta: 11.1m
step 01862/04692 (39.68%) | loss: 2.876020 | lrm: 1.00 | dt: 234.50ms | tok/sec: 2,235,770 | bf16_mfu: 46.94 | epoch: 1 pq: 20 rg: 64 | total time: 7.26m | eta: 11.1m
step 01863/04692 (39.71%) | loss: 2.874496 | lrm: 1.00 | dt: 237.45ms | tok/sec: 2,207,963 | bf16_mfu: 46.35 | epoch: 1 pq: 20 rg: 64 | total time: 7.27m | eta: 11.1m
step 01864/04692 (39.73%) | loss: 2.875504 | lrm: 1.00 | dt: 234.90ms | tok/sec: 2,231,962 | bf16_mfu: 46.86 | epoch: 1 pq: 20 rg: 72 | total time: 7.27m | eta: 11.1m
step 01865/04692 (39.75%) | loss: 2.881965 | lrm: 1.00 | dt: 233.18ms | tok/sec: 2,248,411 | bf16_mfu: 47.20 | epoch: 1 pq: 20 rg: 72 | total time: 7.27m | eta: 11.1m
step 01866/04692 (39.77%) | loss: 2.885297 | lrm: 1.00 | dt: 234.48ms | tok/sec: 2,235,968 | bf16_mfu: 46.94 | epoch: 1 pq: 20 rg: 72 | total time: 7.28m | eta: 11.1m
step 01867/04692 (39.79%) | loss: 2.888918 | lrm: 1.00 | dt: 234.89ms | tok/sec: 2,232,048 | bf16_mfu: 46.86 | epoch: 1 pq: 20 rg: 72 | total time: 7.28m | eta: 11.1m
step 01868/04692 (39.81%) | loss: 2.885253 | lrm: 1.00 | dt: 236.09ms | tok/sec: 2,220,683 | bf16_mfu: 46.62 | epoch: 1 pq: 20 rg: 72 | total time: 7.29m | eta: 11.1m
step 01869/04692 (39.83%) | loss: 2.882338 | lrm: 1.00 | dt: 232.27ms | tok/sec: 2,257,223 | bf16_mfu: 47.39 | epoch: 1 pq: 20 rg: 72 | total time: 7.29m | eta: 11.1m
step 01870/04692 (39.86%) | loss: 2.879263 | lrm: 1.00 | dt: 235.37ms | tok/sec: 2,227,533 | bf16_mfu: 46.76 | epoch: 1 pq: 20 rg: 72 | total time: 7.29m | eta: 11.1m
step 01871/04692 (39.88%) | loss: 2.881180 | lrm: 1.00 | dt: 232.98ms | tok/sec: 2,250,383 | bf16_mfu: 47.24 | epoch: 1 pq: 20 rg: 72 | total time: 7.30m | eta: 11.1m
step 01872/04692 (39.90%) | loss: 2.886717 | lrm: 1.00 | dt: 235.85ms | tok/sec: 2,223,002 | bf16_mfu: 46.67 | epoch: 1 pq: 20 rg: 72 | total time: 7.30m | eta: 11.1m
step 01873/04692 (39.92%) | loss: 2.894880 | lrm: 1.00 | dt: 234.70ms | tok/sec: 2,233,862 | bf16_mfu: 46.90 | epoch: 1 pq: 20 rg: 80 | total time: 7.30m | eta: 11.1m
step 01874/04692 (39.94%) | loss: 2.881774 | lrm: 1.00 | dt: 233.15ms | tok/sec: 2,248,742 | bf16_mfu: 47.21 | epoch: 1 pq: 20 rg: 80 | total time: 7.31m | eta: 11.0m
step 01875/04692 (39.96%) | loss: 2.883492 | lrm: 1.00 | dt: 232.62ms | tok/sec: 2,253,811 | bf16_mfu: 47.31 | epoch: 1 pq: 20 rg: 80 | total time: 7.31m | eta: 11.0m
step 01876/04692 (39.98%) | loss: 2.887440 | lrm: 1.00 | dt: 235.22ms | tok/sec: 2,228,942 | bf16_mfu: 46.79 | epoch: 1 pq: 20 rg: 80 | total time: 7.32m | eta: 11.0m
step 01877/04692 (40.00%) | loss: 2.890611 | lrm: 1.00 | dt: 235.02ms | tok/sec: 2,230,814 | bf16_mfu: 46.83 | epoch: 1 pq: 20 rg: 80 | total time: 7.32m | eta: 11.0m
step 01878/04692 (40.03%) | loss: 2.900369 | lrm: 1.00 | dt: 235.09ms | tok/sec: 2,230,133 | bf16_mfu: 46.82 | epoch: 1 pq: 20 rg: 80 | total time: 7.32m | eta: 11.0m
step 01879/04692 (40.05%) | loss: 2.902494 | lrm: 1.00 | dt: 232.10ms | tok/sec: 2,258,937 | bf16_mfu: 47.42 | epoch: 1 pq: 20 rg: 80 | total time: 7.33m | eta: 11.0m
step 01880/04692 (40.07%) | loss: 2.900243 | lrm: 1.00 | dt: 234.82ms | tok/sec: 2,232,685 | bf16_mfu: 46.87 | epoch: 1 pq: 20 rg: 80 | total time: 7.33m | eta: 11.0m
step 01881/04692 (40.09%) | loss: 2.905934 | lrm: 1.00 | dt: 234.61ms | tok/sec: 2,234,761 | bf16_mfu: 46.91 | epoch: 1 pq: 21 rg: 0 | total time: 7.34m | eta: 11.0m
step 01882/04692 (40.11%) | loss: 2.898002 | lrm: 1.00 | dt: 235.76ms | tok/sec: 2,223,852 | bf16_mfu: 46.69 | epoch: 1 pq: 21 rg: 0 | total time: 7.34m | eta: 11.0m
step 01883/04692 (40.13%) | loss: 2.899513 | lrm: 1.00 | dt: 234.82ms | tok/sec: 2,232,694 | bf16_mfu: 46.87 | epoch: 1 pq: 21 rg: 0 | total time: 7.34m | eta: 11.0m
step 01884/04692 (40.15%) | loss: 2.893878 | lrm: 1.00 | dt: 232.71ms | tok/sec: 2,252,966 | bf16_mfu: 47.30 | epoch: 1 pq: 21 rg: 0 | total time: 7.35m | eta: 11.0m
step 01885/04692 (40.17%) | loss: 2.882643 | lrm: 1.00 | dt: 234.06ms | tok/sec: 2,239,963 | bf16_mfu: 47.02 | epoch: 1 pq: 21 rg: 0 | total time: 7.35m | eta: 11.0m
step 01886/04692 (40.20%) | loss: 2.888274 | lrm: 1.00 | dt: 234.87ms | tok/sec: 2,232,275 | bf16_mfu: 46.86 | epoch: 1 pq: 21 rg: 0 | total time: 7.36m | eta: 11.0m
step 01887/04692 (40.22%) | loss: 2.880054 | lrm: 1.00 | dt: 235.06ms | tok/sec: 2,230,454 | bf16_mfu: 46.82 | epoch: 1 pq: 21 rg: 0 | total time: 7.36m | eta: 11.0m
step 01888/04692 (40.24%) | loss: 2.872463 | lrm: 1.00 | dt: 232.43ms | tok/sec: 2,255,699 | bf16_mfu: 47.35 | epoch: 1 pq: 21 rg: 0 | total time: 7.36m | eta: 11.0m
step 01889/04692 (40.26%) | loss: 2.863571 | lrm: 1.00 | dt: 233.78ms | tok/sec: 2,242,642 | bf16_mfu: 47.08 | epoch: 1 pq: 21 rg: 8 | total time: 7.37m | eta: 11.0m
step 01890/04692 (40.28%) | loss: 2.876726 | lrm: 1.00 | dt: 233.90ms | tok/sec: 2,241,520 | bf16_mfu: 47.06 | epoch: 1 pq: 21 rg: 8 | total time: 7.37m | eta: 11.0m
step 01891/04692 (40.30%) | loss: 2.878172 | lrm: 1.00 | dt: 234.28ms | tok/sec: 2,237,827 | bf16_mfu: 46.98 | epoch: 1 pq: 21 rg: 8 | total time: 7.38m | eta: 11.0m
step 01892/04692 (40.32%) | loss: 2.882450 | lrm: 1.00 | dt: 232.97ms | tok/sec: 2,250,450 | bf16_mfu: 47.24 | epoch: 1 pq: 21 rg: 8 | total time: 7.38m | eta: 11.0m
step 01893/04692 (40.35%) | loss: 2.881547 | lrm: 1.00 | dt: 234.05ms | tok/sec: 2,240,065 | bf16_mfu: 47.03 | epoch: 1 pq: 21 rg: 8 | total time: 7.38m | eta: 11.0m
step 01894/04692 (40.37%) | loss: 2.876226 | lrm: 1.00 | dt: 232.78ms | tok/sec: 2,252,317 | bf16_mfu: 47.28 | epoch: 1 pq: 21 rg: 8 | total time: 7.39m | eta: 11.0m
step 01895/04692 (40.39%) | loss: 2.870159 | lrm: 1.00 | dt: 233.46ms | tok/sec: 2,245,711 | bf16_mfu: 47.14 | epoch: 1 pq: 21 rg: 8 | total time: 7.39m | eta: 11.0m
step 01896/04692 (40.41%) | loss: 2.865718 | lrm: 1.00 | dt: 234.89ms | tok/sec: 2,232,073 | bf16_mfu: 46.86 | epoch: 1 pq: 21 rg: 8 | total time: 7.39m | eta: 11.0m
step 01897/04692 (40.43%) | loss: 2.881822 | lrm: 1.00 | dt: 234.61ms | tok/sec: 2,234,697 | bf16_mfu: 46.91 | epoch: 1 pq: 21 rg: 8 | total time: 7.40m | eta: 11.0m
step 01898/04692 (40.45%) | loss: 2.890220 | lrm: 1.00 | dt: 233.05ms | tok/sec: 2,249,651 | bf16_mfu: 47.23 | epoch: 1 pq: 21 rg: 16 | total time: 7.40m | eta: 11.0m
step 01899/04692 (40.47%) | loss: 2.891113 | lrm: 1.00 | dt: 233.15ms | tok/sec: 2,248,706 | bf16_mfu: 47.21 | epoch: 1 pq: 21 rg: 16 | total time: 7.41m | eta: 11.0m
step 01900/04692 (40.49%) | loss: 2.895913 | lrm: 1.00 | dt: 235.47ms | tok/sec: 2,226,520 | bf16_mfu: 46.74 | epoch: 1 pq: 21 rg: 16 | total time: 7.41m | eta: 10.9m
step 01901/04692 (40.52%) | loss: 2.895361 | lrm: 1.00 | dt: 237.05ms | tok/sec: 2,211,727 | bf16_mfu: 46.43 | epoch: 1 pq: 21 rg: 16 | total time: 7.41m | eta: 10.9m
step 01902/04692 (40.54%) | loss: 2.882474 | lrm: 1.00 | dt: 236.76ms | tok/sec: 2,214,426 | bf16_mfu: 46.49 | epoch: 1 pq: 21 rg: 16 | total time: 7.42m | eta: 10.9m
step 01903/04692 (40.56%) | loss: 2.865356 | lrm: 1.00 | dt: 234.97ms | tok/sec: 2,231,330 | bf16_mfu: 46.84 | epoch: 1 pq: 21 rg: 16 | total time: 7.42m | eta: 10.9m
step 01904/04692 (40.58%) | loss: 2.873825 | lrm: 1.00 | dt: 234.06ms | tok/sec: 2,239,942 | bf16_mfu: 47.02 | epoch: 1 pq: 21 rg: 16 | total time: 7.43m | eta: 10.9m
step 01905/04692 (40.60%) | loss: 2.883258 | lrm: 1.00 | dt: 233.32ms | tok/sec: 2,247,090 | bf16_mfu: 47.17 | epoch: 1 pq: 21 rg: 16 | total time: 7.43m | eta: 10.9m
step 01906/04692 (40.62%) | loss: 2.890505 | lrm: 1.00 | dt: 235.63ms | tok/sec: 2,225,013 | bf16_mfu: 46.71 | epoch: 1 pq: 21 rg: 24 | total time: 7.43m | eta: 10.9m
step 01907/04692 (40.64%) | loss: 2.893950 | lrm: 1.00 | dt: 234.77ms | tok/sec: 2,233,195 | bf16_mfu: 46.88 | epoch: 1 pq: 21 rg: 24 | total time: 7.44m | eta: 10.9m
step 01908/04692 (40.66%) | loss: 2.892223 | lrm: 1.00 | dt: 233.60ms | tok/sec: 2,244,393 | bf16_mfu: 47.12 | epoch: 1 pq: 21 rg: 24 | total time: 7.44m | eta: 10.9m
step 01909/04692 (40.69%) | loss: 2.895467 | lrm: 1.00 | dt: 233.11ms | tok/sec: 2,249,110 | bf16_mfu: 47.22 | epoch: 1 pq: 21 rg: 24 | total time: 7.45m | eta: 10.9m
step 01910/04692 (40.71%) | loss: 2.900278 | lrm: 1.00 | dt: 234.73ms | tok/sec: 2,233,581 | bf16_mfu: 46.89 | epoch: 1 pq: 21 rg: 24 | total time: 7.45m | eta: 10.9m
step 01911/04692 (40.73%) | loss: 2.891926 | lrm: 1.00 | dt: 234.96ms | tok/sec: 2,231,346 | bf16_mfu: 46.84 | epoch: 1 pq: 21 rg: 24 | total time: 7.45m | eta: 10.9m
step 01912/04692 (40.75%) | loss: 2.886953 | lrm: 1.00 | dt: 235.73ms | tok/sec: 2,224,108 | bf16_mfu: 46.69 | epoch: 1 pq: 21 rg: 24 | total time: 7.46m | eta: 10.9m
step 01913/04692 (40.77%) | loss: 2.883177 | lrm: 1.00 | dt: 232.31ms | tok/sec: 2,256,848 | bf16_mfu: 47.38 | epoch: 1 pq: 21 rg: 24 | total time: 7.46m | eta: 10.9m
step 01914/04692 (40.79%) | loss: 2.876552 | lrm: 1.00 | dt: 232.79ms | tok/sec: 2,252,211 | bf16_mfu: 47.28 | epoch: 1 pq: 21 rg: 32 | total time: 7.46m | eta: 10.9m
step 01915/04692 (40.81%) | loss: 2.882339 | lrm: 1.00 | dt: 233.91ms | tok/sec: 2,241,385 | bf16_mfu: 47.05 | epoch: 1 pq: 21 rg: 32 | total time: 7.47m | eta: 10.9m
step 01916/04692 (40.84%) | loss: 2.889358 | lrm: 1.00 | dt: 233.97ms | tok/sec: 2,240,816 | bf16_mfu: 47.04 | epoch: 1 pq: 21 rg: 32 | total time: 7.47m | eta: 10.9m
step 01917/04692 (40.86%) | loss: 2.886015 | lrm: 1.00 | dt: 233.46ms | tok/sec: 2,245,725 | bf16_mfu: 47.14 | epoch: 1 pq: 21 rg: 32 | total time: 7.48m | eta: 10.9m
step 01918/04692 (40.88%) | loss: 2.887243 | lrm: 1.00 | dt: 233.28ms | tok/sec: 2,247,483 | bf16_mfu: 47.18 | epoch: 1 pq: 21 rg: 32 | total time: 7.48m | eta: 10.9m
step 01919/04692 (40.90%) | loss: 2.890849 | lrm: 1.00 | dt: 235.53ms | tok/sec: 2,225,997 | bf16_mfu: 46.73 | epoch: 1 pq: 21 rg: 32 | total time: 7.48m | eta: 10.9m
step 01920/04692 (40.92%) | loss: 2.883238 | lrm: 1.00 | dt: 233.54ms | tok/sec: 2,244,961 | bf16_mfu: 47.13 | epoch: 1 pq: 21 rg: 32 | total time: 7.49m | eta: 10.9m
step 01921/04692 (40.94%) | loss: 2.887419 | lrm: 1.00 | dt: 232.44ms | tok/sec: 2,255,551 | bf16_mfu: 47.35 | epoch: 1 pq: 21 rg: 32 | total time: 7.49m | eta: 10.9m
step 01922/04692 (40.96%) | loss: 2.873024 | lrm: 1.00 | dt: 235.17ms | tok/sec: 2,229,414 | bf16_mfu: 46.80 | epoch: 1 pq: 21 rg: 32 | total time: 7.50m | eta: 10.9m
step 01923/04692 (40.98%) | loss: 2.884828 | lrm: 1.00 | dt: 235.75ms | tok/sec: 2,223,913 | bf16_mfu: 46.69 | epoch: 1 pq: 21 rg: 40 | total time: 7.50m | eta: 10.9m
step 01924/04692 (41.01%) | loss: 2.896249 | lrm: 1.00 | dt: 236.95ms | tok/sec: 2,212,615 | bf16_mfu: 46.45 | epoch: 1 pq: 21 rg: 40 | total time: 7.50m | eta: 10.9m
step 01925/04692 (41.03%) | loss: 2.882011 | lrm: 1.00 | dt: 232.56ms | tok/sec: 2,254,421 | bf16_mfu: 47.33 | epoch: 1 pq: 21 rg: 40 | total time: 7.51m | eta: 10.8m
step 01926/04692 (41.05%) | loss: 2.884474 | lrm: 1.00 | dt: 232.42ms | tok/sec: 2,255,820 | bf16_mfu: 47.36 | epoch: 1 pq: 21 rg: 40 | total time: 7.51m | eta: 10.8m
step 01927/04692 (41.07%) | loss: 2.888759 | lrm: 1.00 | dt: 235.98ms | tok/sec: 2,221,715 | bf16_mfu: 46.64 | epoch: 1 pq: 21 rg: 40 | total time: 7.52m | eta: 10.8m
step 01928/04692 (41.09%) | loss: 2.881422 | lrm: 1.00 | dt: 236.25ms | tok/sec: 2,219,173 | bf16_mfu: 46.59 | epoch: 1 pq: 21 rg: 40 | total time: 7.52m | eta: 10.8m
step 01929/04692 (41.11%) | loss: 2.882491 | lrm: 1.00 | dt: 233.49ms | tok/sec: 2,245,429 | bf16_mfu: 47.14 | epoch: 1 pq: 21 rg: 40 | total time: 7.52m | eta: 10.8m
step 01930/04692 (41.13%) | loss: 2.886104 | lrm: 1.00 | dt: 235.66ms | tok/sec: 2,224,779 | bf16_mfu: 46.70 | epoch: 1 pq: 21 rg: 40 | total time: 7.53m | eta: 10.8m
step 01931/04692 (41.16%) | loss: 2.887909 | lrm: 1.00 | dt: 234.32ms | tok/sec: 2,237,451 | bf16_mfu: 46.97 | epoch: 1 pq: 21 rg: 48 | total time: 7.53m | eta: 10.8m
step 01932/04692 (41.18%) | loss: 2.892668 | lrm: 1.00 | dt: 234.31ms | tok/sec: 2,237,574 | bf16_mfu: 46.97 | epoch: 1 pq: 21 rg: 48 | total time: 7.54m | eta: 10.8m
step 01933/04692 (41.20%) | loss: 2.890876 | lrm: 1.00 | dt: 235.35ms | tok/sec: 2,227,682 | bf16_mfu: 46.77 | epoch: 1 pq: 21 rg: 48 | total time: 7.54m | eta: 10.8m
step 01934/04692 (41.22%) | loss: 2.890418 | lrm: 1.00 | dt: 233.98ms | tok/sec: 2,240,729 | bf16_mfu: 47.04 | epoch: 1 pq: 21 rg: 48 | total time: 7.54m | eta: 10.8m
step 01935/04692 (41.24%) | loss: 2.895516 | lrm: 1.00 | dt: 234.06ms | tok/sec: 2,239,976 | bf16_mfu: 47.02 | epoch: 1 pq: 21 rg: 48 | total time: 7.55m | eta: 10.8m
step 01936/04692 (41.26%) | loss: 2.895412 | lrm: 1.00 | dt: 232.82ms | tok/sec: 2,251,939 | bf16_mfu: 47.27 | epoch: 1 pq: 21 rg: 48 | total time: 7.55m | eta: 10.8m
step 01937/04692 (41.28%) | loss: 2.886193 | lrm: 1.00 | dt: 236.43ms | tok/sec: 2,217,548 | bf16_mfu: 46.55 | epoch: 1 pq: 21 rg: 48 | total time: 7.55m | eta: 10.8m
step 01938/04692 (41.30%) | loss: 2.891109 | lrm: 1.00 | dt: 234.30ms | tok/sec: 2,237,667 | bf16_mfu: 46.98 | epoch: 1 pq: 21 rg: 48 | total time: 7.56m | eta: 10.8m
step 01939/04692 (41.33%) | loss: 2.897172 | lrm: 1.00 | dt: 234.17ms | tok/sec: 2,238,925 | bf16_mfu: 47.00 | epoch: 1 pq: 21 rg: 56 | total time: 7.56m | eta: 10.8m
step 01940/04692 (41.35%) | loss: 2.877843 | lrm: 1.00 | dt: 231.84ms | tok/sec: 2,261,469 | bf16_mfu: 47.47 | epoch: 1 pq: 21 rg: 56 | total time: 7.57m | eta: 10.8m
step 01941/04692 (41.37%) | loss: 2.866852 | lrm: 1.00 | dt: 236.59ms | tok/sec: 2,216,064 | bf16_mfu: 46.52 | epoch: 1 pq: 21 rg: 56 | total time: 7.57m | eta: 10.8m
step 01942/04692 (41.39%) | loss: 2.875400 | lrm: 1.00 | dt: 227.14ms | tok/sec: 2,308,222 | bf16_mfu: 48.46 | epoch: 1 pq: 21 rg: 56 | total time: 7.57m | eta: 10.8m
step 01943/04692 (41.41%) | loss: 2.874268 | lrm: 1.00 | dt: 228.70ms | tok/sec: 2,292,430 | bf16_mfu: 48.12 | epoch: 1 pq: 21 rg: 56 | total time: 7.58m | eta: 10.8m
step 01944/04692 (41.43%) | loss: 2.869149 | lrm: 1.00 | dt: 229.66ms | tok/sec: 2,282,861 | bf16_mfu: 47.92 | epoch: 1 pq: 21 rg: 56 | total time: 7.58m | eta: 10.8m
step 01945/04692 (41.45%) | loss: 2.860141 | lrm: 1.00 | dt: 239.19ms | tok/sec: 2,191,973 | bf16_mfu: 46.02 | epoch: 1 pq: 21 rg: 56 | total time: 7.59m | eta: 10.8m
step 01946/04692 (41.47%) | loss: 2.859471 | lrm: 1.00 | dt: 238.00ms | tok/sec: 2,202,902 | bf16_mfu: 46.25 | epoch: 1 pq: 21 rg: 56 | total time: 7.59m | eta: 10.8m
step 01947/04692 (41.50%) | loss: 2.868406 | lrm: 1.00 | dt: 236.21ms | tok/sec: 2,219,621 | bf16_mfu: 46.60 | epoch: 1 pq: 21 rg: 64 | total time: 7.59m | eta: 10.8m
step 01948/04692 (41.52%) | loss: 2.868951 | lrm: 1.00 | dt: 233.36ms | tok/sec: 2,246,723 | bf16_mfu: 47.17 | epoch: 1 pq: 21 rg: 64 | total time: 7.60m | eta: 10.8m
step 01949/04692 (41.54%) | loss: 2.866092 | lrm: 1.00 | dt: 233.87ms | tok/sec: 2,241,819 | bf16_mfu: 47.06 | epoch: 1 pq: 21 rg: 64 | total time: 7.60m | eta: 10.8m
step 01950/04692 (41.56%) | loss: 2.872653 | lrm: 1.00 | dt: 236.87ms | tok/sec: 2,213,417 | bf16_mfu: 46.47 | epoch: 1 pq: 21 rg: 64 | total time: 7.61m | eta: 10.7m
step 01951/04692 (41.58%) | loss: 2.877275 | lrm: 1.00 | dt: 236.39ms | tok/sec: 2,217,884 | bf16_mfu: 46.56 | epoch: 1 pq: 21 rg: 64 | total time: 7.61m | eta: 10.7m
step 01952/04692 (41.60%) | loss: 2.881590 | lrm: 1.00 | dt: 232.73ms | tok/sec: 2,252,781 | bf16_mfu: 47.29 | epoch: 1 pq: 21 rg: 64 | total time: 7.61m | eta: 10.7m
step 01953/04692 (41.62%) | loss: 2.884714 | lrm: 1.00 | dt: 232.84ms | tok/sec: 2,251,676 | bf16_mfu: 47.27 | epoch: 1 pq: 21 rg: 64 | total time: 7.62m | eta: 10.7m
step 01954/04692 (41.65%) | loss: 2.903321 | lrm: 1.00 | dt: 236.55ms | tok/sec: 2,216,433 | bf16_mfu: 46.53 | epoch: 1 pq: 21 rg: 64 | total time: 7.62m | eta: 10.7m
step 01955/04692 (41.67%) | loss: 2.898239 | lrm: 1.00 | dt: 238.08ms | tok/sec: 2,202,119 | bf16_mfu: 46.23 | epoch: 1 pq: 21 rg: 72 | total time: 7.63m | eta: 10.7m
step 01956/04692 (41.69%) | loss: 2.901321 | lrm: 1.00 | dt: 231.81ms | tok/sec: 2,261,752 | bf16_mfu: 47.48 | epoch: 1 pq: 21 rg: 72 | total time: 7.63m | eta: 10.7m
step 01957/04692 (41.71%) | loss: 2.898269 | lrm: 1.00 | dt: 233.33ms | tok/sec: 2,247,017 | bf16_mfu: 47.17 | epoch: 1 pq: 21 rg: 72 | total time: 7.63m | eta: 10.7m
step 01958/04692 (41.73%) | loss: 2.894593 | lrm: 1.00 | dt: 236.11ms | tok/sec: 2,220,479 | bf16_mfu: 46.61 | epoch: 1 pq: 21 rg: 72 | total time: 7.64m | eta: 10.7m
step 01959/04692 (41.75%) | loss: 2.888064 | lrm: 1.00 | dt: 234.02ms | tok/sec: 2,240,332 | bf16_mfu: 47.03 | epoch: 1 pq: 21 rg: 72 | total time: 7.64m | eta: 10.7m
step 01960/04692 (41.77%) | loss: 2.888289 | lrm: 1.00 | dt: 234.65ms | tok/sec: 2,234,336 | bf16_mfu: 46.91 | epoch: 1 pq: 21 rg: 72 | total time: 7.64m | eta: 10.7m
step 01961/04692 (41.79%) | loss: 2.893230 | lrm: 1.00 | dt: 232.02ms | tok/sec: 2,259,668 | bf16_mfu: 47.44 | epoch: 1 pq: 21 rg: 72 | total time: 7.65m | eta: 10.7m
step 01962/04692 (41.82%) | loss: 2.887881 | lrm: 1.00 | dt: 235.80ms | tok/sec: 2,223,447 | bf16_mfu: 46.68 | epoch: 1 pq: 21 rg: 72 | total time: 7.65m | eta: 10.7m
step 01963/04692 (41.84%) | loss: 2.887459 | lrm: 1.00 | dt: 236.48ms | tok/sec: 2,217,079 | bf16_mfu: 46.54 | epoch: 1 pq: 21 rg: 72 | total time: 7.66m | eta: 10.7m
step 01964/04692 (41.86%) | loss: 2.876107 | lrm: 1.00 | dt: 233.83ms | tok/sec: 2,242,201 | bf16_mfu: 47.07 | epoch: 1 pq: 21 rg: 80 | total time: 7.66m | eta: 10.7m
step 01965/04692 (41.88%) | loss: 2.873845 | lrm: 1.00 | dt: 232.08ms | tok/sec: 2,259,090 | bf16_mfu: 47.42 | epoch: 1 pq: 21 rg: 80 | total time: 7.66m | eta: 10.7m
step 01966/04692 (41.90%) | loss: 2.876381 | lrm: 1.00 | dt: 235.41ms | tok/sec: 2,227,089 | bf16_mfu: 46.75 | epoch: 1 pq: 21 rg: 80 | total time: 7.67m | eta: 10.7m
step 01967/04692 (41.92%) | loss: 2.880223 | lrm: 1.00 | dt: 234.19ms | tok/sec: 2,238,724 | bf16_mfu: 47.00 | epoch: 1 pq: 21 rg: 80 | total time: 7.67m | eta: 10.7m
step 01968/04692 (41.94%) | loss: 2.885813 | lrm: 1.00 | dt: 234.65ms | tok/sec: 2,234,377 | bf16_mfu: 46.91 | epoch: 1 pq: 21 rg: 80 | total time: 7.68m | eta: 10.7m
step 01969/04692 (41.97%) | loss: 2.883927 | lrm: 1.00 | dt: 233.38ms | tok/sec: 2,246,470 | bf16_mfu: 47.16 | epoch: 1 pq: 21 rg: 80 | total time: 7.68m | eta: 10.7m
step 01970/04692 (41.99%) | loss: 2.885178 | lrm: 1.00 | dt: 234.94ms | tok/sec: 2,231,616 | bf16_mfu: 46.85 | epoch: 1 pq: 21 rg: 80 | total time: 7.68m | eta: 10.7m
step 01971/04692 (42.01%) | loss: 2.875326 | lrm: 1.00 | dt: 234.74ms | tok/sec: 2,233,497 | bf16_mfu: 46.89 | epoch: 1 pq: 21 rg: 80 | total time: 7.69m | eta: 10.7m
step 01972/04692 (42.03%) | loss: 2.874850 | lrm: 1.00 | dt: 234.61ms | tok/sec: 2,234,768 | bf16_mfu: 46.91 | epoch: 1 pq: 22 rg: 0 | total time: 7.69m | eta: 10.7m
step 01973/04692 (42.05%) | loss: 2.883160 | lrm: 1.00 | dt: 233.43ms | tok/sec: 2,246,060 | bf16_mfu: 47.15 | epoch: 1 pq: 22 rg: 0 | total time: 7.70m | eta: 10.7m
step 01974/04692 (42.07%) | loss: 2.882138 | lrm: 1.00 | dt: 234.10ms | tok/sec: 2,239,586 | bf16_mfu: 47.02 | epoch: 1 pq: 22 rg: 0 | total time: 7.70m | eta: 10.7m
step 01975/04692 (42.09%) | loss: 2.875332 | lrm: 1.00 | dt: 234.95ms | tok/sec: 2,231,525 | bf16_mfu: 46.85 | epoch: 1 pq: 22 rg: 0 | total time: 7.70m | eta: 10.7m
step 01976/04692 (42.11%) | loss: 2.871740 | lrm: 1.00 | dt: 236.00ms | tok/sec: 2,221,534 | bf16_mfu: 46.64 | epoch: 1 pq: 22 rg: 0 | total time: 7.71m | eta: 10.6m
step 01977/04692 (42.14%) | loss: 2.873394 | lrm: 1.00 | dt: 233.56ms | tok/sec: 2,244,796 | bf16_mfu: 47.12 | epoch: 1 pq: 22 rg: 0 | total time: 7.71m | eta: 10.6m
step 01978/04692 (42.16%) | loss: 2.875024 | lrm: 1.00 | dt: 232.36ms | tok/sec: 2,256,341 | bf16_mfu: 47.37 | epoch: 1 pq: 22 rg: 0 | total time: 7.71m | eta: 10.6m
step 01979/04692 (42.18%) | loss: 2.873283 | lrm: 1.00 | dt: 235.24ms | tok/sec: 2,228,691 | bf16_mfu: 46.79 | epoch: 1 pq: 22 rg: 0 | total time: 7.72m | eta: 10.6m
step 01980/04692 (42.20%) | loss: 2.871355 | lrm: 1.00 | dt: 234.50ms | tok/sec: 2,235,813 | bf16_mfu: 46.94 | epoch: 1 pq: 22 rg: 8 | total time: 7.72m | eta: 10.6m
step 01981/04692 (42.22%) | loss: 2.879300 | lrm: 1.00 | dt: 234.36ms | tok/sec: 2,237,075 | bf16_mfu: 46.96 | epoch: 1 pq: 22 rg: 8 | total time: 7.73m | eta: 10.6m
step 01982/04692 (42.24%) | loss: 2.878721 | lrm: 1.00 | dt: 231.81ms | tok/sec: 2,261,715 | bf16_mfu: 47.48 | epoch: 1 pq: 22 rg: 8 | total time: 7.73m | eta: 10.6m
step 01983/04692 (42.26%) | loss: 2.875393 | lrm: 1.00 | dt: 235.62ms | tok/sec: 2,225,159 | bf16_mfu: 46.71 | epoch: 1 pq: 22 rg: 8 | total time: 7.73m | eta: 10.6m
step 01984/04692 (42.28%) | loss: 2.887888 | lrm: 1.00 | dt: 235.09ms | tok/sec: 2,230,163 | bf16_mfu: 46.82 | epoch: 1 pq: 22 rg: 8 | total time: 7.74m | eta: 10.6m
step 01985/04692 (42.31%) | loss: 2.882931 | lrm: 1.00 | dt: 233.92ms | tok/sec: 2,241,323 | bf16_mfu: 47.05 | epoch: 1 pq: 22 rg: 8 | total time: 7.74m | eta: 10.6m
step 01986/04692 (42.33%) | loss: 2.881234 | lrm: 1.00 | dt: 232.88ms | tok/sec: 2,251,303 | bf16_mfu: 47.26 | epoch: 1 pq: 22 rg: 8 | total time: 7.75m | eta: 10.6m
step 01987/04692 (42.35%) | loss: 2.890248 | lrm: 1.00 | dt: 234.39ms | tok/sec: 2,236,780 | bf16_mfu: 46.96 | epoch: 1 pq: 22 rg: 8 | total time: 7.75m | eta: 10.6m
step 01988/04692 (42.37%) | loss: 2.880364 | lrm: 1.00 | dt: 235.80ms | tok/sec: 2,223,456 | bf16_mfu: 46.68 | epoch: 1 pq: 22 rg: 8 | total time: 7.75m | eta: 10.6m
step 01989/04692 (42.39%) | loss: 2.876374 | lrm: 1.00 | dt: 233.56ms | tok/sec: 2,244,744 | bf16_mfu: 47.12 | epoch: 1 pq: 22 rg: 16 | total time: 7.76m | eta: 10.6m
step 01990/04692 (42.41%) | loss: 2.881036 | lrm: 1.00 | dt: 231.01ms | tok/sec: 2,269,526 | bf16_mfu: 47.64 | epoch: 1 pq: 22 rg: 16 | total time: 7.76m | eta: 10.6m
step 01991/04692 (42.43%) | loss: 2.870584 | lrm: 1.00 | dt: 235.34ms | tok/sec: 2,227,795 | bf16_mfu: 46.77 | epoch: 1 pq: 22 rg: 16 | total time: 7.77m | eta: 10.6m
step 01992/04692 (42.46%) | loss: 2.871239 | lrm: 1.00 | dt: 233.29ms | tok/sec: 2,247,370 | bf16_mfu: 47.18 | epoch: 1 pq: 22 rg: 16 | total time: 7.77m | eta: 10.6m
step 01993/04692 (42.48%) | loss: 2.873976 | lrm: 1.00 | dt: 234.07ms | tok/sec: 2,239,899 | bf16_mfu: 47.02 | epoch: 1 pq: 22 rg: 16 | total time: 7.77m | eta: 10.6m
step 01994/04692 (42.50%) | loss: 2.879511 | lrm: 1.00 | dt: 233.51ms | tok/sec: 2,245,271 | bf16_mfu: 47.13 | epoch: 1 pq: 22 rg: 16 | total time: 7.78m | eta: 10.6m
step 01995/04692 (42.52%) | loss: 2.870352 | lrm: 1.00 | dt: 235.80ms | tok/sec: 2,223,409 | bf16_mfu: 46.68 | epoch: 1 pq: 22 rg: 16 | total time: 7.78m | eta: 10.6m
step 01996/04692 (42.54%) | loss: 2.859019 | lrm: 1.00 | dt: 232.43ms | tok/sec: 2,255,672 | bf16_mfu: 47.35 | epoch: 1 pq: 22 rg: 16 | total time: 7.79m | eta: 10.6m
step 01997/04692 (42.56%) | loss: 2.847288 | lrm: 1.00 | dt: 232.27ms | tok/sec: 2,257,267 | bf16_mfu: 47.39 | epoch: 1 pq: 22 rg: 24 | total time: 7.79m | eta: 10.6m
step 01998/04692 (42.58%) | loss: 2.855199 | lrm: 1.00 | dt: 234.17ms | tok/sec: 2,238,932 | bf16_mfu: 47.00 | epoch: 1 pq: 22 rg: 24 | total time: 7.79m | eta: 10.6m
step 01999/04692 (42.60%) | loss: 2.868046 | lrm: 1.00 | dt: 236.08ms | tok/sec: 2,220,818 | bf16_mfu: 46.62 | epoch: 1 pq: 22 rg: 24 | total time: 7.80m | eta: 10.6m
Step 02000 | Validation bpb: 0.872818
Evaluating: hellaswag_zeroshot (0-shot, type: multiple_choice)... accuracy: 0.3560 | centered: 0.1413 | time: 1.10s
Evaluating: jeopardy (10-shot, type: language_modeling)... accuracy: 0.0120 | centered: 0.0120 | time: 1.00s
Evaluating: bigbench_qa_wikidata (10-shot, type: language_modeling)... accuracy: 0.2960 | centered: 0.2960 | time: 1.02s
Evaluating: arc_easy (10-shot, type: multiple_choice)... accuracy: 0.5860 | centered: 0.4480 | time: 1.10s
Evaluating: arc_challenge (10-shot, type: multiple_choice)... accuracy: 0.3020 | centered: 0.0693 | time: 1.12s
Evaluating: copa (0-shot, type: multiple_choice)... accuracy: 0.4800 | centered: -0.0400 | time: 0.19s
Evaluating: commonsense_qa (10-shot, type: multiple_choice)... accuracy: 0.2420 | centered: 0.0525 | time: 1.14s
Evaluating: piqa (10-shot, type: multiple_choice)... accuracy: 0.6740 | centered: 0.3480 | time: 1.02s
Evaluating: openbook_qa (0-shot, type: multiple_choice)... accuracy: 0.3140 | centered: 0.0853 | time: 0.97s
Evaluating: lambada_openai (0-shot, type: language_modeling)... accuracy: 0.2840 | centered: 0.2840 | time: 0.96s
Evaluating: hellaswag (10-shot, type: multiple_choice)... accuracy: 0.3620 | centered: 0.1493 | time: 1.34s
Evaluating: winograd (0-shot, type: schema)... accuracy: 0.5897 | centered: 0.1795 | time: 0.51s
Evaluating: winogrande (0-shot, type: schema)... accuracy: 0.5000 | centered: 0.0000 | time: 0.91s
Evaluating: bigbench_dyck_languages (10-shot, type: language_modeling)... accuracy: 0.0680 | centered: 0.0680 | time: 1.01s
Evaluating: agi_eval_lsat_ar (3-shot, type: multiple_choice)... accuracy: 0.2435 | centered: 0.0543 | time: 0.58s
Evaluating: bigbench_cs_algorithms (10-shot, type: language_modeling)... accuracy: 0.4140 | centered: 0.4140 | time: 0.98s
Evaluating: bigbench_operators (10-shot, type: language_modeling)... accuracy: 0.1190 | centered: 0.1190 | time: 0.43s
Evaluating: bigbench_repeat_copy_logic (10-shot, type: language_modeling)... accuracy: 0.0312 | centered: 0.0312 | time: 0.07s
Evaluating: squad (10-shot, type: language_modeling)... accuracy: 0.1400 | centered: 0.1400 | time: 1.26s
Evaluating: coqa (0-shot, type: language_modeling)... accuracy: 0.1320 | centered: 0.1320 | time: 1.15s
Evaluating: boolq (10-shot, type: multiple_choice)... accuracy: 0.5580 | centered: -0.1632 | time: 1.24s
Evaluating: bigbench_language_identification (10-shot, type: multiple_choice)... accuracy: 0.2600 | centered: 0.1859 | time: 1.75s
Step 02000 | CORE metric: 0.1367
<|bos|>The capital of France is the city of Paris, and the city of Paris is the city of Paris.
<|bos|>The chemical symbol of gold is Au. Au is a silvery-white metal that is malleable and ductile.
<|bos|>If yesterday was Friday, then tomorrow will be Saturday. If tomorrow was Sunday, then Sunday will be Monday. If tomorrow was
2026-03-06 21:15:22,458 - nanochat.checkpoint_manager - [32m[1mINFO[0m - Saved optimizer state to: /data/.cache/nanochat/base_checkpoints/part3/d16_baseline/optim_002000_rank1.pt
2026-03-06 21:15:22,469 - nanochat.checkpoint_manager - [32m[1mINFO[0m - Saved optimizer state to: /data/.cache/nanochat/base_checkpoints/part3/d16_baseline/optim_002000_rank2.pt
2026-03-06 21:15:22,472 - nanochat.checkpoint_manager - [32m[1mINFO[0m - Saved optimizer state to: /data/.cache/nanochat/base_checkpoints/part3/d16_baseline/optim_002000_rank4.pt
2026-03-06 21:15:22,473 - nanochat.checkpoint_manager - [32m[1mINFO[0m - Saved optimizer state to: /data/.cache/nanochat/base_checkpoints/part3/d16_baseline/optim_002000_rank6.pt
2026-03-06 21:15:22,475 - nanochat.checkpoint_manager - [32m[1mINFO[0m - Saved optimizer state to: /data/.cache/nanochat/base_checkpoints/part3/d16_baseline/optim_002000_rank5.pt
2026-03-06 21:15:22,477 - nanochat.checkpoint_manager - [32m[1mINFO[0m - Saved optimizer state to: /data/.cache/nanochat/base_checkpoints/part3/d16_baseline/optim_002000_rank7.pt
2026-03-06 21:15:22,481 - nanochat.checkpoint_manager - [32m[1mINFO[0m - Saved optimizer state to: /data/.cache/nanochat/base_checkpoints/part3/d16_baseline/optim_002000_rank3.pt
<|bos|>The opposite of hot is cold. The opposite of cold is hot. The opposite of hot is cold.
<|bos|>The planets of the solar system are: Mercury, Venus, Earth, Mars, Jupiter, Saturn, Uranus, Ne
<|bos|>My favorite color is the blue. I love the blue because it is the color that I like the
<|bos|>If 5*x + 3 = 13, then x is 5*x + 3 = 13. If 5*x
2026-03-06 21:15:26,166 - nanochat.checkpoint_manager - [32m[1mINFO[0m - Saved model parameters to: /data/.cache/nanochat/base_checkpoints/part3/d16_baseline/model_002000.pt
2026-03-06 21:15:26,169 - nanochat.checkpoint_manager - [32m[1mINFO[0m - Saved metadata to: /data/.cache/nanochat/base_checkpoints/part3/d16_baseline/meta_002000.json
2026-03-06 21:15:26,698 - nanochat.checkpoint_manager - [32m[1mINFO[0m - Saved optimizer state to: /data/.cache/nanochat/base_checkpoints/part3/d16_baseline/optim_002000_rank0.pt
step 02000/04692 (42.63%) | loss: 2.857088 | lrm: 1.00 | dt: 222.63ms | tok/sec: 2,354,992 | bf16_mfu: 49.44 | epoch: 1 pq: 22 rg: 24 | total time: 7.80m | eta: 10.6m
step 02001/04692 (42.65%) | loss: 2.856926 | lrm: 1.00 | dt: 227.03ms | tok/sec: 2,309,321 | bf16_mfu: 48.48 | epoch: 1 pq: 22 rg: 24 | total time: 7.80m | eta: 10.5m
step 02002/04692 (42.67%) | loss: 2.846248 | lrm: 1.00 | dt: 228.24ms | tok/sec: 2,297,141 | bf16_mfu: 48.22 | epoch: 1 pq: 22 rg: 24 | total time: 7.81m | eta: 10.5m
step 02003/04692 (42.69%) | loss: 2.846917 | lrm: 1.00 | dt: 232.69ms | tok/sec: 2,253,143 | bf16_mfu: 47.30 | epoch: 1 pq: 22 rg: 24 | total time: 7.81m | eta: 10.5m
step 02004/04692 (42.71%) | loss: 2.851059 | lrm: 1.00 | dt: 242.84ms | tok/sec: 2,158,974 | bf16_mfu: 45.32 | epoch: 1 pq: 22 rg: 24 | total time: 7.82m | eta: 10.5m
step 02005/04692 (42.73%) | loss: 2.851534 | lrm: 1.00 | dt: 236.87ms | tok/sec: 2,213,401 | bf16_mfu: 46.47 | epoch: 1 pq: 22 rg: 32 | total time: 7.82m | eta: 10.5m
step 02006/04692 (42.75%) | loss: 2.858037 | lrm: 1.00 | dt: 232.82ms | tok/sec: 2,251,927 | bf16_mfu: 47.27 | epoch: 1 pq: 22 rg: 32 | total time: 7.82m | eta: 10.5m
step 02007/04692 (42.77%) | loss: 2.857291 | lrm: 1.00 | dt: 228.59ms | tok/sec: 2,293,563 | bf16_mfu: 48.15 | epoch: 1 pq: 22 rg: 32 | total time: 7.83m | eta: 10.5m
step 02008/04692 (42.80%) | loss: 2.854309 | lrm: 1.00 | dt: 242.06ms | tok/sec: 2,165,985 | bf16_mfu: 45.47 | epoch: 1 pq: 22 rg: 32 | total time: 7.83m | eta: 10.5m
step 02009/04692 (42.82%) | loss: 2.863432 | lrm: 1.00 | dt: 233.63ms | tok/sec: 2,244,098 | bf16_mfu: 47.11 | epoch: 1 pq: 22 rg: 32 | total time: 7.84m | eta: 10.5m
step 02010/04692 (42.84%) | loss: 2.865142 | lrm: 1.00 | dt: 233.90ms | tok/sec: 2,241,520 | bf16_mfu: 47.06 | epoch: 1 pq: 22 rg: 32 | total time: 7.84m | eta: 10.5m
step 02011/04692 (42.86%) | loss: 2.875550 | lrm: 1.00 | dt: 230.41ms | tok/sec: 2,275,472 | bf16_mfu: 47.77 | epoch: 1 pq: 22 rg: 32 | total time: 7.84m | eta: 10.5m
step 02012/04692 (42.88%) | loss: 2.872382 | lrm: 1.00 | dt: 236.75ms | tok/sec: 2,214,484 | bf16_mfu: 46.49 | epoch: 1 pq: 22 rg: 32 | total time: 7.85m | eta: 10.5m
step 02013/04692 (42.90%) | loss: 2.870664 | lrm: 1.00 | dt: 235.65ms | tok/sec: 2,224,898 | bf16_mfu: 46.71 | epoch: 1 pq: 22 rg: 40 | total time: 7.85m | eta: 10.5m
step 02014/04692 (42.92%) | loss: 2.868213 | lrm: 1.00 | dt: 234.95ms | tok/sec: 2,231,482 | bf16_mfu: 46.85 | epoch: 1 pq: 22 rg: 40 | total time: 7.86m | eta: 10.5m
step 02015/04692 (42.95%) | loss: 2.869606 | lrm: 1.00 | dt: 231.39ms | tok/sec: 2,265,847 | bf16_mfu: 47.57 | epoch: 1 pq: 22 rg: 40 | total time: 7.86m | eta: 10.5m
step 02016/04692 (42.97%) | loss: 2.869865 | lrm: 1.00 | dt: 234.27ms | tok/sec: 2,237,995 | bf16_mfu: 46.98 | epoch: 1 pq: 22 rg: 40 | total time: 7.86m | eta: 10.5m
step 02017/04692 (42.99%) | loss: 2.871768 | lrm: 1.00 | dt: 233.32ms | tok/sec: 2,247,083 | bf16_mfu: 47.17 | epoch: 1 pq: 22 rg: 40 | total time: 7.87m | eta: 10.5m
step 02018/04692 (43.01%) | loss: 2.894640 | lrm: 1.00 | dt: 234.94ms | tok/sec: 2,231,550 | bf16_mfu: 46.85 | epoch: 1 pq: 22 rg: 40 | total time: 7.87m | eta: 10.5m
step 02019/04692 (43.03%) | loss: 2.897973 | lrm: 1.00 | dt: 232.54ms | tok/sec: 2,254,587 | bf16_mfu: 47.33 | epoch: 1 pq: 22 rg: 40 | total time: 7.87m | eta: 10.5m
step 02020/04692 (43.05%) | loss: 2.889402 | lrm: 1.00 | dt: 232.70ms | tok/sec: 2,253,058 | bf16_mfu: 47.30 | epoch: 1 pq: 22 rg: 40 | total time: 7.88m | eta: 10.5m
step 02021/04692 (43.07%) | loss: 2.886652 | lrm: 1.00 | dt: 233.32ms | tok/sec: 2,247,054 | bf16_mfu: 47.17 | epoch: 1 pq: 22 rg: 48 | total time: 7.88m | eta: 10.5m
step 02022/04692 (43.09%) | loss: 2.886134 | lrm: 1.00 | dt: 235.76ms | tok/sec: 2,223,839 | bf16_mfu: 46.68 | epoch: 1 pq: 22 rg: 48 | total time: 7.89m | eta: 10.5m
step 02023/04692 (43.12%) | loss: 2.888361 | lrm: 1.00 | dt: 235.90ms | tok/sec: 2,222,486 | bf16_mfu: 46.66 | epoch: 1 pq: 22 rg: 48 | total time: 7.89m | eta: 10.5m
step 02024/04692 (43.14%) | loss: 2.895479 | lrm: 1.00 | dt: 232.83ms | tok/sec: 2,251,851 | bf16_mfu: 47.27 | epoch: 1 pq: 22 rg: 48 | total time: 7.89m | eta: 10.5m
step 02025/04692 (43.16%) | loss: 2.905764 | lrm: 1.00 | dt: 233.50ms | tok/sec: 2,245,303 | bf16_mfu: 47.14 | epoch: 1 pq: 22 rg: 48 | total time: 7.90m | eta: 10.5m
step 02026/04692 (43.18%) | loss: 2.908937 | lrm: 1.00 | dt: 233.19ms | tok/sec: 2,248,317 | bf16_mfu: 47.20 | epoch: 1 pq: 22 rg: 48 | total time: 7.90m | eta: 10.4m
step 02027/04692 (43.20%) | loss: 2.903632 | lrm: 1.00 | dt: 235.57ms | tok/sec: 2,225,605 | bf16_mfu: 46.72 | epoch: 1 pq: 22 rg: 48 | total time: 7.91m | eta: 10.4m
step 02028/04692 (43.22%) | loss: 2.906269 | lrm: 1.00 | dt: 233.86ms | tok/sec: 2,241,883 | bf16_mfu: 47.06 | epoch: 1 pq: 22 rg: 48 | total time: 7.91m | eta: 10.4m
step 02029/04692 (43.24%) | loss: 2.900376 | lrm: 1.00 | dt: 232.57ms | tok/sec: 2,254,307 | bf16_mfu: 47.32 | epoch: 1 pq: 22 rg: 56 | total time: 7.91m | eta: 10.4m
step 02030/04692 (43.27%) | loss: 2.894985 | lrm: 1.00 | dt: 236.11ms | tok/sec: 2,220,542 | bf16_mfu: 46.62 | epoch: 1 pq: 22 rg: 56 | total time: 7.92m | eta: 10.4m
step 02031/04692 (43.29%) | loss: 2.903309 | lrm: 1.00 | dt: 235.78ms | tok/sec: 2,223,598 | bf16_mfu: 46.68 | epoch: 1 pq: 22 rg: 56 | total time: 7.92m | eta: 10.4m
step 02032/04692 (43.31%) | loss: 2.901669 | lrm: 1.00 | dt: 233.86ms | tok/sec: 2,241,881 | bf16_mfu: 47.06 | epoch: 1 pq: 22 rg: 56 | total time: 7.93m | eta: 10.4m
step 02033/04692 (43.33%) | loss: 2.896713 | lrm: 1.00 | dt: 233.01ms | tok/sec: 2,250,029 | bf16_mfu: 47.23 | epoch: 1 pq: 22 rg: 56 | total time: 7.93m | eta: 10.4m
step 02034/04692 (43.35%) | loss: 2.899335 | lrm: 1.00 | dt: 232.75ms | tok/sec: 2,252,622 | bf16_mfu: 47.29 | epoch: 1 pq: 22 rg: 56 | total time: 7.93m | eta: 10.4m
step 02035/04692 (43.37%) | loss: 2.907087 | lrm: 1.00 | dt: 235.87ms | tok/sec: 2,222,769 | bf16_mfu: 46.66 | epoch: 1 pq: 22 rg: 56 | total time: 7.94m | eta: 10.4m
step 02036/04692 (43.39%) | loss: 2.905556 | lrm: 1.00 | dt: 234.68ms | tok/sec: 2,234,078 | bf16_mfu: 46.90 | epoch: 1 pq: 22 rg: 56 | total time: 7.94m | eta: 10.4m
step 02037/04692 (43.41%) | loss: 2.905623 | lrm: 1.00 | dt: 232.46ms | tok/sec: 2,255,415 | bf16_mfu: 47.35 | epoch: 1 pq: 22 rg: 56 | total time: 7.94m | eta: 10.4m
step 02038/04692 (43.44%) | loss: 2.903175 | lrm: 1.00 | dt: 234.17ms | tok/sec: 2,238,934 | bf16_mfu: 47.00 | epoch: 1 pq: 22 rg: 64 | total time: 7.95m | eta: 10.4m
step 02039/04692 (43.46%) | loss: 2.897939 | lrm: 1.00 | dt: 234.64ms | tok/sec: 2,234,418 | bf16_mfu: 46.91 | epoch: 1 pq: 22 rg: 64 | total time: 7.95m | eta: 10.4m
step 02040/04692 (43.48%) | loss: 2.893320 | lrm: 1.00 | dt: 233.55ms | tok/sec: 2,244,879 | bf16_mfu: 47.13 | epoch: 1 pq: 22 rg: 64 | total time: 7.96m | eta: 10.4m
step 02041/04692 (43.50%) | loss: 2.891501 | lrm: 1.00 | dt: 234.02ms | tok/sec: 2,240,339 | bf16_mfu: 47.03 | epoch: 1 pq: 22 rg: 64 | total time: 7.96m | eta: 10.4m
step 02042/04692 (43.52%) | loss: 2.885163 | lrm: 1.00 | dt: 233.33ms | tok/sec: 2,246,957 | bf16_mfu: 47.17 | epoch: 1 pq: 22 rg: 64 | total time: 7.96m | eta: 10.4m
step 02043/04692 (43.54%) | loss: 2.885443 | lrm: 1.00 | dt: 235.04ms | tok/sec: 2,230,606 | bf16_mfu: 46.83 | epoch: 1 pq: 22 rg: 64 | total time: 7.97m | eta: 10.4m
step 02044/04692 (43.56%) | loss: 2.888366 | lrm: 1.00 | dt: 233.04ms | tok/sec: 2,249,787 | bf16_mfu: 47.23 | epoch: 1 pq: 22 rg: 64 | total time: 7.97m | eta: 10.4m
step 02045/04692 (43.58%) | loss: 2.894416 | lrm: 1.00 | dt: 232.59ms | tok/sec: 2,254,099 | bf16_mfu: 47.32 | epoch: 1 pq: 22 rg: 64 | total time: 7.98m | eta: 10.4m
step 02046/04692 (43.61%) | loss: 2.894799 | lrm: 1.00 | dt: 232.92ms | tok/sec: 2,250,892 | bf16_mfu: 47.25 | epoch: 1 pq: 22 rg: 72 | total time: 7.98m | eta: 10.4m
step 02047/04692 (43.63%) | loss: 2.886181 | lrm: 1.00 | dt: 234.82ms | tok/sec: 2,232,714 | bf16_mfu: 46.87 | epoch: 1 pq: 22 rg: 72 | total time: 7.98m | eta: 10.4m
step 02048/04692 (43.65%) | loss: 2.880407 | lrm: 1.00 | dt: 234.24ms | tok/sec: 2,238,287 | bf16_mfu: 46.99 | epoch: 1 pq: 22 rg: 72 | total time: 7.99m | eta: 10.4m
step 02049/04692 (43.67%) | loss: 2.869984 | lrm: 1.00 | dt: 233.65ms | tok/sec: 2,243,898 | bf16_mfu: 47.11 | epoch: 1 pq: 22 rg: 72 | total time: 7.99m | eta: 10.4m
step 02050/04692 (43.69%) | loss: 2.871201 | lrm: 1.00 | dt: 233.30ms | tok/sec: 2,247,263 | bf16_mfu: 47.18 | epoch: 1 pq: 22 rg: 72 | total time: 8.00m | eta: 10.4m
step 02051/04692 (43.71%) | loss: 2.875617 | lrm: 1.00 | dt: 233.51ms | tok/sec: 2,245,216 | bf16_mfu: 47.13 | epoch: 1 pq: 22 rg: 72 | total time: 8.00m | eta: 10.4m
step 02052/04692 (43.73%) | loss: 2.885906 | lrm: 1.00 | dt: 234.24ms | tok/sec: 2,238,298 | bf16_mfu: 46.99 | epoch: 1 pq: 22 rg: 72 | total time: 8.00m | eta: 10.3m
step 02053/04692 (43.76%) | loss: 2.886903 | lrm: 1.00 | dt: 233.65ms | tok/sec: 2,243,921 | bf16_mfu: 47.11 | epoch: 1 pq: 22 rg: 72 | total time: 8.01m | eta: 10.3m
step 02054/04692 (43.78%) | loss: 2.882628 | lrm: 1.00 | dt: 235.67ms | tok/sec: 2,224,646 | bf16_mfu: 46.70 | epoch: 1 pq: 22 rg: 80 | total time: 8.01m | eta: 10.3m
step 02055/04692 (43.80%) | loss: 2.880081 | lrm: 1.00 | dt: 234.80ms | tok/sec: 2,232,896 | bf16_mfu: 46.87 | epoch: 1 pq: 22 rg: 80 | total time: 8.01m | eta: 10.3m
step 02056/04692 (43.82%) | loss: 2.877458 | lrm: 1.00 | dt: 234.68ms | tok/sec: 2,234,044 | bf16_mfu: 46.90 | epoch: 1 pq: 22 rg: 80 | total time: 8.02m | eta: 10.3m
step 02057/04692 (43.84%) | loss: 2.883153 | lrm: 1.00 | dt: 232.90ms | tok/sec: 2,251,150 | bf16_mfu: 47.26 | epoch: 1 pq: 22 rg: 80 | total time: 8.02m | eta: 10.3m
step 02058/04692 (43.86%) | loss: 2.878977 | lrm: 1.00 | dt: 235.31ms | tok/sec: 2,228,086 | bf16_mfu: 46.77 | epoch: 1 pq: 22 rg: 80 | total time: 8.03m | eta: 10.3m
step 02059/04692 (43.88%) | loss: 2.881104 | lrm: 1.00 | dt: 234.19ms | tok/sec: 2,238,733 | bf16_mfu: 47.00 | epoch: 1 pq: 22 rg: 80 | total time: 8.03m | eta: 10.3m
step 02060/04692 (43.90%) | loss: 2.878756 | lrm: 1.00 | dt: 234.94ms | tok/sec: 2,231,609 | bf16_mfu: 46.85 | epoch: 1 pq: 22 rg: 80 | total time: 8.03m | eta: 10.3m
step 02061/04692 (43.93%) | loss: 2.869557 | lrm: 1.00 | dt: 232.96ms | tok/sec: 2,250,577 | bf16_mfu: 47.25 | epoch: 1 pq: 22 rg: 80 | total time: 8.04m | eta: 10.3m
step 02062/04692 (43.95%) | loss: 2.863693 | lrm: 1.00 | dt: 233.12ms | tok/sec: 2,249,000 | bf16_mfu: 47.21 | epoch: 1 pq: 23 rg: 0 | total time: 8.04m | eta: 10.3m
step 02063/04692 (43.97%) | loss: 2.859055 | lrm: 1.00 | dt: 236.26ms | tok/sec: 2,219,126 | bf16_mfu: 46.59 | epoch: 1 pq: 23 rg: 0 | total time: 8.05m | eta: 10.3m
step 02064/04692 (43.99%) | loss: 2.867442 | lrm: 1.00 | dt: 237.43ms | tok/sec: 2,208,156 | bf16_mfu: 46.36 | epoch: 1 pq: 23 rg: 0 | total time: 8.05m | eta: 10.3m
step 02065/04692 (44.01%) | loss: 2.867932 | lrm: 1.00 | dt: 236.63ms | tok/sec: 2,215,678 | bf16_mfu: 46.51 | epoch: 1 pq: 23 rg: 0 | total time: 8.05m | eta: 10.3m
step 02066/04692 (44.03%) | loss: 2.855889 | lrm: 1.00 | dt: 234.88ms | tok/sec: 2,232,166 | bf16_mfu: 46.86 | epoch: 1 pq: 23 rg: 0 | total time: 8.06m | eta: 10.3m
step 02067/04692 (44.05%) | loss: 2.858390 | lrm: 1.00 | dt: 233.32ms | tok/sec: 2,247,083 | bf16_mfu: 47.17 | epoch: 1 pq: 23 rg: 0 | total time: 8.06m | eta: 10.3m
step 02068/04692 (44.08%) | loss: 2.855958 | lrm: 1.00 | dt: 234.23ms | tok/sec: 2,238,348 | bf16_mfu: 46.99 | epoch: 1 pq: 23 rg: 0 | total time: 8.07m | eta: 10.3m
step 02069/04692 (44.10%) | loss: 2.859679 | lrm: 1.00 | dt: 234.35ms | tok/sec: 2,237,203 | bf16_mfu: 46.97 | epoch: 1 pq: 23 rg: 0 | total time: 8.07m | eta: 10.3m
step 02070/04692 (44.12%) | loss: 2.866406 | lrm: 1.00 | dt: 235.18ms | tok/sec: 2,229,301 | bf16_mfu: 46.80 | epoch: 1 pq: 23 rg: 8 | total time: 8.07m | eta: 10.3m
step 02071/04692 (44.14%) | loss: 2.871953 | lrm: 1.00 | dt: 231.18ms | tok/sec: 2,267,925 | bf16_mfu: 47.61 | epoch: 1 pq: 23 rg: 8 | total time: 8.08m | eta: 10.3m
step 02072/04692 (44.16%) | loss: 2.860464 | lrm: 1.00 | dt: 233.05ms | tok/sec: 2,249,720 | bf16_mfu: 47.23 | epoch: 1 pq: 23 rg: 8 | total time: 8.08m | eta: 10.3m
step 02073/04692 (44.18%) | loss: 2.866867 | lrm: 1.00 | dt: 237.13ms | tok/sec: 2,210,955 | bf16_mfu: 46.41 | epoch: 1 pq: 23 rg: 8 | total time: 8.09m | eta: 10.3m
step 02074/04692 (44.20%) | loss: 2.862291 | lrm: 1.00 | dt: 234.09ms | tok/sec: 2,239,643 | bf16_mfu: 47.02 | epoch: 1 pq: 23 rg: 8 | total time: 8.09m | eta: 10.3m
step 02075/04692 (44.22%) | loss: 2.863319 | lrm: 1.00 | dt: 233.93ms | tok/sec: 2,241,255 | bf16_mfu: 47.05 | epoch: 1 pq: 23 rg: 8 | total time: 8.09m | eta: 10.3m
step 02076/04692 (44.25%) | loss: 2.868100 | lrm: 1.00 | dt: 232.12ms | tok/sec: 2,258,649 | bf16_mfu: 47.42 | epoch: 1 pq: 23 rg: 8 | total time: 8.10m | eta: 10.3m
step 02077/04692 (44.27%) | loss: 2.867869 | lrm: 1.00 | dt: 236.79ms | tok/sec: 2,214,116 | bf16_mfu: 46.48 | epoch: 1 pq: 23 rg: 8 | total time: 8.10m | eta: 10.2m
step 02078/04692 (44.29%) | loss: 2.862856 | lrm: 1.00 | dt: 235.85ms | tok/sec: 2,223,007 | bf16_mfu: 46.67 | epoch: 1 pq: 23 rg: 16 | total time: 8.10m | eta: 10.2m
step 02079/04692 (44.31%) | loss: 2.861272 | lrm: 1.00 | dt: 233.15ms | tok/sec: 2,248,673 | bf16_mfu: 47.21 | epoch: 1 pq: 23 rg: 16 | total time: 8.11m | eta: 10.2m
step 02080/04692 (44.33%) | loss: 2.859978 | lrm: 1.00 | dt: 232.62ms | tok/sec: 2,253,827 | bf16_mfu: 47.31 | epoch: 1 pq: 23 rg: 16 | total time: 8.11m | eta: 10.2m
step 02081/04692 (44.35%) | loss: 2.855635 | lrm: 1.00 | dt: 232.92ms | tok/sec: 2,250,908 | bf16_mfu: 47.25 | epoch: 1 pq: 23 rg: 16 | total time: 8.12m | eta: 10.2m
step 02082/04692 (44.37%) | loss: 2.852783 | lrm: 1.00 | dt: 234.54ms | tok/sec: 2,235,365 | bf16_mfu: 46.93 | epoch: 1 pq: 23 rg: 16 | total time: 8.12m | eta: 10.2m
step 02083/04692 (44.39%) | loss: 2.843674 | lrm: 1.00 | dt: 233.81ms | tok/sec: 2,242,413 | bf16_mfu: 47.07 | epoch: 1 pq: 23 rg: 16 | total time: 8.12m | eta: 10.2m
step 02084/04692 (44.42%) | loss: 2.845755 | lrm: 1.00 | dt: 233.52ms | tok/sec: 2,245,145 | bf16_mfu: 47.13 | epoch: 1 pq: 23 rg: 16 | total time: 8.13m | eta: 10.2m
step 02085/04692 (44.44%) | loss: 2.839247 | lrm: 1.00 | dt: 234.49ms | tok/sec: 2,235,877 | bf16_mfu: 46.94 | epoch: 1 pq: 23 rg: 16 | total time: 8.13m | eta: 10.2m
step 02086/04692 (44.46%) | loss: 2.828053 | lrm: 1.00 | dt: 234.99ms | tok/sec: 2,231,097 | bf16_mfu: 46.84 | epoch: 1 pq: 23 rg: 16 | total time: 8.14m | eta: 10.2m
step 02087/04692 (44.48%) | loss: 2.835559 | lrm: 1.00 | dt: 234.86ms | tok/sec: 2,232,297 | bf16_mfu: 46.86 | epoch: 1 pq: 23 rg: 24 | total time: 8.14m | eta: 10.2m
step 02088/04692 (44.50%) | loss: 2.835872 | lrm: 1.00 | dt: 232.96ms | tok/sec: 2,250,595 | bf16_mfu: 47.25 | epoch: 1 pq: 23 rg: 24 | total time: 8.14m | eta: 10.2m
step 02089/04692 (44.52%) | loss: 2.829280 | lrm: 1.00 | dt: 233.70ms | tok/sec: 2,243,402 | bf16_mfu: 47.10 | epoch: 1 pq: 23 rg: 24 | total time: 8.15m | eta: 10.2m
step 02090/04692 (44.54%) | loss: 2.836870 | lrm: 1.00 | dt: 235.23ms | tok/sec: 2,228,876 | bf16_mfu: 46.79 | epoch: 1 pq: 23 rg: 24 | total time: 8.15m | eta: 10.2m
step 02091/04692 (44.57%) | loss: 2.845531 | lrm: 1.00 | dt: 234.18ms | tok/sec: 2,238,868 | bf16_mfu: 47.00 | epoch: 1 pq: 23 rg: 24 | total time: 8.16m | eta: 10.2m
step 02092/04692 (44.59%) | loss: 2.846611 | lrm: 1.00 | dt: 234.39ms | tok/sec: 2,236,839 | bf16_mfu: 46.96 | epoch: 1 pq: 23 rg: 24 | total time: 8.16m | eta: 10.2m
step 02093/04692 (44.61%) | loss: 2.843886 | lrm: 1.00 | dt: 232.72ms | tok/sec: 2,252,845 | bf16_mfu: 47.29 | epoch: 1 pq: 23 rg: 24 | total time: 8.16m | eta: 10.2m
step 02094/04692 (44.63%) | loss: 2.844824 | lrm: 1.00 | dt: 236.06ms | tok/sec: 2,220,991 | bf16_mfu: 46.62 | epoch: 1 pq: 23 rg: 24 | total time: 8.17m | eta: 10.2m
step 02095/04692 (44.65%) | loss: 2.842171 | lrm: 1.00 | dt: 234.04ms | tok/sec: 2,240,141 | bf16_mfu: 47.03 | epoch: 1 pq: 23 rg: 32 | total time: 8.17m | eta: 10.2m
step 02096/04692 (44.67%) | loss: 2.829279 | lrm: 1.00 | dt: 233.19ms | tok/sec: 2,248,324 | bf16_mfu: 47.20 | epoch: 1 pq: 23 rg: 32 | total time: 8.17m | eta: 10.2m
step 02097/04692 (44.69%) | loss: 2.832445 | lrm: 1.00 | dt: 233.54ms | tok/sec: 2,244,927 | bf16_mfu: 47.13 | epoch: 1 pq: 23 rg: 32 | total time: 8.18m | eta: 10.2m
step 02098/04692 (44.71%) | loss: 2.836742 | lrm: 1.00 | dt: 236.50ms | tok/sec: 2,216,873 | bf16_mfu: 46.54 | epoch: 1 pq: 23 rg: 32 | total time: 8.18m | eta: 10.2m
step 02099/04692 (44.74%) | loss: 2.838448 | lrm: 1.00 | dt: 234.34ms | tok/sec: 2,237,310 | bf16_mfu: 46.97 | epoch: 1 pq: 23 rg: 32 | total time: 8.19m | eta: 10.2m
step 02100/04692 (44.76%) | loss: 2.842208 | lrm: 1.00 | dt: 233.98ms | tok/sec: 2,240,773 | bf16_mfu: 47.04 | epoch: 1 pq: 23 rg: 32 | total time: 8.19m | eta: 10.2m
step 02101/04692 (44.78%) | loss: 2.838595 | lrm: 1.00 | dt: 232.25ms | tok/sec: 2,257,415 | bf16_mfu: 47.39 | epoch: 1 pq: 23 rg: 32 | total time: 8.19m | eta: 10.2m
step 02102/04692 (44.80%) | loss: 2.842054 | lrm: 1.00 | dt: 233.84ms | tok/sec: 2,242,093 | bf16_mfu: 47.07 | epoch: 1 pq: 23 rg: 32 | total time: 8.20m | eta: 10.2m
step 02103/04692 (44.82%) | loss: 2.843326 | lrm: 1.00 | dt: 233.84ms | tok/sec: 2,242,119 | bf16_mfu: 47.07 | epoch: 1 pq: 23 rg: 40 | total time: 8.20m | eta: 10.1m
step 02104/04692 (44.84%) | loss: 2.852414 | lrm: 1.00 | dt: 233.08ms | tok/sec: 2,249,398 | bf16_mfu: 47.22 | epoch: 1 pq: 23 rg: 40 | total time: 8.21m | eta: 10.1m
step 02105/04692 (44.86%) | loss: 2.851930 | lrm: 1.00 | dt: 232.83ms | tok/sec: 2,251,828 | bf16_mfu: 47.27 | epoch: 1 pq: 23 rg: 40 | total time: 8.21m | eta: 10.1m
step 02106/04692 (44.88%) | loss: 2.848094 | lrm: 1.00 | dt: 234.99ms | tok/sec: 2,231,061 | bf16_mfu: 46.84 | epoch: 1 pq: 23 rg: 40 | total time: 8.21m | eta: 10.1m
step 02107/04692 (44.91%) | loss: 2.853618 | lrm: 1.00 | dt: 234.25ms | tok/sec: 2,238,157 | bf16_mfu: 46.99 | epoch: 1 pq: 23 rg: 40 | total time: 8.22m | eta: 10.1m
step 02108/04692 (44.93%) | loss: 2.858265 | lrm: 1.00 | dt: 234.42ms | tok/sec: 2,236,545 | bf16_mfu: 46.95 | epoch: 1 pq: 23 rg: 40 | total time: 8.22m | eta: 10.1m
step 02109/04692 (44.95%) | loss: 2.861347 | lrm: 1.00 | dt: 232.05ms | tok/sec: 2,259,375 | bf16_mfu: 47.43 | epoch: 1 pq: 23 rg: 40 | total time: 8.23m | eta: 10.1m
step 02110/04692 (44.97%) | loss: 2.866689 | lrm: 1.00 | dt: 234.79ms | tok/sec: 2,232,996 | bf16_mfu: 46.88 | epoch: 1 pq: 23 rg: 40 | total time: 8.23m | eta: 10.1m
step 02111/04692 (44.99%) | loss: 2.865733 | lrm: 1.00 | dt: 232.89ms | tok/sec: 2,251,185 | bf16_mfu: 47.26 | epoch: 1 pq: 23 rg: 40 | total time: 8.23m | eta: 10.1m
step 02112/04692 (45.01%) | loss: 2.865129 | lrm: 1.00 | dt: 235.36ms | tok/sec: 2,227,630 | bf16_mfu: 46.76 | epoch: 1 pq: 23 rg: 48 | total time: 8.24m | eta: 10.1m
step 02113/04692 (45.03%) | loss: 2.871178 | lrm: 1.00 | dt: 232.68ms | tok/sec: 2,253,215 | bf16_mfu: 47.30 | epoch: 1 pq: 23 rg: 48 | total time: 8.24m | eta: 10.1m
step 02114/04692 (45.06%) | loss: 2.871581 | lrm: 1.00 | dt: 234.72ms | tok/sec: 2,233,715 | bf16_mfu: 46.89 | epoch: 1 pq: 23 rg: 48 | total time: 8.25m | eta: 10.1m
step 02115/04692 (45.08%) | loss: 2.881856 | lrm: 1.00 | dt: 234.96ms | tok/sec: 2,231,432 | bf16_mfu: 46.84 | epoch: 1 pq: 23 rg: 48 | total time: 8.25m | eta: 10.1m
step 02116/04692 (45.10%) | loss: 2.877828 | lrm: 1.00 | dt: 233.88ms | tok/sec: 2,241,712 | bf16_mfu: 47.06 | epoch: 1 pq: 23 rg: 48 | total time: 8.25m | eta: 10.1m
step 02117/04692 (45.12%) | loss: 2.881116 | lrm: 1.00 | dt: 232.71ms | tok/sec: 2,252,989 | bf16_mfu: 47.30 | epoch: 1 pq: 23 rg: 48 | total time: 8.26m | eta: 10.1m
step 02118/04692 (45.14%) | loss: 2.879159 | lrm: 1.00 | dt: 233.74ms | tok/sec: 2,242,997 | bf16_mfu: 47.09 | epoch: 1 pq: 23 rg: 48 | total time: 8.26m | eta: 10.1m
step 02119/04692 (45.16%) | loss: 2.884709 | lrm: 1.00 | dt: 234.43ms | tok/sec: 2,236,422 | bf16_mfu: 46.95 | epoch: 1 pq: 23 rg: 48 | total time: 8.26m | eta: 10.1m
step 02120/04692 (45.18%) | loss: 2.882987 | lrm: 1.00 | dt: 234.85ms | tok/sec: 2,232,467 | bf16_mfu: 46.87 | epoch: 1 pq: 23 rg: 56 | total time: 8.27m | eta: 10.1m
step 02121/04692 (45.20%) | loss: 2.890049 | lrm: 1.00 | dt: 231.44ms | tok/sec: 2,265,308 | bf16_mfu: 47.56 | epoch: 1 pq: 23 rg: 56 | total time: 8.27m | eta: 10.1m
step 02122/04692 (45.23%) | loss: 2.883815 | lrm: 1.00 | dt: 233.36ms | tok/sec: 2,246,675 | bf16_mfu: 47.16 | epoch: 1 pq: 23 rg: 56 | total time: 8.28m | eta: 10.1m
step 02123/04692 (45.25%) | loss: 2.885781 | lrm: 1.00 | dt: 234.24ms | tok/sec: 2,238,278 | bf16_mfu: 46.99 | epoch: 1 pq: 23 rg: 56 | total time: 8.28m | eta: 10.1m
step 02124/04692 (45.27%) | loss: 2.882065 | lrm: 1.00 | dt: 234.99ms | tok/sec: 2,231,102 | bf16_mfu: 46.84 | epoch: 1 pq: 23 rg: 56 | total time: 8.28m | eta: 10.1m
step 02125/04692 (45.29%) | loss: 2.878688 | lrm: 1.00 | dt: 232.43ms | tok/sec: 2,255,653 | bf16_mfu: 47.35 | epoch: 1 pq: 23 rg: 56 | total time: 8.29m | eta: 10.1m
step 02126/04692 (45.31%) | loss: 2.882045 | lrm: 1.00 | dt: 234.89ms | tok/sec: 2,232,039 | bf16_mfu: 46.86 | epoch: 1 pq: 23 rg: 56 | total time: 8.29m | eta: 10.1m
step 02127/04692 (45.33%) | loss: 2.882919 | lrm: 1.00 | dt: 235.19ms | tok/sec: 2,229,213 | bf16_mfu: 46.80 | epoch: 1 pq: 23 rg: 56 | total time: 8.30m | eta: 10.1m
step 02128/04692 (45.35%) | loss: 2.882726 | lrm: 1.00 | dt: 233.46ms | tok/sec: 2,245,697 | bf16_mfu: 47.14 | epoch: 1 pq: 23 rg: 64 | total time: 8.30m | eta: 10.0m
step 02129/04692 (45.38%) | loss: 2.875705 | lrm: 1.00 | dt: 233.32ms | tok/sec: 2,247,060 | bf16_mfu: 47.17 | epoch: 1 pq: 23 rg: 64 | total time: 8.30m | eta: 10.0m
step 02130/04692 (45.40%) | loss: 2.869895 | lrm: 1.00 | dt: 234.11ms | tok/sec: 2,239,511 | bf16_mfu: 47.01 | epoch: 1 pq: 23 rg: 64 | total time: 8.31m | eta: 10.0m
step 02131/04692 (45.42%) | loss: 2.869291 | lrm: 1.00 | dt: 235.10ms | tok/sec: 2,230,020 | bf16_mfu: 46.81 | epoch: 1 pq: 23 rg: 64 | total time: 8.31m | eta: 10.0m
step 02132/04692 (45.44%) | loss: 2.869711 | lrm: 1.00 | dt: 234.22ms | tok/sec: 2,238,487 | bf16_mfu: 46.99 | epoch: 1 pq: 23 rg: 64 | total time: 8.32m | eta: 10.0m
step 02133/04692 (45.46%) | loss: 2.862185 | lrm: 1.00 | dt: 232.66ms | tok/sec: 2,253,411 | bf16_mfu: 47.31 | epoch: 1 pq: 23 rg: 64 | total time: 8.32m | eta: 10.0m
step 02134/04692 (45.48%) | loss: 2.860754 | lrm: 1.00 | dt: 233.16ms | tok/sec: 2,248,639 | bf16_mfu: 47.21 | epoch: 1 pq: 23 rg: 64 | total time: 8.32m | eta: 10.0m
step 02135/04692 (45.50%) | loss: 2.865767 | lrm: 1.00 | dt: 234.61ms | tok/sec: 2,234,725 | bf16_mfu: 46.91 | epoch: 1 pq: 23 rg: 64 | total time: 8.33m | eta: 10.0m
step 02136/04692 (45.52%) | loss: 2.861757 | lrm: 1.00 | dt: 234.53ms | tok/sec: 2,235,477 | bf16_mfu: 46.93 | epoch: 1 pq: 23 rg: 72 | total time: 8.33m | eta: 10.0m
step 02137/04692 (45.55%) | loss: 2.865452 | lrm: 1.00 | dt: 231.50ms | tok/sec: 2,264,769 | bf16_mfu: 47.54 | epoch: 1 pq: 23 rg: 72 | total time: 8.33m | eta: 10.0m
step 02138/04692 (45.57%) | loss: 2.865247 | lrm: 1.00 | dt: 234.92ms | tok/sec: 2,231,794 | bf16_mfu: 46.85 | epoch: 1 pq: 23 rg: 72 | total time: 8.34m | eta: 10.0m
step 02139/04692 (45.59%) | loss: 2.868959 | lrm: 1.00 | dt: 235.13ms | tok/sec: 2,229,783 | bf16_mfu: 46.81 | epoch: 1 pq: 23 rg: 72 | total time: 8.34m | eta: 10.0m
step 02140/04692 (45.61%) | loss: 2.863969 | lrm: 1.00 | dt: 234.22ms | tok/sec: 2,238,430 | bf16_mfu: 46.99 | epoch: 1 pq: 23 rg: 72 | total time: 8.35m | eta: 10.0m
step 02141/04692 (45.63%) | loss: 2.874032 | lrm: 1.00 | dt: 231.38ms | tok/sec: 2,265,898 | bf16_mfu: 47.57 | epoch: 1 pq: 23 rg: 72 | total time: 8.35m | eta: 10.0m
step 02142/04692 (45.65%) | loss: 2.862306 | lrm: 1.00 | dt: 235.57ms | tok/sec: 2,225,610 | bf16_mfu: 46.72 | epoch: 1 pq: 23 rg: 72 | total time: 8.35m | eta: 10.0m
step 02143/04692 (45.67%) | loss: 2.848013 | lrm: 1.00 | dt: 234.80ms | tok/sec: 2,232,918 | bf16_mfu: 46.88 | epoch: 1 pq: 23 rg: 72 | total time: 8.36m | eta: 10.0m
step 02144/04692 (45.69%) | loss: 2.851405 | lrm: 1.00 | dt: 235.75ms | tok/sec: 2,223,920 | bf16_mfu: 46.69 | epoch: 1 pq: 23 rg: 72 | total time: 8.36m | eta: 10.0m
step 02145/04692 (45.72%) | loss: 2.861817 | lrm: 1.00 | dt: 233.17ms | tok/sec: 2,248,519 | bf16_mfu: 47.20 | epoch: 1 pq: 23 rg: 80 | total time: 8.37m | eta: 10.0m
step 02146/04692 (45.74%) | loss: 2.853946 | lrm: 1.00 | dt: 232.14ms | tok/sec: 2,258,514 | bf16_mfu: 47.41 | epoch: 1 pq: 23 rg: 80 | total time: 8.37m | eta: 10.0m
step 02147/04692 (45.76%) | loss: 2.855083 | lrm: 1.00 | dt: 233.45ms | tok/sec: 2,245,851 | bf16_mfu: 47.15 | epoch: 1 pq: 23 rg: 80 | total time: 8.37m | eta: 10.0m
step 02148/04692 (45.78%) | loss: 2.850263 | lrm: 1.00 | dt: 234.04ms | tok/sec: 2,240,166 | bf16_mfu: 47.03 | epoch: 1 pq: 23 rg: 80 | total time: 8.38m | eta: 10.0m
step 02149/04692 (45.80%) | loss: 2.857805 | lrm: 1.00 | dt: 233.03ms | tok/sec: 2,249,863 | bf16_mfu: 47.23 | epoch: 1 pq: 23 rg: 80 | total time: 8.38m | eta: 10.0m
step 02150/04692 (45.82%) | loss: 2.855165 | lrm: 1.00 | dt: 235.22ms | tok/sec: 2,228,906 | bf16_mfu: 46.79 | epoch: 1 pq: 23 rg: 80 | total time: 8.39m | eta: 10.0m
step 02151/04692 (45.84%) | loss: 2.860919 | lrm: 1.00 | dt: 234.25ms | tok/sec: 2,238,136 | bf16_mfu: 46.98 | epoch: 1 pq: 23 rg: 80 | total time: 8.39m | eta: 10.0m
step 02152/04692 (45.87%) | loss: 2.859092 | lrm: 1.00 | dt: 233.30ms | tok/sec: 2,247,283 | bf16_mfu: 47.18 | epoch: 1 pq: 23 rg: 80 | total time: 8.39m | eta: 10.0m
step 02153/04692 (45.89%) | loss: 2.859931 | lrm: 1.00 | dt: 234.01ms | tok/sec: 2,240,471 | bf16_mfu: 47.03 | epoch: 1 pq: 24 rg: 0 | total time: 8.40m | eta: 9.9m
step 02154/04692 (45.91%) | loss: 2.865607 | lrm: 1.00 | dt: 237.45ms | tok/sec: 2,207,961 | bf16_mfu: 46.35 | epoch: 1 pq: 24 rg: 0 | total time: 8.40m | eta: 9.9m
step 02155/04692 (45.93%) | loss: 2.867881 | lrm: 1.00 | dt: 235.11ms | tok/sec: 2,229,927 | bf16_mfu: 46.81 | epoch: 1 pq: 24 rg: 0 | total time: 8.41m | eta: 9.9m
step 02156/04692 (45.95%) | loss: 2.852509 | lrm: 1.00 | dt: 234.27ms | tok/sec: 2,237,988 | bf16_mfu: 46.98 | epoch: 1 pq: 24 rg: 0 | total time: 8.41m | eta: 9.9m
step 02157/04692 (45.97%) | loss: 2.863064 | lrm: 1.00 | dt: 231.97ms | tok/sec: 2,260,128 | bf16_mfu: 47.45 | epoch: 1 pq: 24 rg: 0 | total time: 8.41m | eta: 9.9m
step 02158/04692 (45.99%) | loss: 2.870035 | lrm: 1.00 | dt: 234.27ms | tok/sec: 2,237,954 | bf16_mfu: 46.98 | epoch: 1 pq: 24 rg: 0 | total time: 8.42m | eta: 9.9m
step 02159/04692 (46.01%) | loss: 2.865979 | lrm: 1.00 | dt: 235.96ms | tok/sec: 2,221,971 | bf16_mfu: 46.65 | epoch: 1 pq: 24 rg: 0 | total time: 8.42m | eta: 9.9m
step 02160/04692 (46.04%) | loss: 2.858814 | lrm: 1.00 | dt: 234.43ms | tok/sec: 2,236,445 | bf16_mfu: 46.95 | epoch: 1 pq: 24 rg: 0 | total time: 8.42m | eta: 9.9m
step 02161/04692 (46.06%) | loss: 2.848004 | lrm: 1.00 | dt: 233.94ms | tok/sec: 2,241,168 | bf16_mfu: 47.05 | epoch: 1 pq: 24 rg: 0 | total time: 8.43m | eta: 9.9m
step 02162/04692 (46.08%) | loss: 2.856465 | lrm: 1.00 | dt: 233.83ms | tok/sec: 2,242,201 | bf16_mfu: 47.07 | epoch: 1 pq: 24 rg: 8 | total time: 8.43m | eta: 9.9m
step 02163/04692 (46.10%) | loss: 2.855056 | lrm: 1.00 | dt: 235.21ms | tok/sec: 2,229,050 | bf16_mfu: 46.79 | epoch: 1 pq: 24 rg: 8 | total time: 8.44m | eta: 9.9m
step 02164/04692 (46.12%) | loss: 2.841378 | lrm: 1.00 | dt: 234.75ms | tok/sec: 2,233,390 | bf16_mfu: 46.89 | epoch: 1 pq: 24 rg: 8 | total time: 8.44m | eta: 9.9m
step 02165/04692 (46.14%) | loss: 2.842127 | lrm: 1.00 | dt: 233.00ms | tok/sec: 2,250,144 | bf16_mfu: 47.24 | epoch: 1 pq: 24 rg: 8 | total time: 8.44m | eta: 9.9m
step 02166/04692 (46.16%) | loss: 2.850300 | lrm: 1.00 | dt: 234.00ms | tok/sec: 2,240,529 | bf16_mfu: 47.04 | epoch: 1 pq: 24 rg: 8 | total time: 8.45m | eta: 9.9m
step 02167/04692 (46.18%) | loss: 2.860549 | lrm: 1.00 | dt: 234.95ms | tok/sec: 2,231,443 | bf16_mfu: 46.84 | epoch: 1 pq: 24 rg: 8 | total time: 8.45m | eta: 9.9m
step 02168/04692 (46.21%) | loss: 2.859563 | lrm: 1.00 | dt: 234.23ms | tok/sec: 2,238,303 | bf16_mfu: 46.99 | epoch: 1 pq: 24 rg: 8 | total time: 8.46m | eta: 9.9m
step 02169/04692 (46.23%) | loss: 2.868033 | lrm: 1.00 | dt: 233.87ms | tok/sec: 2,241,771 | bf16_mfu: 47.06 | epoch: 1 pq: 24 rg: 8 | total time: 8.46m | eta: 9.9m
step 02170/04692 (46.25%) | loss: 2.856531 | lrm: 1.00 | dt: 236.52ms | tok/sec: 2,216,708 | bf16_mfu: 46.54 | epoch: 1 pq: 24 rg: 16 | total time: 8.46m | eta: 9.9m
step 02171/04692 (46.27%) | loss: 2.858267 | lrm: 1.00 | dt: 232.75ms | tok/sec: 2,252,569 | bf16_mfu: 47.29 | epoch: 1 pq: 24 rg: 16 | total time: 8.47m | eta: 9.9m
step 02172/04692 (46.29%) | loss: 2.853595 | lrm: 1.00 | dt: 235.32ms | tok/sec: 2,227,978 | bf16_mfu: 46.77 | epoch: 1 pq: 24 rg: 16 | total time: 8.47m | eta: 9.9m
step 02173/04692 (46.31%) | loss: 2.857755 | lrm: 1.00 | dt: 235.17ms | tok/sec: 2,229,405 | bf16_mfu: 46.80 | epoch: 1 pq: 24 rg: 16 | total time: 8.48m | eta: 9.9m
step 02174/04692 (46.33%) | loss: 2.857096 | lrm: 1.00 | dt: 234.12ms | tok/sec: 2,239,365 | bf16_mfu: 47.01 | epoch: 1 pq: 24 rg: 16 | total time: 8.48m | eta: 9.9m
step 02175/04692 (46.36%) | loss: 2.844038 | lrm: 1.00 | dt: 233.04ms | tok/sec: 2,249,755 | bf16_mfu: 47.23 | epoch: 1 pq: 24 rg: 16 | total time: 8.48m | eta: 9.9m
step 02176/04692 (46.38%) | loss: 2.834634 | lrm: 1.00 | dt: 234.30ms | tok/sec: 2,237,692 | bf16_mfu: 46.98 | epoch: 1 pq: 24 rg: 16 | total time: 8.49m | eta: 9.9m
step 02177/04692 (46.40%) | loss: 2.835643 | lrm: 1.00 | dt: 235.10ms | tok/sec: 2,230,101 | bf16_mfu: 46.82 | epoch: 1 pq: 24 rg: 16 | total time: 8.49m | eta: 9.9m
step 02178/04692 (46.42%) | loss: 2.833781 | lrm: 1.00 | dt: 233.36ms | tok/sec: 2,246,737 | bf16_mfu: 47.17 | epoch: 1 pq: 24 rg: 24 | total time: 8.49m | eta: 9.9m
step 02179/04692 (46.44%) | loss: 2.843054 | lrm: 1.00 | dt: 233.16ms | tok/sec: 2,248,584 | bf16_mfu: 47.20 | epoch: 1 pq: 24 rg: 24 | total time: 8.50m | eta: 9.8m
step 02180/04692 (46.46%) | loss: 2.852176 | lrm: 1.00 | dt: 234.15ms | tok/sec: 2,239,116 | bf16_mfu: 47.01 | epoch: 1 pq: 24 rg: 24 | total time: 8.50m | eta: 9.8m
step 02181/04692 (46.48%) | loss: 2.856583 | lrm: 1.00 | dt: 234.51ms | tok/sec: 2,235,677 | bf16_mfu: 46.93 | epoch: 1 pq: 24 rg: 24 | total time: 8.51m | eta: 9.8m
step 02182/04692 (46.50%) | loss: 2.858918 | lrm: 1.00 | dt: 233.38ms | tok/sec: 2,246,519 | bf16_mfu: 47.16 | epoch: 1 pq: 24 rg: 24 | total time: 8.51m | eta: 9.8m
step 02183/04692 (46.53%) | loss: 2.857327 | lrm: 1.00 | dt: 233.53ms | tok/sec: 2,245,069 | bf16_mfu: 47.13 | epoch: 1 pq: 24 rg: 24 | total time: 8.51m | eta: 9.8m
step 02184/04692 (46.55%) | loss: 2.852124 | lrm: 1.00 | dt: 233.33ms | tok/sec: 2,247,019 | bf16_mfu: 47.17 | epoch: 1 pq: 24 rg: 24 | total time: 8.52m | eta: 9.8m
step 02185/04692 (46.57%) | loss: 2.851402 | lrm: 1.00 | dt: 234.41ms | tok/sec: 2,236,595 | bf16_mfu: 46.95 | epoch: 1 pq: 24 rg: 24 | total time: 8.52m | eta: 9.8m
step 02186/04692 (46.59%) | loss: 2.850389 | lrm: 1.00 | dt: 232.99ms | tok/sec: 2,250,282 | bf16_mfu: 47.24 | epoch: 1 pq: 24 rg: 24 | total time: 8.53m | eta: 9.8m
step 02187/04692 (46.61%) | loss: 2.858952 | lrm: 1.00 | dt: 231.96ms | tok/sec: 2,260,220 | bf16_mfu: 47.45 | epoch: 1 pq: 24 rg: 32 | total time: 8.53m | eta: 9.8m
step 02188/04692 (46.63%) | loss: 2.860351 | lrm: 1.00 | dt: 235.68ms | tok/sec: 2,224,621 | bf16_mfu: 46.70 | epoch: 1 pq: 24 rg: 32 | total time: 8.53m | eta: 9.8m
step 02189/04692 (46.65%) | loss: 2.856319 | lrm: 1.00 | dt: 234.80ms | tok/sec: 2,232,941 | bf16_mfu: 46.88 | epoch: 1 pq: 24 rg: 32 | total time: 8.54m | eta: 9.8m
step 02190/04692 (46.68%) | loss: 2.852577 | lrm: 1.00 | dt: 234.80ms | tok/sec: 2,232,959 | bf16_mfu: 46.88 | epoch: 1 pq: 24 rg: 32 | total time: 8.54m | eta: 9.8m
step 02191/04692 (46.70%) | loss: 2.855715 | lrm: 1.00 | dt: 232.40ms | tok/sec: 2,255,984 | bf16_mfu: 47.36 | epoch: 1 pq: 24 rg: 32 | total time: 8.55m | eta: 9.8m
step 02192/04692 (46.72%) | loss: 2.859092 | lrm: 1.00 | dt: 234.29ms | tok/sec: 2,237,767 | bf16_mfu: 46.98 | epoch: 1 pq: 24 rg: 32 | total time: 8.55m | eta: 9.8m
step 02193/04692 (46.74%) | loss: 2.857498 | lrm: 1.00 | dt: 233.73ms | tok/sec: 2,243,139 | bf16_mfu: 47.09 | epoch: 1 pq: 24 rg: 32 | total time: 8.55m | eta: 9.8m
step 02194/04692 (46.76%) | loss: 2.861510 | lrm: 1.00 | dt: 235.44ms | tok/sec: 2,226,802 | bf16_mfu: 46.75 | epoch: 1 pq: 24 rg: 32 | total time: 8.56m | eta: 9.8m
step 02195/04692 (46.78%) | loss: 2.865869 | lrm: 1.00 | dt: 232.81ms | tok/sec: 2,252,024 | bf16_mfu: 47.28 | epoch: 1 pq: 24 rg: 40 | total time: 8.56m | eta: 9.8m
step 02196/04692 (46.80%) | loss: 2.862401 | lrm: 1.00 | dt: 234.67ms | tok/sec: 2,234,175 | bf16_mfu: 46.90 | epoch: 1 pq: 24 rg: 40 | total time: 8.57m | eta: 9.8m
step 02197/04692 (46.82%) | loss: 2.862275 | lrm: 1.00 | dt: 234.30ms | tok/sec: 2,237,724 | bf16_mfu: 46.98 | epoch: 1 pq: 24 rg: 40 | total time: 8.57m | eta: 9.8m
step 02198/04692 (46.85%) | loss: 2.863973 | lrm: 1.00 | dt: 234.34ms | tok/sec: 2,237,335 | bf16_mfu: 46.97 | epoch: 1 pq: 24 rg: 40 | total time: 8.57m | eta: 9.8m
step 02199/04692 (46.87%) | loss: 2.870149 | lrm: 1.00 | dt: 232.32ms | tok/sec: 2,256,790 | bf16_mfu: 47.38 | epoch: 1 pq: 24 rg: 40 | total time: 8.58m | eta: 9.8m
step 02200/04692 (46.89%) | loss: 2.870219 | lrm: 1.00 | dt: 235.85ms | tok/sec: 2,222,939 | bf16_mfu: 46.67 | epoch: 1 pq: 24 rg: 40 | total time: 8.58m | eta: 9.8m
step 02201/04692 (46.91%) | loss: 2.875398 | lrm: 1.00 | dt: 234.74ms | tok/sec: 2,233,476 | bf16_mfu: 46.89 | epoch: 1 pq: 24 rg: 40 | total time: 8.58m | eta: 9.8m
step 02202/04692 (46.93%) | loss: 2.873506 | lrm: 1.00 | dt: 233.69ms | tok/sec: 2,243,507 | bf16_mfu: 47.10 | epoch: 1 pq: 24 rg: 40 | total time: 8.59m | eta: 9.8m
step 02203/04692 (46.95%) | loss: 2.875756 | lrm: 1.00 | dt: 233.33ms | tok/sec: 2,246,948 | bf16_mfu: 47.17 | epoch: 1 pq: 24 rg: 48 | total time: 8.59m | eta: 9.8m
step 02204/04692 (46.97%) | loss: 2.892215 | lrm: 1.00 | dt: 234.26ms | tok/sec: 2,238,057 | bf16_mfu: 46.98 | epoch: 1 pq: 24 rg: 48 | total time: 8.60m | eta: 9.7m
step 02205/04692 (46.99%) | loss: 2.887615 | lrm: 1.00 | dt: 234.39ms | tok/sec: 2,236,798 | bf16_mfu: 46.96 | epoch: 1 pq: 24 rg: 48 | total time: 8.60m | eta: 9.7m
step 02206/04692 (47.02%) | loss: 2.874788 | lrm: 1.00 | dt: 234.22ms | tok/sec: 2,238,426 | bf16_mfu: 46.99 | epoch: 1 pq: 24 rg: 48 | total time: 8.60m | eta: 9.7m
step 02207/04692 (47.04%) | loss: 2.858668 | lrm: 1.00 | dt: 232.65ms | tok/sec: 2,253,536 | bf16_mfu: 47.31 | epoch: 1 pq: 24 rg: 48 | total time: 8.61m | eta: 9.7m
step 02208/04692 (47.06%) | loss: 2.865336 | lrm: 1.00 | dt: 233.31ms | tok/sec: 2,247,210 | bf16_mfu: 47.18 | epoch: 1 pq: 24 rg: 48 | total time: 8.61m | eta: 9.7m
step 02209/04692 (47.08%) | loss: 2.862974 | lrm: 1.00 | dt: 234.61ms | tok/sec: 2,234,711 | bf16_mfu: 46.91 | epoch: 1 pq: 24 rg: 48 | total time: 8.62m | eta: 9.7m
step 02210/04692 (47.10%) | loss: 2.843930 | lrm: 1.00 | dt: 233.15ms | tok/sec: 2,248,717 | bf16_mfu: 47.21 | epoch: 1 pq: 24 rg: 48 | total time: 8.62m | eta: 9.7m
step 02211/04692 (47.12%) | loss: 2.851608 | lrm: 1.00 | dt: 233.38ms | tok/sec: 2,246,530 | bf16_mfu: 47.16 | epoch: 1 pq: 24 rg: 48 | total time: 8.62m | eta: 9.7m
step 02212/04692 (47.14%) | loss: 2.848144 | lrm: 1.00 | dt: 233.36ms | tok/sec: 2,246,737 | bf16_mfu: 47.17 | epoch: 1 pq: 24 rg: 56 | total time: 8.63m | eta: 9.7m
step 02213/04692 (47.17%) | loss: 2.849394 | lrm: 1.00 | dt: 232.90ms | tok/sec: 2,251,155 | bf16_mfu: 47.26 | epoch: 1 pq: 24 rg: 56 | total time: 8.63m | eta: 9.7m
step 02214/04692 (47.19%) | loss: 2.849635 | lrm: 1.00 | dt: 233.77ms | tok/sec: 2,242,761 | bf16_mfu: 47.08 | epoch: 1 pq: 24 rg: 56 | total time: 8.64m | eta: 9.7m
step 02215/04692 (47.21%) | loss: 2.854991 | lrm: 1.00 | dt: 233.55ms | tok/sec: 2,244,851 | bf16_mfu: 47.13 | epoch: 1 pq: 24 rg: 56 | total time: 8.64m | eta: 9.7m
step 02216/04692 (47.23%) | loss: 2.853793 | lrm: 1.00 | dt: 235.06ms | tok/sec: 2,230,405 | bf16_mfu: 46.82 | epoch: 1 pq: 24 rg: 56 | total time: 8.64m | eta: 9.7m
step 02217/04692 (47.25%) | loss: 2.858802 | lrm: 1.00 | dt: 234.02ms | tok/sec: 2,240,323 | bf16_mfu: 47.03 | epoch: 1 pq: 24 rg: 56 | total time: 8.65m | eta: 9.7m
step 02218/04692 (47.27%) | loss: 2.864539 | lrm: 1.00 | dt: 232.25ms | tok/sec: 2,257,471 | bf16_mfu: 47.39 | epoch: 1 pq: 24 rg: 56 | total time: 8.65m | eta: 9.7m
step 02219/04692 (47.29%) | loss: 2.849223 | lrm: 1.00 | dt: 233.09ms | tok/sec: 2,249,255 | bf16_mfu: 47.22 | epoch: 1 pq: 24 rg: 56 | total time: 8.65m | eta: 9.7m
step 02220/04692 (47.31%) | loss: 2.847640 | lrm: 1.00 | dt: 236.48ms | tok/sec: 2,217,056 | bf16_mfu: 46.54 | epoch: 1 pq: 24 rg: 64 | total time: 8.66m | eta: 9.7m
step 02221/04692 (47.34%) | loss: 2.844438 | lrm: 1.00 | dt: 235.46ms | tok/sec: 2,226,665 | bf16_mfu: 46.74 | epoch: 1 pq: 24 rg: 64 | total time: 8.66m | eta: 9.7m
step 02222/04692 (47.36%) | loss: 2.843277 | lrm: 1.00 | dt: 232.97ms | tok/sec: 2,250,489 | bf16_mfu: 47.24 | epoch: 1 pq: 24 rg: 64 | total time: 8.67m | eta: 9.7m
step 02223/04692 (47.38%) | loss: 2.845252 | lrm: 1.00 | dt: 232.40ms | tok/sec: 2,255,947 | bf16_mfu: 47.36 | epoch: 1 pq: 24 rg: 64 | total time: 8.67m | eta: 9.7m
step 02224/04692 (47.40%) | loss: 2.834487 | lrm: 1.00 | dt: 235.75ms | tok/sec: 2,223,897 | bf16_mfu: 46.69 | epoch: 1 pq: 24 rg: 64 | total time: 8.67m | eta: 9.7m
step 02225/04692 (47.42%) | loss: 2.840975 | lrm: 1.00 | dt: 234.67ms | tok/sec: 2,234,121 | bf16_mfu: 46.90 | epoch: 1 pq: 24 rg: 64 | total time: 8.68m | eta: 9.7m
step 02226/04692 (47.44%) | loss: 2.831294 | lrm: 1.00 | dt: 233.46ms | tok/sec: 2,245,700 | bf16_mfu: 47.14 | epoch: 1 pq: 24 rg: 64 | total time: 8.68m | eta: 9.7m
step 02227/04692 (47.46%) | loss: 2.818627 | lrm: 1.00 | dt: 232.83ms | tok/sec: 2,251,766 | bf16_mfu: 47.27 | epoch: 1 pq: 24 rg: 64 | total time: 8.69m | eta: 9.7m
step 02228/04692 (47.49%) | loss: 2.820384 | lrm: 1.00 | dt: 234.64ms | tok/sec: 2,234,452 | bf16_mfu: 46.91 | epoch: 1 pq: 24 rg: 72 | total time: 8.69m | eta: 9.7m
step 02229/04692 (47.51%) | loss: 2.822888 | lrm: 1.00 | dt: 234.21ms | tok/sec: 2,238,519 | bf16_mfu: 46.99 | epoch: 1 pq: 24 rg: 72 | total time: 8.69m | eta: 9.6m
step 02230/04692 (47.53%) | loss: 2.830974 | lrm: 1.00 | dt: 234.37ms | tok/sec: 2,237,053 | bf16_mfu: 46.96 | epoch: 1 pq: 24 rg: 72 | total time: 8.70m | eta: 9.6m
step 02231/04692 (47.55%) | loss: 2.830546 | lrm: 1.00 | dt: 233.11ms | tok/sec: 2,249,055 | bf16_mfu: 47.21 | epoch: 1 pq: 24 rg: 72 | total time: 8.70m | eta: 9.6m
step 02232/04692 (47.57%) | loss: 2.824622 | lrm: 1.00 | dt: 233.94ms | tok/sec: 2,241,113 | bf16_mfu: 47.05 | epoch: 1 pq: 24 rg: 72 | total time: 8.71m | eta: 9.6m
step 02233/04692 (47.59%) | loss: 2.834170 | lrm: 1.00 | dt: 235.36ms | tok/sec: 2,227,553 | bf16_mfu: 46.76 | epoch: 1 pq: 24 rg: 72 | total time: 8.71m | eta: 9.6m
step 02234/04692 (47.61%) | loss: 2.840210 | lrm: 1.00 | dt: 234.50ms | tok/sec: 2,235,772 | bf16_mfu: 46.94 | epoch: 1 pq: 24 rg: 72 | total time: 8.71m | eta: 9.6m
step 02235/04692 (47.63%) | loss: 2.837940 | lrm: 1.00 | dt: 233.24ms | tok/sec: 2,247,887 | bf16_mfu: 47.19 | epoch: 1 pq: 24 rg: 72 | total time: 8.72m | eta: 9.6m
step 02236/04692 (47.66%) | loss: 2.836696 | lrm: 1.00 | dt: 232.95ms | tok/sec: 2,250,609 | bf16_mfu: 47.25 | epoch: 1 pq: 24 rg: 72 | total time: 8.72m | eta: 9.6m
step 02237/04692 (47.68%) | loss: 2.836565 | lrm: 1.00 | dt: 236.59ms | tok/sec: 2,216,017 | bf16_mfu: 46.52 | epoch: 1 pq: 24 rg: 80 | total time: 8.72m | eta: 9.6m
step 02238/04692 (47.70%) | loss: 2.816239 | lrm: 1.00 | dt: 234.25ms | tok/sec: 2,238,173 | bf16_mfu: 46.99 | epoch: 1 pq: 24 rg: 80 | total time: 8.73m | eta: 9.6m
step 02239/04692 (47.72%) | loss: 2.812883 | lrm: 1.00 | dt: 233.22ms | tok/sec: 2,248,009 | bf16_mfu: 47.19 | epoch: 1 pq: 24 rg: 80 | total time: 8.73m | eta: 9.6m
step 02240/04692 (47.74%) | loss: 2.808812 | lrm: 1.00 | dt: 234.26ms | tok/sec: 2,238,018 | bf16_mfu: 46.98 | epoch: 1 pq: 24 rg: 80 | total time: 8.74m | eta: 9.6m
step 02241/04692 (47.76%) | loss: 2.814864 | lrm: 1.00 | dt: 235.00ms | tok/sec: 2,231,054 | bf16_mfu: 46.84 | epoch: 1 pq: 24 rg: 80 | total time: 8.74m | eta: 9.6m
step 02242/04692 (47.78%) | loss: 2.821360 | lrm: 1.00 | dt: 234.40ms | tok/sec: 2,236,725 | bf16_mfu: 46.96 | epoch: 1 pq: 24 rg: 80 | total time: 8.74m | eta: 9.6m
step 02243/04692 (47.80%) | loss: 2.829214 | lrm: 1.00 | dt: 232.38ms | tok/sec: 2,256,155 | bf16_mfu: 47.36 | epoch: 1 pq: 24 rg: 80 | total time: 8.75m | eta: 9.6m
step 02244/04692 (47.83%) | loss: 2.834237 | lrm: 1.00 | dt: 231.79ms | tok/sec: 2,261,932 | bf16_mfu: 47.48 | epoch: 1 pq: 24 rg: 80 | total time: 8.75m | eta: 9.6m
step 02245/04692 (47.85%) | loss: 2.837340 | lrm: 1.00 | dt: 234.70ms | tok/sec: 2,233,851 | bf16_mfu: 46.89 | epoch: 1 pq: 25 rg: 0 | total time: 8.76m | eta: 9.6m
step 02246/04692 (47.87%) | loss: 2.832198 | lrm: 1.00 | dt: 235.84ms | tok/sec: 2,223,047 | bf16_mfu: 46.67 | epoch: 1 pq: 25 rg: 0 | total time: 8.76m | eta: 9.6m
step 02247/04692 (47.89%) | loss: 2.836543 | lrm: 1.00 | dt: 233.40ms | tok/sec: 2,246,328 | bf16_mfu: 47.16 | epoch: 1 pq: 25 rg: 0 | total time: 8.76m | eta: 9.6m
step 02248/04692 (47.91%) | loss: 2.837479 | lrm: 1.00 | dt: 231.71ms | tok/sec: 2,262,711 | bf16_mfu: 47.50 | epoch: 1 pq: 25 rg: 0 | total time: 8.77m | eta: 9.6m
step 02249/04692 (47.93%) | loss: 2.851326 | lrm: 1.00 | dt: 235.73ms | tok/sec: 2,224,113 | bf16_mfu: 46.69 | epoch: 1 pq: 25 rg: 0 | total time: 8.77m | eta: 9.6m
Step 02250 | Validation bpb: 0.866455
step 02250/04692 (47.95%) | loss: 2.849204 | lrm: 1.00 | dt: 226.85ms | tok/sec: 2,311,143 | bf16_mfu: 48.52 | epoch: 1 pq: 25 rg: 0 | total time: 8.78m | eta: 9.6m
step 02251/04692 (47.98%) | loss: 2.853383 | lrm: 1.00 | dt: 227.90ms | tok/sec: 2,300,555 | bf16_mfu: 48.30 | epoch: 1 pq: 25 rg: 0 | total time: 8.78m | eta: 9.6m
step 02252/04692 (48.00%) | loss: 2.851555 | lrm: 1.00 | dt: 229.71ms | tok/sec: 2,282,387 | bf16_mfu: 47.91 | epoch: 1 pq: 25 rg: 0 | total time: 8.78m | eta: 9.6m
step 02253/04692 (48.02%) | loss: 2.851561 | lrm: 1.00 | dt: 243.55ms | tok/sec: 2,152,665 | bf16_mfu: 45.19 | epoch: 1 pq: 25 rg: 8 | total time: 8.79m | eta: 9.6m
step 02254/04692 (48.04%) | loss: 2.835446 | lrm: 1.00 | dt: 237.67ms | tok/sec: 2,205,976 | bf16_mfu: 46.31 | epoch: 1 pq: 25 rg: 8 | total time: 8.79m | eta: 9.6m
step 02255/04692 (48.06%) | loss: 2.836110 | lrm: 1.00 | dt: 231.65ms | tok/sec: 2,263,301 | bf16_mfu: 47.51 | epoch: 1 pq: 25 rg: 8 | total time: 8.80m | eta: 9.5m
step 02256/04692 (48.08%) | loss: 2.840776 | lrm: 1.00 | dt: 228.71ms | tok/sec: 2,292,401 | bf16_mfu: 48.12 | epoch: 1 pq: 25 rg: 8 | total time: 8.80m | eta: 9.5m
step 02257/04692 (48.10%) | loss: 2.839258 | lrm: 1.00 | dt: 237.77ms | tok/sec: 2,205,020 | bf16_mfu: 46.29 | epoch: 1 pq: 25 rg: 8 | total time: 8.80m | eta: 9.5m
step 02258/04692 (48.12%) | loss: 2.830121 | lrm: 1.00 | dt: 241.94ms | tok/sec: 2,166,990 | bf16_mfu: 45.49 | epoch: 1 pq: 25 rg: 8 | total time: 8.81m | eta: 9.5m
step 02259/04692 (48.15%) | loss: 2.825207 | lrm: 1.00 | dt: 233.06ms | tok/sec: 2,249,536 | bf16_mfu: 47.22 | epoch: 1 pq: 25 rg: 8 | total time: 8.81m | eta: 9.5m
step 02260/04692 (48.17%) | loss: 2.817696 | lrm: 1.00 | dt: 230.86ms | tok/sec: 2,270,988 | bf16_mfu: 47.67 | epoch: 1 pq: 25 rg: 8 | total time: 8.81m | eta: 9.5m
step 02261/04692 (48.19%) | loss: 2.819555 | lrm: 1.00 | dt: 233.05ms | tok/sec: 2,249,683 | bf16_mfu: 47.23 | epoch: 1 pq: 25 rg: 8 | total time: 8.82m | eta: 9.5m
step 02262/04692 (48.21%) | loss: 2.839568 | lrm: 1.00 | dt: 238.65ms | tok/sec: 2,196,936 | bf16_mfu: 46.12 | epoch: 1 pq: 25 rg: 16 | total time: 8.82m | eta: 9.5m
step 02263/04692 (48.23%) | loss: 2.835307 | lrm: 1.00 | dt: 235.58ms | tok/sec: 2,225,486 | bf16_mfu: 46.72 | epoch: 1 pq: 25 rg: 16 | total time: 8.83m | eta: 9.5m
step 02264/04692 (48.25%) | loss: 2.830655 | lrm: 1.00 | dt: 232.90ms | tok/sec: 2,251,090 | bf16_mfu: 47.26 | epoch: 1 pq: 25 rg: 16 | total time: 8.83m | eta: 9.5m
step 02265/04692 (48.27%) | loss: 2.838014 | lrm: 1.00 | dt: 232.05ms | tok/sec: 2,259,366 | bf16_mfu: 47.43 | epoch: 1 pq: 25 rg: 16 | total time: 8.83m | eta: 9.5m
step 02266/04692 (48.29%) | loss: 2.856892 | lrm: 1.00 | dt: 236.41ms | tok/sec: 2,217,734 | bf16_mfu: 46.56 | epoch: 1 pq: 25 rg: 16 | total time: 8.84m | eta: 9.5m
step 02267/04692 (48.32%) | loss: 2.861984 | lrm: 1.00 | dt: 235.09ms | tok/sec: 2,230,144 | bf16_mfu: 46.82 | epoch: 1 pq: 25 rg: 16 | total time: 8.84m | eta: 9.5m
step 02268/04692 (48.34%) | loss: 2.876936 | lrm: 1.00 | dt: 235.25ms | tok/sec: 2,228,630 | bf16_mfu: 46.79 | epoch: 1 pq: 25 rg: 16 | total time: 8.85m | eta: 9.5m
step 02269/04692 (48.36%) | loss: 2.874604 | lrm: 1.00 | dt: 230.91ms | tok/sec: 2,270,545 | bf16_mfu: 47.67 | epoch: 1 pq: 25 rg: 16 | total time: 8.85m | eta: 9.5m
step 02270/04692 (48.38%) | loss: 2.863501 | lrm: 1.00 | dt: 232.24ms | tok/sec: 2,257,492 | bf16_mfu: 47.39 | epoch: 1 pq: 25 rg: 24 | total time: 8.85m | eta: 9.5m
step 02271/04692 (48.40%) | loss: 2.861129 | lrm: 1.00 | dt: 235.67ms | tok/sec: 2,224,709 | bf16_mfu: 46.70 | epoch: 1 pq: 25 rg: 24 | total time: 8.86m | eta: 9.5m
step 02272/04692 (48.42%) | loss: 2.860174 | lrm: 1.00 | dt: 236.16ms | tok/sec: 2,220,091 | bf16_mfu: 46.61 | epoch: 1 pq: 25 rg: 24 | total time: 8.86m | eta: 9.5m
step 02273/04692 (48.44%) | loss: 2.860033 | lrm: 1.00 | dt: 232.09ms | tok/sec: 2,258,946 | bf16_mfu: 47.42 | epoch: 1 pq: 25 rg: 24 | total time: 8.87m | eta: 9.5m
step 02274/04692 (48.47%) | loss: 2.869924 | lrm: 1.00 | dt: 233.61ms | tok/sec: 2,244,306 | bf16_mfu: 47.11 | epoch: 1 pq: 25 rg: 24 | total time: 8.87m | eta: 9.5m
step 02275/04692 (48.49%) | loss: 2.862957 | lrm: 1.00 | dt: 233.98ms | tok/sec: 2,240,745 | bf16_mfu: 47.04 | epoch: 1 pq: 25 rg: 24 | total time: 8.87m | eta: 9.5m
step 02276/04692 (48.51%) | loss: 2.860136 | lrm: 1.00 | dt: 237.21ms | tok/sec: 2,210,224 | bf16_mfu: 46.40 | epoch: 1 pq: 25 rg: 24 | total time: 8.88m | eta: 9.5m
step 02277/04692 (48.53%) | loss: 2.844799 | lrm: 1.00 | dt: 233.18ms | tok/sec: 2,248,469 | bf16_mfu: 47.20 | epoch: 1 pq: 25 rg: 24 | total time: 8.88m | eta: 9.5m
step 02278/04692 (48.55%) | loss: 2.851771 | lrm: 1.00 | dt: 231.76ms | tok/sec: 2,262,190 | bf16_mfu: 47.49 | epoch: 1 pq: 25 rg: 32 | total time: 8.88m | eta: 9.5m
step 02279/04692 (48.57%) | loss: 2.858499 | lrm: 1.00 | dt: 233.91ms | tok/sec: 2,241,412 | bf16_mfu: 47.05 | epoch: 1 pq: 25 rg: 32 | total time: 8.89m | eta: 9.5m
step 02280/04692 (48.59%) | loss: 2.861761 | lrm: 1.00 | dt: 236.16ms | tok/sec: 2,220,058 | bf16_mfu: 46.61 | epoch: 1 pq: 25 rg: 32 | total time: 8.89m | eta: 9.4m
step 02281/04692 (48.61%) | loss: 2.853983 | lrm: 1.00 | dt: 235.11ms | tok/sec: 2,229,959 | bf16_mfu: 46.81 | epoch: 1 pq: 25 rg: 32 | total time: 8.90m | eta: 9.4m
step 02282/04692 (48.64%) | loss: 2.859554 | lrm: 1.00 | dt: 232.64ms | tok/sec: 2,253,598 | bf16_mfu: 47.31 | epoch: 1 pq: 25 rg: 32 | total time: 8.90m | eta: 9.4m
step 02283/04692 (48.66%) | loss: 2.861390 | lrm: 1.00 | dt: 232.62ms | tok/sec: 2,253,834 | bf16_mfu: 47.31 | epoch: 1 pq: 25 rg: 32 | total time: 8.90m | eta: 9.4m
step 02284/04692 (48.68%) | loss: 2.851704 | lrm: 1.00 | dt: 236.62ms | tok/sec: 2,215,705 | bf16_mfu: 46.51 | epoch: 1 pq: 25 rg: 32 | total time: 8.91m | eta: 9.4m
step 02285/04692 (48.70%) | loss: 2.851910 | lrm: 1.00 | dt: 235.96ms | tok/sec: 2,221,911 | bf16_mfu: 46.64 | epoch: 1 pq: 25 rg: 32 | total time: 8.91m | eta: 9.4m
step 02286/04692 (48.72%) | loss: 2.856133 | lrm: 1.00 | dt: 235.23ms | tok/sec: 2,228,842 | bf16_mfu: 46.79 | epoch: 1 pq: 25 rg: 40 | total time: 8.92m | eta: 9.4m
step 02287/04692 (48.74%) | loss: 2.856026 | lrm: 1.00 | dt: 232.86ms | tok/sec: 2,251,475 | bf16_mfu: 47.26 | epoch: 1 pq: 25 rg: 40 | total time: 8.92m | eta: 9.4m
step 02288/04692 (48.76%) | loss: 2.856624 | lrm: 1.00 | dt: 234.23ms | tok/sec: 2,238,387 | bf16_mfu: 46.99 | epoch: 1 pq: 25 rg: 40 | total time: 8.92m | eta: 9.4m
step 02289/04692 (48.79%) | loss: 2.856830 | lrm: 1.00 | dt: 235.95ms | tok/sec: 2,222,070 | bf16_mfu: 46.65 | epoch: 1 pq: 25 rg: 40 | total time: 8.93m | eta: 9.4m
step 02290/04692 (48.81%) | loss: 2.856223 | lrm: 1.00 | dt: 237.61ms | tok/sec: 2,206,490 | bf16_mfu: 46.32 | epoch: 1 pq: 25 rg: 40 | total time: 8.93m | eta: 9.4m
step 02291/04692 (48.83%) | loss: 2.868505 | lrm: 1.00 | dt: 231.69ms | tok/sec: 2,262,851 | bf16_mfu: 47.50 | epoch: 1 pq: 25 rg: 40 | total time: 8.94m | eta: 9.4m
step 02292/04692 (48.85%) | loss: 2.869417 | lrm: 1.00 | dt: 233.22ms | tok/sec: 2,248,025 | bf16_mfu: 47.19 | epoch: 1 pq: 25 rg: 40 | total time: 8.94m | eta: 9.4m
step 02293/04692 (48.87%) | loss: 2.866554 | lrm: 1.00 | dt: 234.24ms | tok/sec: 2,238,291 | bf16_mfu: 46.99 | epoch: 1 pq: 25 rg: 40 | total time: 8.94m | eta: 9.4m
step 02294/04692 (48.89%) | loss: 2.857210 | lrm: 1.00 | dt: 236.21ms | tok/sec: 2,219,592 | bf16_mfu: 46.60 | epoch: 1 pq: 25 rg: 40 | total time: 8.95m | eta: 9.4m
step 02295/04692 (48.91%) | loss: 2.837761 | lrm: 1.00 | dt: 234.37ms | tok/sec: 2,237,000 | bf16_mfu: 46.96 | epoch: 1 pq: 25 rg: 48 | total time: 8.95m | eta: 9.4m
step 02296/04692 (48.93%) | loss: 2.820440 | lrm: 1.00 | dt: 232.34ms | tok/sec: 2,256,510 | bf16_mfu: 47.37 | epoch: 1 pq: 25 rg: 48 | total time: 8.96m | eta: 9.4m
step 02297/04692 (48.96%) | loss: 2.805651 | lrm: 1.00 | dt: 233.98ms | tok/sec: 2,240,707 | bf16_mfu: 47.04 | epoch: 1 pq: 25 rg: 48 | total time: 8.96m | eta: 9.4m
step 02298/04692 (48.98%) | loss: 2.800358 | lrm: 1.00 | dt: 235.31ms | tok/sec: 2,228,102 | bf16_mfu: 46.77 | epoch: 1 pq: 25 rg: 48 | total time: 8.96m | eta: 9.4m
step 02299/04692 (49.00%) | loss: 2.806022 | lrm: 1.00 | dt: 234.72ms | tok/sec: 2,233,681 | bf16_mfu: 46.89 | epoch: 1 pq: 25 rg: 48 | total time: 8.97m | eta: 9.4m
step 02300/04692 (49.02%) | loss: 2.809467 | lrm: 1.00 | dt: 232.48ms | tok/sec: 2,255,163 | bf16_mfu: 47.34 | epoch: 1 pq: 25 rg: 48 | total time: 8.97m | eta: 9.4m
step 02301/04692 (49.04%) | loss: 2.805962 | lrm: 1.00 | dt: 231.91ms | tok/sec: 2,260,741 | bf16_mfu: 47.46 | epoch: 1 pq: 25 rg: 48 | total time: 8.97m | eta: 9.4m
step 02302/04692 (49.06%) | loss: 2.807157 | lrm: 1.00 | dt: 235.41ms | tok/sec: 2,227,127 | bf16_mfu: 46.75 | epoch: 1 pq: 25 rg: 48 | total time: 8.98m | eta: 9.4m
step 02303/04692 (49.08%) | loss: 2.818513 | lrm: 1.00 | dt: 234.46ms | tok/sec: 2,236,147 | bf16_mfu: 46.94 | epoch: 1 pq: 25 rg: 56 | total time: 8.98m | eta: 9.4m
step 02304/04692 (49.10%) | loss: 2.812335 | lrm: 1.00 | dt: 233.77ms | tok/sec: 2,242,722 | bf16_mfu: 47.08 | epoch: 1 pq: 25 rg: 56 | total time: 8.99m | eta: 9.4m
step 02305/04692 (49.13%) | loss: 2.822760 | lrm: 1.00 | dt: 233.12ms | tok/sec: 2,249,021 | bf16_mfu: 47.21 | epoch: 1 pq: 25 rg: 56 | total time: 8.99m | eta: 9.4m
step 02306/04692 (49.15%) | loss: 2.826009 | lrm: 1.00 | dt: 235.23ms | tok/sec: 2,228,842 | bf16_mfu: 46.79 | epoch: 1 pq: 25 rg: 56 | total time: 8.99m | eta: 9.3m
step 02307/04692 (49.17%) | loss: 2.834284 | lrm: 1.00 | dt: 232.35ms | tok/sec: 2,256,480 | bf16_mfu: 47.37 | epoch: 1 pq: 25 rg: 56 | total time: 9.00m | eta: 9.3m
step 02308/04692 (49.19%) | loss: 2.842800 | lrm: 1.00 | dt: 234.13ms | tok/sec: 2,239,303 | bf16_mfu: 47.01 | epoch: 1 pq: 25 rg: 56 | total time: 9.00m | eta: 9.3m
step 02309/04692 (49.21%) | loss: 2.841623 | lrm: 1.00 | dt: 232.82ms | tok/sec: 2,251,920 | bf16_mfu: 47.27 | epoch: 1 pq: 25 rg: 56 | total time: 9.01m | eta: 9.3m
step 02310/04692 (49.23%) | loss: 2.844739 | lrm: 1.00 | dt: 235.30ms | tok/sec: 2,228,163 | bf16_mfu: 46.78 | epoch: 1 pq: 25 rg: 56 | total time: 9.01m | eta: 9.3m
step 02311/04692 (49.25%) | loss: 2.838786 | lrm: 1.00 | dt: 234.91ms | tok/sec: 2,231,860 | bf16_mfu: 46.85 | epoch: 1 pq: 25 rg: 64 | total time: 9.01m | eta: 9.3m
step 02312/04692 (49.28%) | loss: 2.834023 | lrm: 1.00 | dt: 233.25ms | tok/sec: 2,247,749 | bf16_mfu: 47.19 | epoch: 1 pq: 25 rg: 64 | total time: 9.02m | eta: 9.3m
step 02313/04692 (49.30%) | loss: 2.832084 | lrm: 1.00 | dt: 232.18ms | tok/sec: 2,258,150 | bf16_mfu: 47.41 | epoch: 1 pq: 25 rg: 64 | total time: 9.02m | eta: 9.3m
step 02314/04692 (49.32%) | loss: 2.835725 | lrm: 1.00 | dt: 235.11ms | tok/sec: 2,230,009 | bf16_mfu: 46.81 | epoch: 1 pq: 25 rg: 64 | total time: 9.03m | eta: 9.3m
step 02315/04692 (49.34%) | loss: 2.826552 | lrm: 1.00 | dt: 234.63ms | tok/sec: 2,234,554 | bf16_mfu: 46.91 | epoch: 1 pq: 25 rg: 64 | total time: 9.03m | eta: 9.3m
step 02316/04692 (49.36%) | loss: 2.814571 | lrm: 1.00 | dt: 233.28ms | tok/sec: 2,247,465 | bf16_mfu: 47.18 | epoch: 1 pq: 25 rg: 64 | total time: 9.03m | eta: 9.3m
step 02317/04692 (49.38%) | loss: 2.812771 | lrm: 1.00 | dt: 232.69ms | tok/sec: 2,253,116 | bf16_mfu: 47.30 | epoch: 1 pq: 25 rg: 64 | total time: 9.04m | eta: 9.3m
step 02318/04692 (49.40%) | loss: 2.826311 | lrm: 1.00 | dt: 236.33ms | tok/sec: 2,218,414 | bf16_mfu: 46.57 | epoch: 1 pq: 25 rg: 64 | total time: 9.04m | eta: 9.3m
step 02319/04692 (49.42%) | loss: 2.827008 | lrm: 1.00 | dt: 234.13ms | tok/sec: 2,239,349 | bf16_mfu: 47.01 | epoch: 1 pq: 25 rg: 72 | total time: 9.04m | eta: 9.3m
step 02320/04692 (49.45%) | loss: 2.833530 | lrm: 1.00 | dt: 233.79ms | tok/sec: 2,242,560 | bf16_mfu: 47.08 | epoch: 1 pq: 25 rg: 72 | total time: 9.05m | eta: 9.3m
step 02321/04692 (49.47%) | loss: 2.827061 | lrm: 1.00 | dt: 234.02ms | tok/sec: 2,240,366 | bf16_mfu: 47.03 | epoch: 1 pq: 25 rg: 72 | total time: 9.05m | eta: 9.3m
step 02322/04692 (49.49%) | loss: 2.839957 | lrm: 1.00 | dt: 233.94ms | tok/sec: 2,241,122 | bf16_mfu: 47.05 | epoch: 1 pq: 25 rg: 72 | total time: 9.06m | eta: 9.3m
step 02323/04692 (49.51%) | loss: 2.841695 | lrm: 1.00 | dt: 234.40ms | tok/sec: 2,236,689 | bf16_mfu: 46.95 | epoch: 1 pq: 25 rg: 72 | total time: 9.06m | eta: 9.3m
step 02324/04692 (49.53%) | loss: 2.834845 | lrm: 1.00 | dt: 233.90ms | tok/sec: 2,241,490 | bf16_mfu: 47.06 | epoch: 1 pq: 25 rg: 72 | total time: 9.06m | eta: 9.3m
step 02325/04692 (49.55%) | loss: 2.840874 | lrm: 1.00 | dt: 232.14ms | tok/sec: 2,258,489 | bf16_mfu: 47.41 | epoch: 1 pq: 25 rg: 72 | total time: 9.07m | eta: 9.3m
step 02326/04692 (49.57%) | loss: 2.846495 | lrm: 1.00 | dt: 234.19ms | tok/sec: 2,238,688 | bf16_mfu: 47.00 | epoch: 1 pq: 25 rg: 72 | total time: 9.07m | eta: 9.3m
step 02327/04692 (49.60%) | loss: 2.835401 | lrm: 1.00 | dt: 232.69ms | tok/sec: 2,253,125 | bf16_mfu: 47.30 | epoch: 1 pq: 25 rg: 72 | total time: 9.08m | eta: 9.3m
step 02328/04692 (49.62%) | loss: 2.839119 | lrm: 1.00 | dt: 234.83ms | tok/sec: 2,232,583 | bf16_mfu: 46.87 | epoch: 1 pq: 25 rg: 80 | total time: 9.08m | eta: 9.3m
step 02329/04692 (49.64%) | loss: 2.842465 | lrm: 1.00 | dt: 233.38ms | tok/sec: 2,246,535 | bf16_mfu: 47.16 | epoch: 1 pq: 25 rg: 80 | total time: 9.08m | eta: 9.3m
step 02330/04692 (49.66%) | loss: 2.832893 | lrm: 1.00 | dt: 235.37ms | tok/sec: 2,227,504 | bf16_mfu: 46.76 | epoch: 1 pq: 25 rg: 80 | total time: 9.09m | eta: 9.3m
step 02331/04692 (49.68%) | loss: 2.830405 | lrm: 1.00 | dt: 232.89ms | tok/sec: 2,251,190 | bf16_mfu: 47.26 | epoch: 1 pq: 25 rg: 80 | total time: 9.09m | eta: 9.2m
step 02332/04692 (49.70%) | loss: 2.837917 | lrm: 1.00 | dt: 233.45ms | tok/sec: 2,245,789 | bf16_mfu: 47.15 | epoch: 1 pq: 25 rg: 80 | total time: 9.10m | eta: 9.2m
step 02333/04692 (49.72%) | loss: 2.830574 | lrm: 1.00 | dt: 233.67ms | tok/sec: 2,243,745 | bf16_mfu: 47.10 | epoch: 1 pq: 25 rg: 80 | total time: 9.10m | eta: 9.2m
step 02334/04692 (49.74%) | loss: 2.839546 | lrm: 1.00 | dt: 235.26ms | tok/sec: 2,228,513 | bf16_mfu: 46.78 | epoch: 1 pq: 25 rg: 80 | total time: 9.10m | eta: 9.2m
step 02335/04692 (49.77%) | loss: 2.833089 | lrm: 1.00 | dt: 233.85ms | tok/sec: 2,241,977 | bf16_mfu: 47.07 | epoch: 1 pq: 25 rg: 80 | total time: 9.11m | eta: 9.2m
step 02336/04692 (49.79%) | loss: 2.839135 | lrm: 1.00 | dt: 234.43ms | tok/sec: 2,236,445 | bf16_mfu: 46.95 | epoch: 1 pq: 26 rg: 0 | total time: 9.11m | eta: 9.2m
step 02337/04692 (49.81%) | loss: 2.833410 | lrm: 1.00 | dt: 232.75ms | tok/sec: 2,252,587 | bf16_mfu: 47.29 | epoch: 1 pq: 26 rg: 0 | total time: 9.11m | eta: 9.2m
step 02338/04692 (49.83%) | loss: 2.829607 | lrm: 1.00 | dt: 237.01ms | tok/sec: 2,212,050 | bf16_mfu: 46.44 | epoch: 1 pq: 26 rg: 0 | total time: 9.12m | eta: 9.2m
step 02339/04692 (49.85%) | loss: 2.828110 | lrm: 1.00 | dt: 233.89ms | tok/sec: 2,241,584 | bf16_mfu: 47.06 | epoch: 1 pq: 26 rg: 0 | total time: 9.12m | eta: 9.2m
step 02340/04692 (49.87%) | loss: 2.833661 | lrm: 1.00 | dt: 234.32ms | tok/sec: 2,237,517 | bf16_mfu: 46.97 | epoch: 1 pq: 26 rg: 0 | total time: 9.13m | eta: 9.2m
step 02341/04692 (49.89%) | loss: 2.850955 | lrm: 1.00 | dt: 232.14ms | tok/sec: 2,258,526 | bf16_mfu: 47.41 | epoch: 1 pq: 26 rg: 0 | total time: 9.13m | eta: 9.2m
step 02342/04692 (49.91%) | loss: 2.854322 | lrm: 1.00 | dt: 233.80ms | tok/sec: 2,242,510 | bf16_mfu: 47.08 | epoch: 1 pq: 26 rg: 0 | total time: 9.13m | eta: 9.2m
step 02343/04692 (49.94%) | loss: 2.850892 | lrm: 1.00 | dt: 233.98ms | tok/sec: 2,240,777 | bf16_mfu: 47.04 | epoch: 1 pq: 26 rg: 0 | total time: 9.14m | eta: 9.2m
step 02344/04692 (49.96%) | loss: 2.855318 | lrm: 1.00 | dt: 234.70ms | tok/sec: 2,233,869 | bf16_mfu: 46.90 | epoch: 1 pq: 26 rg: 8 | total time: 9.14m | eta: 9.2m
step 02345/04692 (49.98%) | loss: 2.861389 | lrm: 1.00 | dt: 232.80ms | tok/sec: 2,252,066 | bf16_mfu: 47.28 | epoch: 1 pq: 26 rg: 8 | total time: 9.15m | eta: 9.2m
step 02346/04692 (50.00%) | loss: 2.857516 | lrm: 1.00 | dt: 234.87ms | tok/sec: 2,232,254 | bf16_mfu: 46.86 | epoch: 1 pq: 26 rg: 8 | total time: 9.15m | eta: 9.2m
step 02347/04692 (50.02%) | loss: 2.868331 | lrm: 1.00 | dt: 231.69ms | tok/sec: 2,262,863 | bf16_mfu: 47.50 | epoch: 1 pq: 26 rg: 8 | total time: 9.15m | eta: 9.2m
step 02348/04692 (50.04%) | loss: 2.864783 | lrm: 1.00 | dt: 233.09ms | tok/sec: 2,249,322 | bf16_mfu: 47.22 | epoch: 1 pq: 26 rg: 8 | total time: 9.16m | eta: 9.2m
step 02349/04692 (50.06%) | loss: 2.871295 | lrm: 1.00 | dt: 234.18ms | tok/sec: 2,238,800 | bf16_mfu: 47.00 | epoch: 1 pq: 26 rg: 8 | total time: 9.16m | eta: 9.2m
step 02350/04692 (50.09%) | loss: 2.875765 | lrm: 1.00 | dt: 235.25ms | tok/sec: 2,228,632 | bf16_mfu: 46.79 | epoch: 1 pq: 26 rg: 8 | total time: 9.17m | eta: 9.2m
step 02351/04692 (50.11%) | loss: 2.867973 | lrm: 1.00 | dt: 233.11ms | tok/sec: 2,249,136 | bf16_mfu: 47.22 | epoch: 1 pq: 26 rg: 8 | total time: 9.17m | eta: 9.2m
step 02352/04692 (50.13%) | loss: 2.871270 | lrm: 1.00 | dt: 232.60ms | tok/sec: 2,254,076 | bf16_mfu: 47.32 | epoch: 1 pq: 26 rg: 16 | total time: 9.17m | eta: 9.2m
step 02353/04692 (50.15%) | loss: 2.861727 | lrm: 1.00 | dt: 234.91ms | tok/sec: 2,231,908 | bf16_mfu: 46.85 | epoch: 1 pq: 26 rg: 16 | total time: 9.18m | eta: 9.2m
step 02354/04692 (50.17%) | loss: 2.857972 | lrm: 1.00 | dt: 236.60ms | tok/sec: 2,215,933 | bf16_mfu: 46.52 | epoch: 1 pq: 26 rg: 16 | total time: 9.18m | eta: 9.2m
step 02355/04692 (50.19%) | loss: 2.861629 | lrm: 1.00 | dt: 232.95ms | tok/sec: 2,250,616 | bf16_mfu: 47.25 | epoch: 1 pq: 26 rg: 16 | total time: 9.19m | eta: 9.2m
step 02356/04692 (50.21%) | loss: 2.856947 | lrm: 1.00 | dt: 232.82ms | tok/sec: 2,251,937 | bf16_mfu: 47.27 | epoch: 1 pq: 26 rg: 16 | total time: 9.19m | eta: 9.1m
step 02357/04692 (50.23%) | loss: 2.860596 | lrm: 1.00 | dt: 235.22ms | tok/sec: 2,228,910 | bf16_mfu: 46.79 | epoch: 1 pq: 26 rg: 16 | total time: 9.19m | eta: 9.1m
step 02358/04692 (50.26%) | loss: 2.873231 | lrm: 0.99 | dt: 233.66ms | tok/sec: 2,243,821 | bf16_mfu: 47.10 | epoch: 1 pq: 26 rg: 16 | total time: 9.20m | eta: 9.1m
step 02359/04692 (50.28%) | loss: 2.865628 | lrm: 0.99 | dt: 232.52ms | tok/sec: 2,254,848 | bf16_mfu: 47.34 | epoch: 1 pq: 26 rg: 16 | total time: 9.20m | eta: 9.1m
step 02360/04692 (50.30%) | loss: 2.866213 | lrm: 0.99 | dt: 233.26ms | tok/sec: 2,247,646 | bf16_mfu: 47.18 | epoch: 1 pq: 26 rg: 16 | total time: 9.20m | eta: 9.1m
step 02361/04692 (50.32%) | loss: 2.871363 | lrm: 0.99 | dt: 234.32ms | tok/sec: 2,237,487 | bf16_mfu: 46.97 | epoch: 1 pq: 26 rg: 24 | total time: 9.21m | eta: 9.1m
step 02362/04692 (50.34%) | loss: 2.862334 | lrm: 0.99 | dt: 235.99ms | tok/sec: 2,221,628 | bf16_mfu: 46.64 | epoch: 1 pq: 26 rg: 24 | total time: 9.21m | eta: 9.1m
step 02363/04692 (50.36%) | loss: 2.856656 | lrm: 0.99 | dt: 233.23ms | tok/sec: 2,247,903 | bf16_mfu: 47.19 | epoch: 1 pq: 26 rg: 24 | total time: 9.22m | eta: 9.1m
step 02364/04692 (50.38%) | loss: 2.856217 | lrm: 0.99 | dt: 233.28ms | tok/sec: 2,247,430 | bf16_mfu: 47.18 | epoch: 1 pq: 26 rg: 24 | total time: 9.22m | eta: 9.1m
step 02365/04692 (50.40%) | loss: 2.843021 | lrm: 0.99 | dt: 233.43ms | tok/sec: 2,246,035 | bf16_mfu: 47.15 | epoch: 1 pq: 26 rg: 24 | total time: 9.22m | eta: 9.1m
step 02366/04692 (50.43%) | loss: 2.853284 | lrm: 0.99 | dt: 235.39ms | tok/sec: 2,227,361 | bf16_mfu: 46.76 | epoch: 1 pq: 26 rg: 24 | total time: 9.23m | eta: 9.1m
step 02367/04692 (50.45%) | loss: 2.851161 | lrm: 0.99 | dt: 231.81ms | tok/sec: 2,261,713 | bf16_mfu: 47.48 | epoch: 1 pq: 26 rg: 24 | total time: 9.23m | eta: 9.1m
step 02368/04692 (50.47%) | loss: 2.855802 | lrm: 0.99 | dt: 234.01ms | tok/sec: 2,240,483 | bf16_mfu: 47.03 | epoch: 1 pq: 26 rg: 24 | total time: 9.24m | eta: 9.1m
step 02369/04692 (50.49%) | loss: 2.844102 | lrm: 0.99 | dt: 232.09ms | tok/sec: 2,259,018 | bf16_mfu: 47.42 | epoch: 1 pq: 26 rg: 32 | total time: 9.24m | eta: 9.1m
step 02370/04692 (50.51%) | loss: 2.842053 | lrm: 0.99 | dt: 235.69ms | tok/sec: 2,224,450 | bf16_mfu: 46.70 | epoch: 1 pq: 26 rg: 32 | total time: 9.24m | eta: 9.1m
step 02371/04692 (50.53%) | loss: 2.833840 | lrm: 0.99 | dt: 233.50ms | tok/sec: 2,245,328 | bf16_mfu: 47.14 | epoch: 1 pq: 26 rg: 32 | total time: 9.25m | eta: 9.1m
step 02372/04692 (50.55%) | loss: 2.833184 | lrm: 0.99 | dt: 232.92ms | tok/sec: 2,250,966 | bf16_mfu: 47.25 | epoch: 1 pq: 26 rg: 32 | total time: 9.25m | eta: 9.1m
step 02373/04692 (50.58%) | loss: 2.833203 | lrm: 0.99 | dt: 236.02ms | tok/sec: 2,221,334 | bf16_mfu: 46.63 | epoch: 1 pq: 26 rg: 32 | total time: 9.26m | eta: 9.1m
step 02374/04692 (50.60%) | loss: 2.822594 | lrm: 0.99 | dt: 234.63ms | tok/sec: 2,234,518 | bf16_mfu: 46.91 | epoch: 1 pq: 26 rg: 32 | total time: 9.26m | eta: 9.1m
step 02375/04692 (50.62%) | loss: 2.828550 | lrm: 0.99 | dt: 236.74ms | tok/sec: 2,214,638 | bf16_mfu: 46.49 | epoch: 1 pq: 26 rg: 32 | total time: 9.26m | eta: 9.1m
step 02376/04692 (50.64%) | loss: 2.831808 | lrm: 0.99 | dt: 232.18ms | tok/sec: 2,258,071 | bf16_mfu: 47.40 | epoch: 1 pq: 26 rg: 32 | total time: 9.27m | eta: 9.1m
step 02377/04692 (50.66%) | loss: 2.828487 | lrm: 0.99 | dt: 234.27ms | tok/sec: 2,238,004 | bf16_mfu: 46.98 | epoch: 1 pq: 26 rg: 32 | total time: 9.27m | eta: 9.1m
step 02378/04692 (50.68%) | loss: 2.828568 | lrm: 0.99 | dt: 234.14ms | tok/sec: 2,239,196 | bf16_mfu: 47.01 | epoch: 1 pq: 26 rg: 40 | total time: 9.27m | eta: 9.1m
step 02379/04692 (50.70%) | loss: 2.815097 | lrm: 0.99 | dt: 235.82ms | tok/sec: 2,223,223 | bf16_mfu: 46.67 | epoch: 1 pq: 26 rg: 40 | total time: 9.28m | eta: 9.1m
step 02380/04692 (50.72%) | loss: 2.825969 | lrm: 0.99 | dt: 235.03ms | tok/sec: 2,230,724 | bf16_mfu: 46.83 | epoch: 1 pq: 26 rg: 40 | total time: 9.28m | eta: 9.1m
step 02381/04692 (50.75%) | loss: 2.821460 | lrm: 0.99 | dt: 232.61ms | tok/sec: 2,253,963 | bf16_mfu: 47.32 | epoch: 1 pq: 26 rg: 40 | total time: 9.29m | eta: 9.1m
step 02382/04692 (50.77%) | loss: 2.822047 | lrm: 0.98 | dt: 233.72ms | tok/sec: 2,243,242 | bf16_mfu: 47.09 | epoch: 1 pq: 26 rg: 40 | total time: 9.29m | eta: 9.0m
step 02383/04692 (50.79%) | loss: 2.821565 | lrm: 0.98 | dt: 234.44ms | tok/sec: 2,236,370 | bf16_mfu: 46.95 | epoch: 1 pq: 26 rg: 40 | total time: 9.29m | eta: 9.0m
step 02384/04692 (50.81%) | loss: 2.824000 | lrm: 0.98 | dt: 234.26ms | tok/sec: 2,238,086 | bf16_mfu: 46.98 | epoch: 1 pq: 26 rg: 40 | total time: 9.30m | eta: 9.0m
step 02385/04692 (50.83%) | loss: 2.817954 | lrm: 0.98 | dt: 233.71ms | tok/sec: 2,243,361 | bf16_mfu: 47.09 | epoch: 1 pq: 26 rg: 48 | total time: 9.30m | eta: 9.0m
step 02386/04692 (50.85%) | loss: 2.825219 | lrm: 0.98 | dt: 232.94ms | tok/sec: 2,250,701 | bf16_mfu: 47.25 | epoch: 1 pq: 26 rg: 48 | total time: 9.31m | eta: 9.0m
step 02387/04692 (50.87%) | loss: 2.824831 | lrm: 0.98 | dt: 235.39ms | tok/sec: 2,227,316 | bf16_mfu: 46.76 | epoch: 1 pq: 26 rg: 48 | total time: 9.31m | eta: 9.0m
step 02388/04692 (50.90%) | loss: 2.826654 | lrm: 0.98 | dt: 234.21ms | tok/sec: 2,238,553 | bf16_mfu: 46.99 | epoch: 1 pq: 26 rg: 48 | total time: 9.31m | eta: 9.0m
step 02389/04692 (50.92%) | loss: 2.836689 | lrm: 0.98 | dt: 232.45ms | tok/sec: 2,255,440 | bf16_mfu: 47.35 | epoch: 1 pq: 26 rg: 48 | total time: 9.32m | eta: 9.0m
step 02390/04692 (50.94%) | loss: 2.836578 | lrm: 0.98 | dt: 233.29ms | tok/sec: 2,247,389 | bf16_mfu: 47.18 | epoch: 1 pq: 26 rg: 48 | total time: 9.32m | eta: 9.0m
step 02391/04692 (50.96%) | loss: 2.822355 | lrm: 0.98 | dt: 234.46ms | tok/sec: 2,236,140 | bf16_mfu: 46.94 | epoch: 1 pq: 26 rg: 48 | total time: 9.33m | eta: 9.0m
step 02392/04692 (50.98%) | loss: 2.815252 | lrm: 0.98 | dt: 235.21ms | tok/sec: 2,229,003 | bf16_mfu: 46.79 | epoch: 1 pq: 26 rg: 48 | total time: 9.33m | eta: 9.0m
step 02393/04692 (51.00%) | loss: 2.806235 | lrm: 0.98 | dt: 232.21ms | tok/sec: 2,257,821 | bf16_mfu: 47.40 | epoch: 1 pq: 26 rg: 48 | total time: 9.33m | eta: 9.0m
step 02394/04692 (51.02%) | loss: 2.815328 | lrm: 0.98 | dt: 233.94ms | tok/sec: 2,241,077 | bf16_mfu: 47.05 | epoch: 1 pq: 26 rg: 56 | total time: 9.34m | eta: 9.0m
step 02395/04692 (51.04%) | loss: 2.817065 | lrm: 0.98 | dt: 233.44ms | tok/sec: 2,245,892 | bf16_mfu: 47.15 | epoch: 1 pq: 26 rg: 56 | total time: 9.34m | eta: 9.0m
step 02396/04692 (51.07%) | loss: 2.828630 | lrm: 0.98 | dt: 233.38ms | tok/sec: 2,246,539 | bf16_mfu: 47.16 | epoch: 1 pq: 26 rg: 56 | total time: 9.35m | eta: 9.0m
step 02397/04692 (51.09%) | loss: 2.816821 | lrm: 0.98 | dt: 233.56ms | tok/sec: 2,244,803 | bf16_mfu: 47.12 | epoch: 1 pq: 26 rg: 56 | total time: 9.35m | eta: 9.0m
step 02398/04692 (51.11%) | loss: 2.825934 | lrm: 0.98 | dt: 235.40ms | tok/sec: 2,227,204 | bf16_mfu: 46.76 | epoch: 1 pq: 26 rg: 56 | total time: 9.35m | eta: 9.0m
step 02399/04692 (51.13%) | loss: 2.831996 | lrm: 0.98 | dt: 232.79ms | tok/sec: 2,252,179 | bf16_mfu: 47.28 | epoch: 1 pq: 26 rg: 56 | total time: 9.36m | eta: 9.0m
step 02400/04692 (51.15%) | loss: 2.821005 | lrm: 0.98 | dt: 233.39ms | tok/sec: 2,246,399 | bf16_mfu: 47.16 | epoch: 1 pq: 26 rg: 56 | total time: 9.36m | eta: 9.0m
step 02401/04692 (51.17%) | loss: 2.816901 | lrm: 0.98 | dt: 233.63ms | tok/sec: 2,244,082 | bf16_mfu: 47.11 | epoch: 1 pq: 26 rg: 56 | total time: 9.36m | eta: 9.0m
step 02402/04692 (51.19%) | loss: 2.824084 | lrm: 0.98 | dt: 234.88ms | tok/sec: 2,232,123 | bf16_mfu: 46.86 | epoch: 1 pq: 26 rg: 64 | total time: 9.37m | eta: 9.0m
step 02403/04692 (51.21%) | loss: 2.812647 | lrm: 0.98 | dt: 233.11ms | tok/sec: 2,249,076 | bf16_mfu: 47.21 | epoch: 1 pq: 26 rg: 64 | total time: 9.37m | eta: 9.0m
step 02404/04692 (51.24%) | loss: 2.814945 | lrm: 0.98 | dt: 233.24ms | tok/sec: 2,247,846 | bf16_mfu: 47.19 | epoch: 1 pq: 26 rg: 64 | total time: 9.38m | eta: 9.0m
step 02405/04692 (51.26%) | loss: 2.810432 | lrm: 0.97 | dt: 233.07ms | tok/sec: 2,249,531 | bf16_mfu: 47.22 | epoch: 1 pq: 26 rg: 64 | total time: 9.38m | eta: 9.0m
step 02406/04692 (51.28%) | loss: 2.803060 | lrm: 0.97 | dt: 235.77ms | tok/sec: 2,223,731 | bf16_mfu: 46.68 | epoch: 1 pq: 26 rg: 64 | total time: 9.38m | eta: 9.0m
step 02407/04692 (51.30%) | loss: 2.798542 | lrm: 0.97 | dt: 233.61ms | tok/sec: 2,244,299 | bf16_mfu: 47.11 | epoch: 1 pq: 26 rg: 64 | total time: 9.39m | eta: 8.9m
step 02408/04692 (51.32%) | loss: 2.801836 | lrm: 0.97 | dt: 233.88ms | tok/sec: 2,241,696 | bf16_mfu: 47.06 | epoch: 1 pq: 26 rg: 64 | total time: 9.39m | eta: 8.9m
step 02409/04692 (51.34%) | loss: 2.794082 | lrm: 0.97 | dt: 233.63ms | tok/sec: 2,244,132 | bf16_mfu: 47.11 | epoch: 1 pq: 26 rg: 64 | total time: 9.40m | eta: 8.9m
step 02410/04692 (51.36%) | loss: 2.794769 | lrm: 0.97 | dt: 236.10ms | tok/sec: 2,220,605 | bf16_mfu: 46.62 | epoch: 1 pq: 26 rg: 72 | total time: 9.40m | eta: 8.9m
step 02411/04692 (51.39%) | loss: 2.793289 | lrm: 0.97 | dt: 233.66ms | tok/sec: 2,243,816 | bf16_mfu: 47.10 | epoch: 1 pq: 26 rg: 72 | total time: 9.40m | eta: 8.9m
step 02412/04692 (51.41%) | loss: 2.800897 | lrm: 0.97 | dt: 233.24ms | tok/sec: 2,247,832 | bf16_mfu: 47.19 | epoch: 1 pq: 26 rg: 72 | total time: 9.41m | eta: 8.9m
step 02413/04692 (51.43%) | loss: 2.812693 | lrm: 0.97 | dt: 234.08ms | tok/sec: 2,239,757 | bf16_mfu: 47.02 | epoch: 1 pq: 26 rg: 72 | total time: 9.41m | eta: 8.9m
step 02414/04692 (51.45%) | loss: 2.811832 | lrm: 0.97 | dt: 236.77ms | tok/sec: 2,214,293 | bf16_mfu: 46.48 | epoch: 1 pq: 26 rg: 72 | total time: 9.42m | eta: 8.9m
step 02415/04692 (51.47%) | loss: 2.812963 | lrm: 0.97 | dt: 235.22ms | tok/sec: 2,228,897 | bf16_mfu: 46.79 | epoch: 1 pq: 26 rg: 72 | total time: 9.42m | eta: 8.9m
step 02416/04692 (51.49%) | loss: 2.810427 | lrm: 0.97 | dt: 235.27ms | tok/sec: 2,228,483 | bf16_mfu: 46.78 | epoch: 1 pq: 26 rg: 72 | total time: 9.42m | eta: 8.9m
step 02417/04692 (51.51%) | loss: 2.812745 | lrm: 0.97 | dt: 234.60ms | tok/sec: 2,234,863 | bf16_mfu: 46.92 | epoch: 1 pq: 26 rg: 72 | total time: 9.43m | eta: 8.9m
step 02418/04692 (51.53%) | loss: 2.813518 | lrm: 0.97 | dt: 233.50ms | tok/sec: 2,245,351 | bf16_mfu: 47.14 | epoch: 1 pq: 26 rg: 80 | total time: 9.43m | eta: 8.9m
step 02419/04692 (51.56%) | loss: 2.813840 | lrm: 0.97 | dt: 235.75ms | tok/sec: 2,223,902 | bf16_mfu: 46.69 | epoch: 1 pq: 26 rg: 80 | total time: 9.43m | eta: 8.9m
step 02420/04692 (51.58%) | loss: 2.826367 | lrm: 0.97 | dt: 235.21ms | tok/sec: 2,229,057 | bf16_mfu: 46.79 | epoch: 1 pq: 26 rg: 80 | total time: 9.44m | eta: 8.9m
step 02421/04692 (51.60%) | loss: 2.828587 | lrm: 0.97 | dt: 233.60ms | tok/sec: 2,244,430 | bf16_mfu: 47.12 | epoch: 1 pq: 26 rg: 80 | total time: 9.44m | eta: 8.9m
step 02422/04692 (51.62%) | loss: 2.828702 | lrm: 0.97 | dt: 233.29ms | tok/sec: 2,247,393 | bf16_mfu: 47.18 | epoch: 1 pq: 26 rg: 80 | total time: 9.45m | eta: 8.9m
step 02423/04692 (51.64%) | loss: 2.829784 | lrm: 0.97 | dt: 233.35ms | tok/sec: 2,246,835 | bf16_mfu: 47.17 | epoch: 1 pq: 26 rg: 80 | total time: 9.45m | eta: 8.9m
step 02424/04692 (51.66%) | loss: 2.832352 | lrm: 0.97 | dt: 234.71ms | tok/sec: 2,233,721 | bf16_mfu: 46.89 | epoch: 1 pq: 26 rg: 80 | total time: 9.45m | eta: 8.9m
step 02425/04692 (51.68%) | loss: 2.839572 | lrm: 0.97 | dt: 234.48ms | tok/sec: 2,235,931 | bf16_mfu: 46.94 | epoch: 1 pq: 26 rg: 80 | total time: 9.46m | eta: 8.9m
step 02426/04692 (51.71%) | loss: 2.836268 | lrm: 0.97 | dt: 232.56ms | tok/sec: 2,254,386 | bf16_mfu: 47.33 | epoch: 1 pq: 26 rg: 80 | total time: 9.46m | eta: 8.9m
step 02427/04692 (51.73%) | loss: 2.840183 | lrm: 0.97 | dt: 234.47ms | tok/sec: 2,236,100 | bf16_mfu: 46.94 | epoch: 1 pq: 27 rg: 0 | total time: 9.47m | eta: 8.9m
step 02428/04692 (51.75%) | loss: 2.836039 | lrm: 0.97 | dt: 236.05ms | tok/sec: 2,221,130 | bf16_mfu: 46.63 | epoch: 1 pq: 27 rg: 0 | total time: 9.47m | eta: 8.9m
step 02429/04692 (51.77%) | loss: 2.833222 | lrm: 0.96 | dt: 234.04ms | tok/sec: 2,240,141 | bf16_mfu: 47.03 | epoch: 1 pq: 27 rg: 0 | total time: 9.47m | eta: 8.9m
step 02430/04692 (51.79%) | loss: 2.824236 | lrm: 0.96 | dt: 233.59ms | tok/sec: 2,244,515 | bf16_mfu: 47.12 | epoch: 1 pq: 27 rg: 0 | total time: 9.48m | eta: 8.9m
step 02431/04692 (51.81%) | loss: 2.807444 | lrm: 0.96 | dt: 232.52ms | tok/sec: 2,254,767 | bf16_mfu: 47.33 | epoch: 1 pq: 27 rg: 0 | total time: 9.48m | eta: 8.9m
step 02432/04692 (51.83%) | loss: 2.811373 | lrm: 0.96 | dt: 236.79ms | tok/sec: 2,214,188 | bf16_mfu: 46.48 | epoch: 1 pq: 27 rg: 0 | total time: 9.49m | eta: 8.9m
step 02433/04692 (51.85%) | loss: 2.813070 | lrm: 0.96 | dt: 233.63ms | tok/sec: 2,244,102 | bf16_mfu: 47.11 | epoch: 1 pq: 27 rg: 0 | total time: 9.49m | eta: 8.8m
step 02434/04692 (51.88%) | loss: 2.821819 | lrm: 0.96 | dt: 233.81ms | tok/sec: 2,242,336 | bf16_mfu: 47.07 | epoch: 1 pq: 27 rg: 0 | total time: 9.49m | eta: 8.8m
step 02435/04692 (51.90%) | loss: 2.813352 | lrm: 0.96 | dt: 232.96ms | tok/sec: 2,250,556 | bf16_mfu: 47.25 | epoch: 1 pq: 27 rg: 8 | total time: 9.50m | eta: 8.8m
step 02436/04692 (51.92%) | loss: 2.820186 | lrm: 0.96 | dt: 235.92ms | tok/sec: 2,222,342 | bf16_mfu: 46.65 | epoch: 1 pq: 27 rg: 8 | total time: 9.50m | eta: 8.8m
step 02437/04692 (51.94%) | loss: 2.825089 | lrm: 0.96 | dt: 233.50ms | tok/sec: 2,245,365 | bf16_mfu: 47.14 | epoch: 1 pq: 27 rg: 8 | total time: 9.51m | eta: 8.8m
step 02438/04692 (51.96%) | loss: 2.829935 | lrm: 0.96 | dt: 233.53ms | tok/sec: 2,245,069 | bf16_mfu: 47.13 | epoch: 1 pq: 27 rg: 8 | total time: 9.51m | eta: 8.8m
step 02439/04692 (51.98%) | loss: 2.825500 | lrm: 0.96 | dt: 233.09ms | tok/sec: 2,249,281 | bf16_mfu: 47.22 | epoch: 1 pq: 27 rg: 8 | total time: 9.51m | eta: 8.8m
step 02440/04692 (52.00%) | loss: 2.814624 | lrm: 0.96 | dt: 235.95ms | tok/sec: 2,222,048 | bf16_mfu: 46.65 | epoch: 1 pq: 27 rg: 8 | total time: 9.52m | eta: 8.8m
step 02441/04692 (52.02%) | loss: 2.810931 | lrm: 0.96 | dt: 235.45ms | tok/sec: 2,226,757 | bf16_mfu: 46.75 | epoch: 1 pq: 27 rg: 8 | total time: 9.52m | eta: 8.8m
step 02442/04692 (52.05%) | loss: 2.824981 | lrm: 0.96 | dt: 237.26ms | tok/sec: 2,209,738 | bf16_mfu: 46.39 | epoch: 1 pq: 27 rg: 8 | total time: 9.52m | eta: 8.8m
step 02443/04692 (52.07%) | loss: 2.833144 | lrm: 0.96 | dt: 233.59ms | tok/sec: 2,244,446 | bf16_mfu: 47.12 | epoch: 1 pq: 27 rg: 16 | total time: 9.53m | eta: 8.8m
step 02444/04692 (52.09%) | loss: 2.826548 | lrm: 0.96 | dt: 233.11ms | tok/sec: 2,249,085 | bf16_mfu: 47.21 | epoch: 1 pq: 27 rg: 16 | total time: 9.53m | eta: 8.8m
step 02445/04692 (52.11%) | loss: 2.826715 | lrm: 0.96 | dt: 233.99ms | tok/sec: 2,240,670 | bf16_mfu: 47.04 | epoch: 1 pq: 27 rg: 16 | total time: 9.54m | eta: 8.8m
step 02446/04692 (52.13%) | loss: 2.830529 | lrm: 0.96 | dt: 234.98ms | tok/sec: 2,231,215 | bf16_mfu: 46.84 | epoch: 1 pq: 27 rg: 16 | total time: 9.54m | eta: 8.8m
step 02447/04692 (52.15%) | loss: 2.839749 | lrm: 0.96 | dt: 234.75ms | tok/sec: 2,233,408 | bf16_mfu: 46.89 | epoch: 1 pq: 27 rg: 16 | total time: 9.54m | eta: 8.8m
step 02448/04692 (52.17%) | loss: 2.858452 | lrm: 0.96 | dt: 230.77ms | tok/sec: 2,271,924 | bf16_mfu: 47.69 | epoch: 1 pq: 27 rg: 16 | total time: 9.55m | eta: 8.8m
step 02449/04692 (52.20%) | loss: 2.846932 | lrm: 0.96 | dt: 237.98ms | tok/sec: 2,203,118 | bf16_mfu: 46.25 | epoch: 1 pq: 27 rg: 16 | total time: 9.55m | eta: 8.8m
step 02450/04692 (52.22%) | loss: 2.849940 | lrm: 0.96 | dt: 233.40ms | tok/sec: 2,246,353 | bf16_mfu: 47.16 | epoch: 1 pq: 27 rg: 16 | total time: 9.56m | eta: 8.8m
step 02451/04692 (52.24%) | loss: 2.852353 | lrm: 0.96 | dt: 235.12ms | tok/sec: 2,229,837 | bf16_mfu: 46.81 | epoch: 1 pq: 27 rg: 24 | total time: 9.56m | eta: 8.8m
step 02452/04692 (52.26%) | loss: 2.845053 | lrm: 0.95 | dt: 232.28ms | tok/sec: 2,257,165 | bf16_mfu: 47.38 | epoch: 1 pq: 27 rg: 24 | total time: 9.56m | eta: 8.8m
step 02453/04692 (52.28%) | loss: 2.839928 | lrm: 0.95 | dt: 234.52ms | tok/sec: 2,235,565 | bf16_mfu: 46.93 | epoch: 1 pq: 27 rg: 24 | total time: 9.57m | eta: 8.8m
step 02454/04692 (52.30%) | loss: 2.838530 | lrm: 0.95 | dt: 234.82ms | tok/sec: 2,232,696 | bf16_mfu: 46.87 | epoch: 1 pq: 27 rg: 24 | total time: 9.57m | eta: 8.8m
step 02455/04692 (52.32%) | loss: 2.837592 | lrm: 0.95 | dt: 234.34ms | tok/sec: 2,237,292 | bf16_mfu: 46.97 | epoch: 1 pq: 27 rg: 24 | total time: 9.58m | eta: 8.8m
step 02456/04692 (52.34%) | loss: 2.849454 | lrm: 0.95 | dt: 231.02ms | tok/sec: 2,269,469 | bf16_mfu: 47.64 | epoch: 1 pq: 27 rg: 24 | total time: 9.58m | eta: 8.8m
step 02457/04692 (52.37%) | loss: 2.859921 | lrm: 0.95 | dt: 233.78ms | tok/sec: 2,242,674 | bf16_mfu: 47.08 | epoch: 1 pq: 27 rg: 24 | total time: 9.58m | eta: 8.8m
step 02458/04692 (52.39%) | loss: 2.854969 | lrm: 0.95 | dt: 233.52ms | tok/sec: 2,245,115 | bf16_mfu: 47.13 | epoch: 1 pq: 27 rg: 24 | total time: 9.59m | eta: 8.7m
step 02459/04692 (52.41%) | loss: 2.850085 | lrm: 0.95 | dt: 234.42ms | tok/sec: 2,236,568 | bf16_mfu: 46.95 | epoch: 1 pq: 27 rg: 32 | total time: 9.59m | eta: 8.7m
step 02460/04692 (52.43%) | loss: 2.838295 | lrm: 0.95 | dt: 233.16ms | tok/sec: 2,248,664 | bf16_mfu: 47.21 | epoch: 1 pq: 27 rg: 32 | total time: 9.59m | eta: 8.7m
step 02461/04692 (52.45%) | loss: 2.841569 | lrm: 0.95 | dt: 234.99ms | tok/sec: 2,231,135 | bf16_mfu: 46.84 | epoch: 1 pq: 27 rg: 32 | total time: 9.60m | eta: 8.7m
step 02462/04692 (52.47%) | loss: 2.839417 | lrm: 0.95 | dt: 233.94ms | tok/sec: 2,241,136 | bf16_mfu: 47.05 | epoch: 1 pq: 27 rg: 32 | total time: 9.60m | eta: 8.7m
step 02463/04692 (52.49%) | loss: 2.833347 | lrm: 0.95 | dt: 232.93ms | tok/sec: 2,250,796 | bf16_mfu: 47.25 | epoch: 1 pq: 27 rg: 32 | total time: 9.61m | eta: 8.7m
step 02464/04692 (52.51%) | loss: 2.838771 | lrm: 0.95 | dt: 233.12ms | tok/sec: 2,249,032 | bf16_mfu: 47.21 | epoch: 1 pq: 27 rg: 32 | total time: 9.61m | eta: 8.7m
step 02465/04692 (52.54%) | loss: 2.835217 | lrm: 0.95 | dt: 234.38ms | tok/sec: 2,236,909 | bf16_mfu: 46.96 | epoch: 1 pq: 27 rg: 32 | total time: 9.61m | eta: 8.7m
step 02466/04692 (52.56%) | loss: 2.831075 | lrm: 0.95 | dt: 232.97ms | tok/sec: 2,250,439 | bf16_mfu: 47.24 | epoch: 1 pq: 27 rg: 32 | total time: 9.62m | eta: 8.7m
step 02467/04692 (52.58%) | loss: 2.830753 | lrm: 0.95 | dt: 232.97ms | tok/sec: 2,250,420 | bf16_mfu: 47.24 | epoch: 1 pq: 27 rg: 40 | total time: 9.62m | eta: 8.7m
step 02468/04692 (52.60%) | loss: 2.828749 | lrm: 0.95 | dt: 234.35ms | tok/sec: 2,237,232 | bf16_mfu: 46.97 | epoch: 1 pq: 27 rg: 40 | total time: 9.63m | eta: 8.7m
step 02469/04692 (52.62%) | loss: 2.827201 | lrm: 0.95 | dt: 234.07ms | tok/sec: 2,239,848 | bf16_mfu: 47.02 | epoch: 1 pq: 27 rg: 40 | total time: 9.63m | eta: 8.7m
step 02470/04692 (52.64%) | loss: 2.829066 | lrm: 0.95 | dt: 233.64ms | tok/sec: 2,243,983 | bf16_mfu: 47.11 | epoch: 1 pq: 27 rg: 40 | total time: 9.63m | eta: 8.7m
step 02471/04692 (52.66%) | loss: 2.837970 | lrm: 0.95 | dt: 233.21ms | tok/sec: 2,248,126 | bf16_mfu: 47.19 | epoch: 1 pq: 27 rg: 40 | total time: 9.64m | eta: 8.7m
step 02472/04692 (52.69%) | loss: 2.834858 | lrm: 0.95 | dt: 236.82ms | tok/sec: 2,213,858 | bf16_mfu: 46.48 | epoch: 1 pq: 27 rg: 40 | total time: 9.64m | eta: 8.7m
step 02473/04692 (52.71%) | loss: 2.817773 | lrm: 0.95 | dt: 233.50ms | tok/sec: 2,245,367 | bf16_mfu: 47.14 | epoch: 1 pq: 27 rg: 40 | total time: 9.65m | eta: 8.7m
step 02474/04692 (52.73%) | loss: 2.824501 | lrm: 0.95 | dt: 232.75ms | tok/sec: 2,252,539 | bf16_mfu: 47.29 | epoch: 1 pq: 27 rg: 40 | total time: 9.65m | eta: 8.7m
step 02475/04692 (52.75%) | loss: 2.806445 | lrm: 0.95 | dt: 232.83ms | tok/sec: 2,251,837 | bf16_mfu: 47.27 | epoch: 1 pq: 27 rg: 40 | total time: 9.65m | eta: 8.7m
step 02476/04692 (52.77%) | loss: 2.807209 | lrm: 0.94 | dt: 235.91ms | tok/sec: 2,222,434 | bf16_mfu: 46.66 | epoch: 1 pq: 27 rg: 48 | total time: 9.66m | eta: 8.7m
step 02477/04692 (52.79%) | loss: 2.804432 | lrm: 0.94 | dt: 233.72ms | tok/sec: 2,243,274 | bf16_mfu: 47.09 | epoch: 1 pq: 27 rg: 48 | total time: 9.66m | eta: 8.7m
step 02478/04692 (52.81%) | loss: 2.800035 | lrm: 0.94 | dt: 233.44ms | tok/sec: 2,245,952 | bf16_mfu: 47.15 | epoch: 1 pq: 27 rg: 48 | total time: 9.67m | eta: 8.7m
step 02479/04692 (52.83%) | loss: 2.809737 | lrm: 0.94 | dt: 232.11ms | tok/sec: 2,258,774 | bf16_mfu: 47.42 | epoch: 1 pq: 27 rg: 48 | total time: 9.67m | eta: 8.7m
step 02480/04692 (52.86%) | loss: 2.811027 | lrm: 0.94 | dt: 235.29ms | tok/sec: 2,228,258 | bf16_mfu: 46.78 | epoch: 1 pq: 27 rg: 48 | total time: 9.67m | eta: 8.7m
step 02481/04692 (52.88%) | loss: 2.819865 | lrm: 0.94 | dt: 233.23ms | tok/sec: 2,247,961 | bf16_mfu: 47.19 | epoch: 1 pq: 27 rg: 48 | total time: 9.68m | eta: 8.7m
step 02482/04692 (52.90%) | loss: 2.828202 | lrm: 0.94 | dt: 233.38ms | tok/sec: 2,246,509 | bf16_mfu: 47.16 | epoch: 1 pq: 27 rg: 48 | total time: 9.68m | eta: 8.7m
step 02483/04692 (52.92%) | loss: 2.820376 | lrm: 0.94 | dt: 233.22ms | tok/sec: 2,248,083 | bf16_mfu: 47.19 | epoch: 1 pq: 27 rg: 48 | total time: 9.68m | eta: 8.7m
step 02484/04692 (52.94%) | loss: 2.814849 | lrm: 0.94 | dt: 235.51ms | tok/sec: 2,226,175 | bf16_mfu: 46.73 | epoch: 1 pq: 27 rg: 56 | total time: 9.69m | eta: 8.6m
step 02485/04692 (52.96%) | loss: 2.815244 | lrm: 0.94 | dt: 233.35ms | tok/sec: 2,246,803 | bf16_mfu: 47.17 | epoch: 1 pq: 27 rg: 56 | total time: 9.69m | eta: 8.6m
step 02486/04692 (52.98%) | loss: 2.822429 | lrm: 0.94 | dt: 233.96ms | tok/sec: 2,240,960 | bf16_mfu: 47.04 | epoch: 1 pq: 27 rg: 56 | total time: 9.70m | eta: 8.6m
step 02487/04692 (53.01%) | loss: 2.829237 | lrm: 0.94 | dt: 233.75ms | tok/sec: 2,242,953 | bf16_mfu: 47.09 | epoch: 1 pq: 27 rg: 56 | total time: 9.70m | eta: 8.6m
step 02488/04692 (53.03%) | loss: 2.832283 | lrm: 0.94 | dt: 236.92ms | tok/sec: 2,212,953 | bf16_mfu: 46.46 | epoch: 1 pq: 27 rg: 56 | total time: 9.70m | eta: 8.6m
step 02489/04692 (53.05%) | loss: 2.834646 | lrm: 0.94 | dt: 235.57ms | tok/sec: 2,225,592 | bf16_mfu: 46.72 | epoch: 1 pq: 27 rg: 56 | total time: 9.71m | eta: 8.6m
step 02490/04692 (53.07%) | loss: 2.835980 | lrm: 0.94 | dt: 239.89ms | tok/sec: 2,185,540 | bf16_mfu: 45.88 | epoch: 1 pq: 27 rg: 56 | total time: 9.71m | eta: 8.6m
step 02491/04692 (53.09%) | loss: 2.838136 | lrm: 0.94 | dt: 233.78ms | tok/sec: 2,242,647 | bf16_mfu: 47.08 | epoch: 1 pq: 27 rg: 56 | total time: 9.72m | eta: 8.6m
step 02492/04692 (53.11%) | loss: 2.836202 | lrm: 0.94 | dt: 235.30ms | tok/sec: 2,228,192 | bf16_mfu: 46.78 | epoch: 1 pq: 27 rg: 56 | total time: 9.72m | eta: 8.6m
step 02493/04692 (53.13%) | loss: 2.833062 | lrm: 0.94 | dt: 233.28ms | tok/sec: 2,247,460 | bf16_mfu: 47.18 | epoch: 1 pq: 27 rg: 64 | total time: 9.72m | eta: 8.6m
step 02494/04692 (53.15%) | loss: 2.833633 | lrm: 0.94 | dt: 235.19ms | tok/sec: 2,229,236 | bf16_mfu: 46.80 | epoch: 1 pq: 27 rg: 64 | total time: 9.73m | eta: 8.6m
step 02495/04692 (53.18%) | loss: 2.839947 | lrm: 0.94 | dt: 234.29ms | tok/sec: 2,237,765 | bf16_mfu: 46.98 | epoch: 1 pq: 27 rg: 64 | total time: 9.73m | eta: 8.6m
step 02496/04692 (53.20%) | loss: 2.836576 | lrm: 0.94 | dt: 232.75ms | tok/sec: 2,252,566 | bf16_mfu: 47.29 | epoch: 1 pq: 27 rg: 64 | total time: 9.74m | eta: 8.6m
step 02497/04692 (53.22%) | loss: 2.842185 | lrm: 0.94 | dt: 232.70ms | tok/sec: 2,253,097 | bf16_mfu: 47.30 | epoch: 1 pq: 27 rg: 64 | total time: 9.74m | eta: 8.6m
step 02498/04692 (53.24%) | loss: 2.826183 | lrm: 0.94 | dt: 235.51ms | tok/sec: 2,226,146 | bf16_mfu: 46.73 | epoch: 1 pq: 27 rg: 64 | total time: 9.74m | eta: 8.6m
step 02499/04692 (53.26%) | loss: 2.834791 | lrm: 0.93 | dt: 235.82ms | tok/sec: 2,223,283 | bf16_mfu: 46.67 | epoch: 1 pq: 27 rg: 64 | total time: 9.75m | eta: 8.6m
Step 02500 | Validation bpb: 0.858605
2026-03-06 21:17:43,121 - nanochat.checkpoint_manager - [32m[1mINFO[0m - Saved optimizer state to: /data/.cache/nanochat/base_checkpoints/part3/d16_baseline/optim_002500_rank7.pt
2026-03-06 21:17:43,129 - nanochat.checkpoint_manager - [32m[1mINFO[0m - Saved optimizer state to: /data/.cache/nanochat/base_checkpoints/part3/d16_baseline/optim_002500_rank6.pt
2026-03-06 21:17:43,131 - nanochat.checkpoint_manager - [32m[1mINFO[0m - Saved optimizer state to: /data/.cache/nanochat/base_checkpoints/part3/d16_baseline/optim_002500_rank2.pt
2026-03-06 21:17:43,133 - nanochat.checkpoint_manager - [32m[1mINFO[0m - Saved optimizer state to: /data/.cache/nanochat/base_checkpoints/part3/d16_baseline/optim_002500_rank4.pt
2026-03-06 21:17:43,135 - nanochat.checkpoint_manager - [32m[1mINFO[0m - Saved optimizer state to: /data/.cache/nanochat/base_checkpoints/part3/d16_baseline/optim_002500_rank5.pt
2026-03-06 21:17:43,137 - nanochat.checkpoint_manager - [32m[1mINFO[0m - Saved optimizer state to: /data/.cache/nanochat/base_checkpoints/part3/d16_baseline/optim_002500_rank1.pt
2026-03-06 21:17:43,137 - nanochat.checkpoint_manager - [32m[1mINFO[0m - Saved optimizer state to: /data/.cache/nanochat/base_checkpoints/part3/d16_baseline/optim_002500_rank3.pt
2026-03-06 21:17:45,391 - nanochat.checkpoint_manager - [32m[1mINFO[0m - Saved model parameters to: /data/.cache/nanochat/base_checkpoints/part3/d16_baseline/model_002500.pt
2026-03-06 21:17:45,393 - nanochat.checkpoint_manager - [32m[1mINFO[0m - Saved metadata to: /data/.cache/nanochat/base_checkpoints/part3/d16_baseline/meta_002500.json
2026-03-06 21:17:45,896 - nanochat.checkpoint_manager - [32m[1mINFO[0m - Saved optimizer state to: /data/.cache/nanochat/base_checkpoints/part3/d16_baseline/optim_002500_rank0.pt
step 02500/04692 (53.28%) | loss: 2.854038 | lrm: 0.93 | dt: 224.55ms | tok/sec: 2,334,858 | bf16_mfu: 49.02 | epoch: 1 pq: 27 rg: 64 | total time: 9.75m | eta: 8.6m
step 02501/04692 (53.30%) | loss: 2.853205 | lrm: 0.93 | dt: 226.96ms | tok/sec: 2,310,053 | bf16_mfu: 48.49 | epoch: 1 pq: 27 rg: 72 | total time: 9.75m | eta: 8.6m
step 02502/04692 (53.32%) | loss: 2.845404 | lrm: 0.93 | dt: 227.83ms | tok/sec: 2,301,222 | bf16_mfu: 48.31 | epoch: 1 pq: 27 rg: 72 | total time: 9.76m | eta: 8.6m
step 02503/04692 (53.35%) | loss: 2.843958 | lrm: 0.93 | dt: 241.08ms | tok/sec: 2,174,757 | bf16_mfu: 45.65 | epoch: 1 pq: 27 rg: 72 | total time: 9.76m | eta: 8.6m
step 02504/04692 (53.37%) | loss: 2.841076 | lrm: 0.93 | dt: 235.70ms | tok/sec: 2,224,387 | bf16_mfu: 46.70 | epoch: 1 pq: 27 rg: 72 | total time: 9.77m | eta: 8.6m
step 02505/04692 (53.39%) | loss: 2.846526 | lrm: 0.93 | dt: 235.69ms | tok/sec: 2,224,511 | bf16_mfu: 46.70 | epoch: 1 pq: 27 rg: 72 | total time: 9.77m | eta: 8.6m
step 02506/04692 (53.41%) | loss: 2.836533 | lrm: 0.93 | dt: 229.84ms | tok/sec: 2,281,054 | bf16_mfu: 47.89 | epoch: 1 pq: 27 rg: 72 | total time: 9.77m | eta: 8.6m
step 02507/04692 (53.43%) | loss: 2.835302 | lrm: 0.93 | dt: 233.27ms | tok/sec: 2,247,534 | bf16_mfu: 47.18 | epoch: 1 pq: 27 rg: 72 | total time: 9.78m | eta: 8.6m
step 02508/04692 (53.45%) | loss: 2.829039 | lrm: 0.93 | dt: 237.94ms | tok/sec: 2,203,461 | bf16_mfu: 46.26 | epoch: 1 pq: 27 rg: 72 | total time: 9.78m | eta: 8.6m
step 02509/04692 (53.47%) | loss: 2.835215 | lrm: 0.93 | dt: 235.61ms | tok/sec: 2,225,270 | bf16_mfu: 46.71 | epoch: 1 pq: 27 rg: 80 | total time: 9.79m | eta: 8.5m
step 02510/04692 (53.50%) | loss: 2.837890 | lrm: 0.93 | dt: 233.02ms | tok/sec: 2,249,960 | bf16_mfu: 47.23 | epoch: 1 pq: 27 rg: 80 | total time: 9.79m | eta: 8.5m
step 02511/04692 (53.52%) | loss: 2.849806 | lrm: 0.93 | dt: 231.61ms | tok/sec: 2,263,659 | bf16_mfu: 47.52 | epoch: 1 pq: 27 rg: 80 | total time: 9.79m | eta: 8.5m
step 02512/04692 (53.54%) | loss: 2.850611 | lrm: 0.93 | dt: 236.00ms | tok/sec: 2,221,605 | bf16_mfu: 46.64 | epoch: 1 pq: 27 rg: 80 | total time: 9.80m | eta: 8.5m
step 02513/04692 (53.56%) | loss: 2.859829 | lrm: 0.93 | dt: 235.09ms | tok/sec: 2,230,140 | bf16_mfu: 46.82 | epoch: 1 pq: 27 rg: 80 | total time: 9.80m | eta: 8.5m
step 02514/04692 (53.58%) | loss: 2.851445 | lrm: 0.93 | dt: 234.38ms | tok/sec: 2,236,923 | bf16_mfu: 46.96 | epoch: 1 pq: 27 rg: 80 | total time: 9.81m | eta: 8.5m
step 02515/04692 (53.60%) | loss: 2.845515 | lrm: 0.93 | dt: 232.67ms | tok/sec: 2,253,370 | bf16_mfu: 47.30 | epoch: 1 pq: 27 rg: 80 | total time: 9.81m | eta: 8.5m
step 02516/04692 (53.62%) | loss: 2.841863 | lrm: 0.93 | dt: 234.69ms | tok/sec: 2,234,005 | bf16_mfu: 46.90 | epoch: 1 pq: 27 rg: 80 | total time: 9.81m | eta: 8.5m
step 02517/04692 (53.64%) | loss: 2.839074 | lrm: 0.93 | dt: 232.43ms | tok/sec: 2,255,644 | bf16_mfu: 47.35 | epoch: 1 pq: 28 rg: 0 | total time: 9.82m | eta: 8.5m
step 02518/04692 (53.67%) | loss: 2.847173 | lrm: 0.93 | dt: 234.71ms | tok/sec: 2,233,721 | bf16_mfu: 46.89 | epoch: 1 pq: 28 rg: 0 | total time: 9.82m | eta: 8.5m
step 02519/04692 (53.69%) | loss: 2.850227 | lrm: 0.93 | dt: 231.64ms | tok/sec: 2,263,352 | bf16_mfu: 47.51 | epoch: 1 pq: 28 rg: 0 | total time: 9.82m | eta: 8.5m
step 02520/04692 (53.71%) | loss: 2.848010 | lrm: 0.93 | dt: 231.90ms | tok/sec: 2,260,869 | bf16_mfu: 47.46 | epoch: 1 pq: 28 rg: 0 | total time: 9.83m | eta: 8.5m
step 02521/04692 (53.73%) | loss: 2.849641 | lrm: 0.93 | dt: 237.25ms | tok/sec: 2,209,889 | bf16_mfu: 46.39 | epoch: 1 pq: 28 rg: 0 | total time: 9.83m | eta: 8.5m
step 02522/04692 (53.75%) | loss: 2.834329 | lrm: 0.92 | dt: 235.35ms | tok/sec: 2,227,653 | bf16_mfu: 46.76 | epoch: 1 pq: 28 rg: 0 | total time: 9.84m | eta: 8.5m
step 02523/04692 (53.77%) | loss: 2.829324 | lrm: 0.92 | dt: 232.82ms | tok/sec: 2,251,939 | bf16_mfu: 47.27 | epoch: 1 pq: 28 rg: 0 | total time: 9.84m | eta: 8.5m
step 02524/04692 (53.79%) | loss: 2.826225 | lrm: 0.92 | dt: 231.93ms | tok/sec: 2,260,518 | bf16_mfu: 47.45 | epoch: 1 pq: 28 rg: 0 | total time: 9.84m | eta: 8.5m
step 02525/04692 (53.82%) | loss: 2.819220 | lrm: 0.92 | dt: 233.65ms | tok/sec: 2,243,919 | bf16_mfu: 47.11 | epoch: 1 pq: 28 rg: 8 | total time: 9.85m | eta: 8.5m
step 02526/04692 (53.84%) | loss: 2.810238 | lrm: 0.92 | dt: 234.75ms | tok/sec: 2,233,424 | bf16_mfu: 46.89 | epoch: 1 pq: 28 rg: 8 | total time: 9.85m | eta: 8.5m
step 02527/04692 (53.86%) | loss: 2.810798 | lrm: 0.92 | dt: 232.80ms | tok/sec: 2,252,121 | bf16_mfu: 47.28 | epoch: 1 pq: 28 rg: 8 | total time: 9.86m | eta: 8.5m
step 02528/04692 (53.88%) | loss: 2.808487 | lrm: 0.92 | dt: 233.89ms | tok/sec: 2,241,648 | bf16_mfu: 47.06 | epoch: 1 pq: 28 rg: 8 | total time: 9.86m | eta: 8.5m
step 02529/04692 (53.90%) | loss: 2.817607 | lrm: 0.92 | dt: 233.44ms | tok/sec: 2,245,904 | bf16_mfu: 47.15 | epoch: 1 pq: 28 rg: 8 | total time: 9.86m | eta: 8.5m
step 02530/04692 (53.92%) | loss: 2.809661 | lrm: 0.92 | dt: 233.37ms | tok/sec: 2,246,590 | bf16_mfu: 47.16 | epoch: 1 pq: 28 rg: 8 | total time: 9.87m | eta: 8.5m
step 02531/04692 (53.94%) | loss: 2.810910 | lrm: 0.92 | dt: 232.84ms | tok/sec: 2,251,694 | bf16_mfu: 47.27 | epoch: 1 pq: 28 rg: 8 | total time: 9.87m | eta: 8.5m
step 02532/04692 (53.96%) | loss: 2.802079 | lrm: 0.92 | dt: 232.35ms | tok/sec: 2,256,424 | bf16_mfu: 47.37 | epoch: 1 pq: 28 rg: 8 | total time: 9.88m | eta: 8.5m
step 02533/04692 (53.99%) | loss: 2.819792 | lrm: 0.92 | dt: 237.02ms | tok/sec: 2,212,025 | bf16_mfu: 46.44 | epoch: 1 pq: 28 rg: 8 | total time: 9.88m | eta: 8.5m
step 02534/04692 (54.01%) | loss: 2.819301 | lrm: 0.92 | dt: 232.85ms | tok/sec: 2,251,565 | bf16_mfu: 47.27 | epoch: 1 pq: 28 rg: 16 | total time: 9.88m | eta: 8.5m
step 02535/04692 (54.03%) | loss: 2.820336 | lrm: 0.92 | dt: 234.44ms | tok/sec: 2,236,322 | bf16_mfu: 46.95 | epoch: 1 pq: 28 rg: 16 | total time: 9.89m | eta: 8.4m
step 02536/04692 (54.05%) | loss: 2.818343 | lrm: 0.92 | dt: 233.34ms | tok/sec: 2,246,909 | bf16_mfu: 47.17 | epoch: 1 pq: 28 rg: 16 | total time: 9.89m | eta: 8.4m
step 02537/04692 (54.07%) | loss: 2.826231 | lrm: 0.92 | dt: 235.62ms | tok/sec: 2,225,128 | bf16_mfu: 46.71 | epoch: 1 pq: 28 rg: 16 | total time: 9.89m | eta: 8.4m
step 02538/04692 (54.09%) | loss: 2.830182 | lrm: 0.92 | dt: 234.58ms | tok/sec: 2,235,006 | bf16_mfu: 46.92 | epoch: 1 pq: 28 rg: 16 | total time: 9.90m | eta: 8.4m
step 02539/04692 (54.11%) | loss: 2.816400 | lrm: 0.92 | dt: 233.38ms | tok/sec: 2,246,500 | bf16_mfu: 47.16 | epoch: 1 pq: 28 rg: 16 | total time: 9.90m | eta: 8.4m
step 02540/04692 (54.13%) | loss: 2.810275 | lrm: 0.92 | dt: 232.15ms | tok/sec: 2,258,415 | bf16_mfu: 47.41 | epoch: 1 pq: 28 rg: 16 | total time: 9.91m | eta: 8.4m
step 02541/04692 (54.16%) | loss: 2.819201 | lrm: 0.92 | dt: 235.11ms | tok/sec: 2,229,977 | bf16_mfu: 46.81 | epoch: 1 pq: 28 rg: 16 | total time: 9.91m | eta: 8.4m
step 02542/04692 (54.18%) | loss: 2.821606 | lrm: 0.92 | dt: 233.71ms | tok/sec: 2,243,299 | bf16_mfu: 47.09 | epoch: 1 pq: 28 rg: 24 | total time: 9.91m | eta: 8.4m
step 02543/04692 (54.20%) | loss: 2.821882 | lrm: 0.92 | dt: 232.66ms | tok/sec: 2,253,487 | bf16_mfu: 47.31 | epoch: 1 pq: 28 rg: 24 | total time: 9.92m | eta: 8.4m
step 02544/04692 (54.22%) | loss: 2.830785 | lrm: 0.92 | dt: 234.00ms | tok/sec: 2,240,561 | bf16_mfu: 47.04 | epoch: 1 pq: 28 rg: 24 | total time: 9.92m | eta: 8.4m
step 02545/04692 (54.24%) | loss: 2.824571 | lrm: 0.92 | dt: 235.47ms | tok/sec: 2,226,604 | bf16_mfu: 46.74 | epoch: 1 pq: 28 rg: 24 | total time: 9.93m | eta: 8.4m
step 02546/04692 (54.26%) | loss: 2.811914 | lrm: 0.91 | dt: 234.53ms | tok/sec: 2,235,513 | bf16_mfu: 46.93 | epoch: 1 pq: 28 rg: 24 | total time: 9.93m | eta: 8.4m
step 02547/04692 (54.28%) | loss: 2.809995 | lrm: 0.91 | dt: 233.80ms | tok/sec: 2,242,491 | bf16_mfu: 47.08 | epoch: 1 pq: 28 rg: 24 | total time: 9.93m | eta: 8.4m
step 02548/04692 (54.31%) | loss: 2.808261 | lrm: 0.91 | dt: 234.18ms | tok/sec: 2,238,813 | bf16_mfu: 47.00 | epoch: 1 pq: 28 rg: 24 | total time: 9.94m | eta: 8.4m
step 02549/04692 (54.33%) | loss: 2.817984 | lrm: 0.91 | dt: 234.81ms | tok/sec: 2,232,823 | bf16_mfu: 46.87 | epoch: 1 pq: 28 rg: 24 | total time: 9.94m | eta: 8.4m
step 02550/04692 (54.35%) | loss: 2.813972 | lrm: 0.91 | dt: 236.16ms | tok/sec: 2,220,073 | bf16_mfu: 46.61 | epoch: 1 pq: 28 rg: 32 | total time: 9.95m | eta: 8.4m
step 02551/04692 (54.37%) | loss: 2.814751 | lrm: 0.91 | dt: 233.47ms | tok/sec: 2,245,610 | bf16_mfu: 47.14 | epoch: 1 pq: 28 rg: 32 | total time: 9.95m | eta: 8.4m
step 02552/04692 (54.39%) | loss: 2.814547 | lrm: 0.91 | dt: 232.33ms | tok/sec: 2,256,637 | bf16_mfu: 47.37 | epoch: 1 pq: 28 rg: 32 | total time: 9.95m | eta: 8.4m
step 02553/04692 (54.41%) | loss: 2.813932 | lrm: 0.91 | dt: 234.18ms | tok/sec: 2,238,811 | bf16_mfu: 47.00 | epoch: 1 pq: 28 rg: 32 | total time: 9.96m | eta: 8.4m
step 02554/04692 (54.43%) | loss: 2.803680 | lrm: 0.91 | dt: 234.33ms | tok/sec: 2,237,358 | bf16_mfu: 46.97 | epoch: 1 pq: 28 rg: 32 | total time: 9.96m | eta: 8.4m
step 02555/04692 (54.45%) | loss: 2.795432 | lrm: 0.91 | dt: 234.20ms | tok/sec: 2,238,626 | bf16_mfu: 47.00 | epoch: 1 pq: 28 rg: 32 | total time: 9.97m | eta: 8.4m
step 02556/04692 (54.48%) | loss: 2.791318 | lrm: 0.91 | dt: 232.26ms | tok/sec: 2,257,293 | bf16_mfu: 47.39 | epoch: 1 pq: 28 rg: 32 | total time: 9.97m | eta: 8.4m
step 02557/04692 (54.50%) | loss: 2.801445 | lrm: 0.91 | dt: 234.94ms | tok/sec: 2,231,586 | bf16_mfu: 46.85 | epoch: 1 pq: 28 rg: 32 | total time: 9.97m | eta: 8.4m
step 02558/04692 (54.52%) | loss: 2.813755 | lrm: 0.91 | dt: 234.00ms | tok/sec: 2,240,540 | bf16_mfu: 47.04 | epoch: 1 pq: 28 rg: 32 | total time: 9.98m | eta: 8.4m
step 02559/04692 (54.54%) | loss: 2.817376 | lrm: 0.91 | dt: 232.50ms | tok/sec: 2,254,999 | bf16_mfu: 47.34 | epoch: 1 pq: 28 rg: 40 | total time: 9.98m | eta: 8.4m
step 02560/04692 (54.56%) | loss: 2.818846 | lrm: 0.91 | dt: 233.26ms | tok/sec: 2,247,623 | bf16_mfu: 47.18 | epoch: 1 pq: 28 rg: 40 | total time: 9.98m | eta: 8.3m
step 02561/04692 (54.58%) | loss: 2.821194 | lrm: 0.91 | dt: 237.13ms | tok/sec: 2,210,991 | bf16_mfu: 46.42 | epoch: 1 pq: 28 rg: 40 | total time: 9.99m | eta: 8.3m
step 02562/04692 (54.60%) | loss: 2.812894 | lrm: 0.91 | dt: 231.72ms | tok/sec: 2,262,614 | bf16_mfu: 47.50 | epoch: 1 pq: 28 rg: 40 | total time: 9.99m | eta: 8.3m
step 02563/04692 (54.62%) | loss: 2.811555 | lrm: 0.91 | dt: 232.94ms | tok/sec: 2,250,786 | bf16_mfu: 47.25 | epoch: 1 pq: 28 rg: 40 | total time: 10.00m | eta: 8.3m
step 02564/04692 (54.65%) | loss: 2.805370 | lrm: 0.91 | dt: 232.59ms | tok/sec: 2,254,109 | bf16_mfu: 47.32 | epoch: 1 pq: 28 rg: 40 | total time: 10.00m | eta: 8.3m
step 02565/04692 (54.67%) | loss: 2.798439 | lrm: 0.91 | dt: 236.98ms | tok/sec: 2,212,368 | bf16_mfu: 46.44 | epoch: 1 pq: 28 rg: 40 | total time: 10.00m | eta: 8.3m
step 02566/04692 (54.69%) | loss: 2.792077 | lrm: 0.91 | dt: 233.51ms | tok/sec: 2,245,264 | bf16_mfu: 47.13 | epoch: 1 pq: 28 rg: 40 | total time: 10.01m | eta: 8.3m
step 02567/04692 (54.71%) | loss: 2.800657 | lrm: 0.91 | dt: 232.27ms | tok/sec: 2,257,193 | bf16_mfu: 47.38 | epoch: 1 pq: 28 rg: 48 | total time: 10.01m | eta: 8.3m
step 02568/04692 (54.73%) | loss: 2.804737 | lrm: 0.91 | dt: 229.15ms | tok/sec: 2,288,018 | bf16_mfu: 48.03 | epoch: 1 pq: 28 rg: 48 | total time: 10.02m | eta: 8.3m
step 02569/04692 (54.75%) | loss: 2.814880 | lrm: 0.90 | dt: 229.84ms | tok/sec: 2,281,108 | bf16_mfu: 47.89 | epoch: 1 pq: 28 rg: 48 | total time: 10.02m | eta: 8.3m
step 02570/04692 (54.77%) | loss: 2.828196 | lrm: 0.90 | dt: 229.75ms | tok/sec: 2,281,994 | bf16_mfu: 47.91 | epoch: 1 pq: 28 rg: 48 | total time: 10.02m | eta: 8.3m
step 02571/04692 (54.80%) | loss: 2.825541 | lrm: 0.90 | dt: 234.47ms | tok/sec: 2,236,065 | bf16_mfu: 46.94 | epoch: 1 pq: 28 rg: 48 | total time: 10.03m | eta: 8.3m
step 02572/04692 (54.82%) | loss: 2.819052 | lrm: 0.90 | dt: 240.03ms | tok/sec: 2,184,233 | bf16_mfu: 45.85 | epoch: 1 pq: 28 rg: 48 | total time: 10.03m | eta: 8.3m
step 02573/04692 (54.84%) | loss: 2.821183 | lrm: 0.90 | dt: 237.53ms | tok/sec: 2,207,203 | bf16_mfu: 46.34 | epoch: 1 pq: 28 rg: 48 | total time: 10.04m | eta: 8.3m
step 02574/04692 (54.86%) | loss: 2.812006 | lrm: 0.90 | dt: 231.13ms | tok/sec: 2,268,320 | bf16_mfu: 47.62 | epoch: 1 pq: 28 rg: 48 | total time: 10.04m | eta: 8.3m
step 02575/04692 (54.88%) | loss: 2.804523 | lrm: 0.90 | dt: 230.92ms | tok/sec: 2,270,463 | bf16_mfu: 47.66 | epoch: 1 pq: 28 rg: 56 | total time: 10.04m | eta: 8.3m
step 02576/04692 (54.90%) | loss: 2.814286 | lrm: 0.90 | dt: 238.30ms | tok/sec: 2,200,123 | bf16_mfu: 46.19 | epoch: 1 pq: 28 rg: 56 | total time: 10.05m | eta: 8.3m
step 02577/04692 (54.92%) | loss: 2.812200 | lrm: 0.90 | dt: 234.70ms | tok/sec: 2,233,821 | bf16_mfu: 46.89 | epoch: 1 pq: 28 rg: 56 | total time: 10.05m | eta: 8.3m
step 02578/04692 (54.94%) | loss: 2.800329 | lrm: 0.90 | dt: 233.93ms | tok/sec: 2,241,252 | bf16_mfu: 47.05 | epoch: 1 pq: 28 rg: 56 | total time: 10.05m | eta: 8.3m
step 02579/04692 (54.97%) | loss: 2.797655 | lrm: 0.90 | dt: 230.40ms | tok/sec: 2,275,575 | bf16_mfu: 47.77 | epoch: 1 pq: 28 rg: 56 | total time: 10.06m | eta: 8.3m
step 02580/04692 (54.99%) | loss: 2.791920 | lrm: 0.90 | dt: 236.36ms | tok/sec: 2,218,163 | bf16_mfu: 46.57 | epoch: 1 pq: 28 rg: 56 | total time: 10.06m | eta: 8.3m
step 02581/04692 (55.01%) | loss: 2.796784 | lrm: 0.90 | dt: 236.43ms | tok/sec: 2,217,535 | bf16_mfu: 46.55 | epoch: 1 pq: 28 rg: 56 | total time: 10.07m | eta: 8.3m
step 02582/04692 (55.03%) | loss: 2.801747 | lrm: 0.90 | dt: 234.57ms | tok/sec: 2,235,061 | bf16_mfu: 46.92 | epoch: 1 pq: 28 rg: 56 | total time: 10.07m | eta: 8.3m
step 02583/04692 (55.05%) | loss: 2.803311 | lrm: 0.90 | dt: 231.63ms | tok/sec: 2,263,494 | bf16_mfu: 47.52 | epoch: 1 pq: 28 rg: 56 | total time: 10.07m | eta: 8.3m
step 02584/04692 (55.07%) | loss: 2.807405 | lrm: 0.90 | dt: 232.52ms | tok/sec: 2,254,834 | bf16_mfu: 47.34 | epoch: 1 pq: 28 rg: 64 | total time: 10.08m | eta: 8.3m
step 02585/04692 (55.09%) | loss: 2.802372 | lrm: 0.90 | dt: 235.86ms | tok/sec: 2,222,854 | bf16_mfu: 46.66 | epoch: 1 pq: 28 rg: 64 | total time: 10.08m | eta: 8.2m
step 02586/04692 (55.12%) | loss: 2.798900 | lrm: 0.90 | dt: 236.27ms | tok/sec: 2,219,063 | bf16_mfu: 46.58 | epoch: 1 pq: 28 rg: 64 | total time: 10.09m | eta: 8.2m
step 02587/04692 (55.14%) | loss: 2.799813 | lrm: 0.90 | dt: 232.70ms | tok/sec: 2,253,099 | bf16_mfu: 47.30 | epoch: 1 pq: 28 rg: 64 | total time: 10.09m | eta: 8.2m
step 02588/04692 (55.16%) | loss: 2.798104 | lrm: 0.90 | dt: 230.90ms | tok/sec: 2,270,613 | bf16_mfu: 47.67 | epoch: 1 pq: 28 rg: 64 | total time: 10.09m | eta: 8.2m
step 02589/04692 (55.18%) | loss: 2.805472 | lrm: 0.90 | dt: 235.66ms | tok/sec: 2,224,788 | bf16_mfu: 46.70 | epoch: 1 pq: 28 rg: 64 | total time: 10.10m | eta: 8.2m
step 02590/04692 (55.20%) | loss: 2.798122 | lrm: 0.90 | dt: 238.34ms | tok/sec: 2,199,740 | bf16_mfu: 46.18 | epoch: 1 pq: 28 rg: 64 | total time: 10.10m | eta: 8.2m
step 02591/04692 (55.22%) | loss: 2.799950 | lrm: 0.90 | dt: 234.42ms | tok/sec: 2,236,545 | bf16_mfu: 46.95 | epoch: 1 pq: 28 rg: 64 | total time: 10.11m | eta: 8.2m
step 02592/04692 (55.24%) | loss: 2.803924 | lrm: 0.90 | dt: 230.13ms | tok/sec: 2,278,199 | bf16_mfu: 47.83 | epoch: 1 pq: 28 rg: 72 | total time: 10.11m | eta: 8.2m
step 02593/04692 (55.26%) | loss: 2.813022 | lrm: 0.89 | dt: 232.63ms | tok/sec: 2,253,785 | bf16_mfu: 47.31 | epoch: 1 pq: 28 rg: 72 | total time: 10.11m | eta: 8.2m
step 02594/04692 (55.29%) | loss: 2.815834 | lrm: 0.89 | dt: 236.31ms | tok/sec: 2,218,615 | bf16_mfu: 46.58 | epoch: 1 pq: 28 rg: 72 | total time: 10.12m | eta: 8.2m
step 02595/04692 (55.31%) | loss: 2.820453 | lrm: 0.89 | dt: 232.64ms | tok/sec: 2,253,626 | bf16_mfu: 47.31 | epoch: 1 pq: 28 rg: 72 | total time: 10.12m | eta: 8.2m
step 02596/04692 (55.33%) | loss: 2.829202 | lrm: 0.89 | dt: 232.11ms | tok/sec: 2,258,767 | bf16_mfu: 47.42 | epoch: 1 pq: 28 rg: 72 | total time: 10.12m | eta: 8.2m
step 02597/04692 (55.35%) | loss: 2.811943 | lrm: 0.89 | dt: 234.89ms | tok/sec: 2,232,093 | bf16_mfu: 46.86 | epoch: 1 pq: 28 rg: 72 | total time: 10.13m | eta: 8.2m
step 02598/04692 (55.37%) | loss: 2.806181 | lrm: 0.89 | dt: 235.34ms | tok/sec: 2,227,781 | bf16_mfu: 46.77 | epoch: 1 pq: 28 rg: 72 | total time: 10.13m | eta: 8.2m
step 02599/04692 (55.39%) | loss: 2.813316 | lrm: 0.89 | dt: 235.38ms | tok/sec: 2,227,391 | bf16_mfu: 46.76 | epoch: 1 pq: 28 rg: 72 | total time: 10.14m | eta: 8.2m
step 02600/04692 (55.41%) | loss: 2.819129 | lrm: 0.89 | dt: 231.99ms | tok/sec: 2,259,942 | bf16_mfu: 47.44 | epoch: 1 pq: 28 rg: 80 | total time: 10.14m | eta: 8.2m
step 02601/04692 (55.43%) | loss: 2.811886 | lrm: 0.89 | dt: 232.71ms | tok/sec: 2,252,979 | bf16_mfu: 47.30 | epoch: 1 pq: 28 rg: 80 | total time: 10.14m | eta: 8.2m
step 02602/04692 (55.46%) | loss: 2.810385 | lrm: 0.89 | dt: 235.05ms | tok/sec: 2,230,567 | bf16_mfu: 46.83 | epoch: 1 pq: 28 rg: 80 | total time: 10.15m | eta: 8.2m
step 02603/04692 (55.48%) | loss: 2.814002 | lrm: 0.89 | dt: 233.73ms | tok/sec: 2,243,150 | bf16_mfu: 47.09 | epoch: 1 pq: 28 rg: 80 | total time: 10.15m | eta: 8.2m
step 02604/04692 (55.50%) | loss: 2.815326 | lrm: 0.89 | dt: 233.29ms | tok/sec: 2,247,377 | bf16_mfu: 47.18 | epoch: 1 pq: 28 rg: 80 | total time: 10.16m | eta: 8.2m
step 02605/04692 (55.52%) | loss: 2.809264 | lrm: 0.89 | dt: 233.45ms | tok/sec: 2,245,805 | bf16_mfu: 47.15 | epoch: 1 pq: 28 rg: 80 | total time: 10.16m | eta: 8.2m
step 02606/04692 (55.54%) | loss: 2.799198 | lrm: 0.89 | dt: 232.40ms | tok/sec: 2,255,940 | bf16_mfu: 47.36 | epoch: 1 pq: 28 rg: 80 | total time: 10.16m | eta: 8.2m
step 02607/04692 (55.56%) | loss: 2.798382 | lrm: 0.89 | dt: 234.28ms | tok/sec: 2,237,854 | bf16_mfu: 46.98 | epoch: 1 pq: 28 rg: 80 | total time: 10.17m | eta: 8.2m
step 02608/04692 (55.58%) | loss: 2.804242 | lrm: 0.89 | dt: 234.58ms | tok/sec: 2,235,020 | bf16_mfu: 46.92 | epoch: 1 pq: 28 rg: 80 | total time: 10.17m | eta: 8.2m
step 02609/04692 (55.61%) | loss: 2.813054 | lrm: 0.89 | dt: 233.28ms | tok/sec: 2,247,430 | bf16_mfu: 47.18 | epoch: 1 pq: 29 rg: 0 | total time: 10.18m | eta: 8.2m
step 02610/04692 (55.63%) | loss: 2.817748 | lrm: 0.89 | dt: 233.69ms | tok/sec: 2,243,560 | bf16_mfu: 47.10 | epoch: 1 pq: 29 rg: 0 | total time: 10.18m | eta: 8.2m
step 02611/04692 (55.65%) | loss: 2.818275 | lrm: 0.89 | dt: 232.81ms | tok/sec: 2,252,017 | bf16_mfu: 47.28 | epoch: 1 pq: 29 rg: 0 | total time: 10.18m | eta: 8.1m
step 02612/04692 (55.67%) | loss: 2.819844 | lrm: 0.89 | dt: 234.11ms | tok/sec: 2,239,534 | bf16_mfu: 47.01 | epoch: 1 pq: 29 rg: 0 | total time: 10.19m | eta: 8.1m
step 02613/04692 (55.69%) | loss: 2.815947 | lrm: 0.89 | dt: 235.42ms | tok/sec: 2,227,043 | bf16_mfu: 46.75 | epoch: 1 pq: 29 rg: 0 | total time: 10.19m | eta: 8.1m
step 02614/04692 (55.71%) | loss: 2.815291 | lrm: 0.89 | dt: 232.35ms | tok/sec: 2,256,482 | bf16_mfu: 47.37 | epoch: 1 pq: 29 rg: 0 | total time: 10.20m | eta: 8.1m
step 02615/04692 (55.73%) | loss: 2.811365 | lrm: 0.89 | dt: 233.66ms | tok/sec: 2,243,853 | bf16_mfu: 47.10 | epoch: 1 pq: 29 rg: 0 | total time: 10.20m | eta: 8.1m
step 02616/04692 (55.75%) | loss: 2.809351 | lrm: 0.88 | dt: 232.05ms | tok/sec: 2,259,389 | bf16_mfu: 47.43 | epoch: 1 pq: 29 rg: 0 | total time: 10.20m | eta: 8.1m
step 02617/04692 (55.78%) | loss: 2.807896 | lrm: 0.88 | dt: 236.50ms | tok/sec: 2,216,864 | bf16_mfu: 46.54 | epoch: 1 pq: 29 rg: 8 | total time: 10.21m | eta: 8.1m
step 02618/04692 (55.80%) | loss: 2.813109 | lrm: 0.88 | dt: 234.01ms | tok/sec: 2,240,483 | bf16_mfu: 47.03 | epoch: 1 pq: 29 rg: 8 | total time: 10.21m | eta: 8.1m
step 02619/04692 (55.82%) | loss: 2.814590 | lrm: 0.88 | dt: 231.67ms | tok/sec: 2,263,105 | bf16_mfu: 47.51 | epoch: 1 pq: 29 rg: 8 | total time: 10.21m | eta: 8.1m
step 02620/04692 (55.84%) | loss: 2.809690 | lrm: 0.88 | dt: 233.46ms | tok/sec: 2,245,741 | bf16_mfu: 47.14 | epoch: 1 pq: 29 rg: 8 | total time: 10.22m | eta: 8.1m
step 02621/04692 (55.86%) | loss: 2.816034 | lrm: 0.88 | dt: 233.93ms | tok/sec: 2,241,209 | bf16_mfu: 47.05 | epoch: 1 pq: 29 rg: 8 | total time: 10.22m | eta: 8.1m
step 02622/04692 (55.88%) | loss: 2.813828 | lrm: 0.88 | dt: 234.28ms | tok/sec: 2,237,911 | bf16_mfu: 46.98 | epoch: 1 pq: 29 rg: 8 | total time: 10.23m | eta: 8.1m
step 02623/04692 (55.90%) | loss: 2.823157 | lrm: 0.88 | dt: 233.17ms | tok/sec: 2,248,536 | bf16_mfu: 47.20 | epoch: 1 pq: 29 rg: 8 | total time: 10.23m | eta: 8.1m
step 02624/04692 (55.92%) | loss: 2.824585 | lrm: 0.88 | dt: 233.45ms | tok/sec: 2,245,846 | bf16_mfu: 47.15 | epoch: 1 pq: 29 rg: 8 | total time: 10.23m | eta: 8.1m
step 02625/04692 (55.95%) | loss: 2.818456 | lrm: 0.88 | dt: 234.39ms | tok/sec: 2,236,839 | bf16_mfu: 46.96 | epoch: 1 pq: 29 rg: 8 | total time: 10.24m | eta: 8.1m
step 02626/04692 (55.97%) | loss: 2.809384 | lrm: 0.88 | dt: 235.09ms | tok/sec: 2,230,126 | bf16_mfu: 46.82 | epoch: 1 pq: 29 rg: 16 | total time: 10.24m | eta: 8.1m
step 02627/04692 (55.99%) | loss: 2.805840 | lrm: 0.88 | dt: 232.41ms | tok/sec: 2,255,866 | bf16_mfu: 47.36 | epoch: 1 pq: 29 rg: 16 | total time: 10.25m | eta: 8.1m
step 02628/04692 (56.01%) | loss: 2.817349 | lrm: 0.88 | dt: 235.92ms | tok/sec: 2,222,306 | bf16_mfu: 46.65 | epoch: 1 pq: 29 rg: 16 | total time: 10.25m | eta: 8.1m
step 02629/04692 (56.03%) | loss: 2.805400 | lrm: 0.88 | dt: 233.76ms | tok/sec: 2,242,834 | bf16_mfu: 47.08 | epoch: 1 pq: 29 rg: 16 | total time: 10.25m | eta: 8.1m
step 02630/04692 (56.05%) | loss: 2.797205 | lrm: 0.88 | dt: 233.04ms | tok/sec: 2,249,757 | bf16_mfu: 47.23 | epoch: 1 pq: 29 rg: 16 | total time: 10.26m | eta: 8.1m
step 02631/04692 (56.07%) | loss: 2.797585 | lrm: 0.88 | dt: 232.56ms | tok/sec: 2,254,393 | bf16_mfu: 47.33 | epoch: 1 pq: 29 rg: 16 | total time: 10.26m | eta: 8.1m
step 02632/04692 (56.10%) | loss: 2.803759 | lrm: 0.88 | dt: 236.17ms | tok/sec: 2,219,941 | bf16_mfu: 46.60 | epoch: 1 pq: 29 rg: 16 | total time: 10.27m | eta: 8.1m
step 02633/04692 (56.12%) | loss: 2.810000 | lrm: 0.88 | dt: 233.75ms | tok/sec: 2,242,990 | bf16_mfu: 47.09 | epoch: 1 pq: 29 rg: 16 | total time: 10.27m | eta: 8.1m
step 02634/04692 (56.14%) | loss: 2.808360 | lrm: 0.88 | dt: 235.31ms | tok/sec: 2,228,052 | bf16_mfu: 46.77 | epoch: 1 pq: 29 rg: 24 | total time: 10.27m | eta: 8.1m
step 02635/04692 (56.16%) | loss: 2.801902 | lrm: 0.88 | dt: 233.84ms | tok/sec: 2,242,082 | bf16_mfu: 47.07 | epoch: 1 pq: 29 rg: 24 | total time: 10.28m | eta: 8.1m
step 02636/04692 (56.18%) | loss: 2.793337 | lrm: 0.88 | dt: 232.86ms | tok/sec: 2,251,535 | bf16_mfu: 47.27 | epoch: 1 pq: 29 rg: 24 | total time: 10.28m | eta: 8.0m
step 02637/04692 (56.20%) | loss: 2.783738 | lrm: 0.88 | dt: 234.25ms | tok/sec: 2,238,164 | bf16_mfu: 46.99 | epoch: 1 pq: 29 rg: 24 | total time: 10.28m | eta: 8.0m
step 02638/04692 (56.22%) | loss: 2.785281 | lrm: 0.88 | dt: 233.66ms | tok/sec: 2,243,770 | bf16_mfu: 47.10 | epoch: 1 pq: 29 rg: 24 | total time: 10.29m | eta: 8.0m
step 02639/04692 (56.24%) | loss: 2.792924 | lrm: 0.88 | dt: 234.60ms | tok/sec: 2,234,859 | bf16_mfu: 46.92 | epoch: 1 pq: 29 rg: 24 | total time: 10.29m | eta: 8.0m
step 02640/04692 (56.27%) | loss: 2.796944 | lrm: 0.87 | dt: 234.17ms | tok/sec: 2,238,964 | bf16_mfu: 47.00 | epoch: 1 pq: 29 rg: 24 | total time: 10.30m | eta: 8.0m
step 02641/04692 (56.29%) | loss: 2.790565 | lrm: 0.87 | dt: 234.78ms | tok/sec: 2,233,145 | bf16_mfu: 46.88 | epoch: 1 pq: 29 rg: 24 | total time: 10.30m | eta: 8.0m
step 02642/04692 (56.31%) | loss: 2.808427 | lrm: 0.87 | dt: 233.52ms | tok/sec: 2,245,131 | bf16_mfu: 47.13 | epoch: 1 pq: 29 rg: 32 | total time: 10.30m | eta: 8.0m
step 02643/04692 (56.33%) | loss: 2.802271 | lrm: 0.87 | dt: 233.17ms | tok/sec: 2,248,559 | bf16_mfu: 47.20 | epoch: 1 pq: 29 rg: 32 | total time: 10.31m | eta: 8.0m
step 02644/04692 (56.35%) | loss: 2.796680 | lrm: 0.87 | dt: 234.08ms | tok/sec: 2,239,801 | bf16_mfu: 47.02 | epoch: 1 pq: 29 rg: 32 | total time: 10.31m | eta: 8.0m
step 02645/04692 (56.37%) | loss: 2.792060 | lrm: 0.87 | dt: 235.30ms | tok/sec: 2,228,210 | bf16_mfu: 46.78 | epoch: 1 pq: 29 rg: 32 | total time: 10.32m | eta: 8.0m
step 02646/04692 (56.39%) | loss: 2.795359 | lrm: 0.87 | dt: 235.75ms | tok/sec: 2,223,897 | bf16_mfu: 46.69 | epoch: 1 pq: 29 rg: 32 | total time: 10.32m | eta: 8.0m
step 02647/04692 (56.42%) | loss: 2.790813 | lrm: 0.87 | dt: 232.41ms | tok/sec: 2,255,912 | bf16_mfu: 47.36 | epoch: 1 pq: 29 rg: 32 | total time: 10.32m | eta: 8.0m
step 02648/04692 (56.44%) | loss: 2.785121 | lrm: 0.87 | dt: 233.78ms | tok/sec: 2,242,663 | bf16_mfu: 47.08 | epoch: 1 pq: 29 rg: 32 | total time: 10.33m | eta: 8.0m
step 02649/04692 (56.46%) | loss: 2.785081 | lrm: 0.87 | dt: 234.68ms | tok/sec: 2,234,048 | bf16_mfu: 46.90 | epoch: 1 pq: 29 rg: 32 | total time: 10.33m | eta: 8.0m
step 02650/04692 (56.48%) | loss: 2.793923 | lrm: 0.87 | dt: 234.23ms | tok/sec: 2,238,373 | bf16_mfu: 46.99 | epoch: 1 pq: 29 rg: 40 | total time: 10.34m | eta: 8.0m
step 02651/04692 (56.50%) | loss: 2.805489 | lrm: 0.87 | dt: 232.14ms | tok/sec: 2,258,484 | bf16_mfu: 47.41 | epoch: 1 pq: 29 rg: 40 | total time: 10.34m | eta: 8.0m
step 02652/04692 (56.52%) | loss: 2.805063 | lrm: 0.87 | dt: 233.31ms | tok/sec: 2,247,212 | bf16_mfu: 47.18 | epoch: 1 pq: 29 rg: 40 | total time: 10.34m | eta: 8.0m
step 02653/04692 (56.54%) | loss: 2.799637 | lrm: 0.87 | dt: 233.68ms | tok/sec: 2,243,640 | bf16_mfu: 47.10 | epoch: 1 pq: 29 rg: 40 | total time: 10.35m | eta: 8.0m
step 02654/04692 (56.56%) | loss: 2.798755 | lrm: 0.87 | dt: 234.67ms | tok/sec: 2,234,103 | bf16_mfu: 46.90 | epoch: 1 pq: 29 rg: 40 | total time: 10.35m | eta: 8.0m
step 02655/04692 (56.59%) | loss: 2.807078 | lrm: 0.87 | dt: 234.02ms | tok/sec: 2,240,401 | bf16_mfu: 47.03 | epoch: 1 pq: 29 rg: 40 | total time: 10.35m | eta: 8.0m
step 02656/04692 (56.61%) | loss: 2.810924 | lrm: 0.87 | dt: 234.06ms | tok/sec: 2,239,988 | bf16_mfu: 47.02 | epoch: 1 pq: 29 rg: 40 | total time: 10.36m | eta: 8.0m
step 02657/04692 (56.63%) | loss: 2.803842 | lrm: 0.87 | dt: 232.71ms | tok/sec: 2,252,947 | bf16_mfu: 47.30 | epoch: 1 pq: 29 rg: 40 | total time: 10.36m | eta: 8.0m
step 02658/04692 (56.65%) | loss: 2.803696 | lrm: 0.87 | dt: 233.58ms | tok/sec: 2,244,599 | bf16_mfu: 47.12 | epoch: 1 pq: 29 rg: 40 | total time: 10.37m | eta: 8.0m
step 02659/04692 (56.67%) | loss: 2.795552 | lrm: 0.87 | dt: 233.11ms | tok/sec: 2,249,081 | bf16_mfu: 47.21 | epoch: 1 pq: 29 rg: 48 | total time: 10.37m | eta: 8.0m
step 02660/04692 (56.69%) | loss: 2.786475 | lrm: 0.87 | dt: 235.38ms | tok/sec: 2,227,416 | bf16_mfu: 46.76 | epoch: 1 pq: 29 rg: 48 | total time: 10.37m | eta: 8.0m
step 02661/04692 (56.71%) | loss: 2.782014 | lrm: 0.87 | dt: 234.01ms | tok/sec: 2,240,446 | bf16_mfu: 47.03 | epoch: 1 pq: 29 rg: 48 | total time: 10.38m | eta: 8.0m
step 02662/04692 (56.73%) | loss: 2.776453 | lrm: 0.87 | dt: 233.22ms | tok/sec: 2,248,078 | bf16_mfu: 47.19 | epoch: 1 pq: 29 rg: 48 | total time: 10.38m | eta: 7.9m
step 02663/04692 (56.76%) | loss: 2.780799 | lrm: 0.86 | dt: 233.97ms | tok/sec: 2,240,848 | bf16_mfu: 47.04 | epoch: 1 pq: 29 rg: 48 | total time: 10.39m | eta: 7.9m
step 02664/04692 (56.78%) | loss: 2.788545 | lrm: 0.86 | dt: 234.78ms | tok/sec: 2,233,141 | bf16_mfu: 46.88 | epoch: 1 pq: 29 rg: 48 | total time: 10.39m | eta: 7.9m
step 02665/04692 (56.80%) | loss: 2.795949 | lrm: 0.86 | dt: 233.44ms | tok/sec: 2,245,934 | bf16_mfu: 47.15 | epoch: 1 pq: 29 rg: 48 | total time: 10.39m | eta: 7.9m
step 02666/04692 (56.82%) | loss: 2.789522 | lrm: 0.86 | dt: 234.97ms | tok/sec: 2,231,289 | bf16_mfu: 46.84 | epoch: 1 pq: 29 rg: 48 | total time: 10.40m | eta: 7.9m
step 02667/04692 (56.84%) | loss: 2.789214 | lrm: 0.86 | dt: 232.83ms | tok/sec: 2,251,826 | bf16_mfu: 47.27 | epoch: 1 pq: 29 rg: 56 | total time: 10.40m | eta: 7.9m
step 02668/04692 (56.86%) | loss: 2.788419 | lrm: 0.86 | dt: 235.39ms | tok/sec: 2,227,337 | bf16_mfu: 46.76 | epoch: 1 pq: 29 rg: 56 | total time: 10.41m | eta: 7.9m
step 02669/04692 (56.88%) | loss: 2.783361 | lrm: 0.86 | dt: 233.84ms | tok/sec: 2,242,077 | bf16_mfu: 47.07 | epoch: 1 pq: 29 rg: 56 | total time: 10.41m | eta: 7.9m
step 02670/04692 (56.91%) | loss: 2.786827 | lrm: 0.86 | dt: 234.36ms | tok/sec: 2,237,096 | bf16_mfu: 46.96 | epoch: 1 pq: 29 rg: 56 | total time: 10.41m | eta: 7.9m
step 02671/04692 (56.93%) | loss: 2.776321 | lrm: 0.86 | dt: 231.85ms | tok/sec: 2,261,371 | bf16_mfu: 47.47 | epoch: 1 pq: 29 rg: 56 | total time: 10.42m | eta: 7.9m
step 02672/04692 (56.95%) | loss: 2.774509 | lrm: 0.86 | dt: 235.50ms | tok/sec: 2,226,317 | bf16_mfu: 46.74 | epoch: 1 pq: 29 rg: 56 | total time: 10.42m | eta: 7.9m
step 02673/04692 (56.97%) | loss: 2.766575 | lrm: 0.86 | dt: 232.53ms | tok/sec: 2,254,719 | bf16_mfu: 47.33 | epoch: 1 pq: 29 rg: 56 | total time: 10.43m | eta: 7.9m
step 02674/04692 (56.99%) | loss: 2.780805 | lrm: 0.86 | dt: 233.95ms | tok/sec: 2,241,035 | bf16_mfu: 47.05 | epoch: 1 pq: 29 rg: 56 | total time: 10.43m | eta: 7.9m
step 02675/04692 (57.01%) | loss: 2.770900 | lrm: 0.86 | dt: 234.68ms | tok/sec: 2,234,094 | bf16_mfu: 46.90 | epoch: 1 pq: 29 rg: 64 | total time: 10.43m | eta: 7.9m
step 02676/04692 (57.03%) | loss: 2.772563 | lrm: 0.86 | dt: 235.90ms | tok/sec: 2,222,490 | bf16_mfu: 46.66 | epoch: 1 pq: 29 rg: 64 | total time: 10.44m | eta: 7.9m
step 02677/04692 (57.05%) | loss: 2.782127 | lrm: 0.86 | dt: 232.24ms | tok/sec: 2,257,480 | bf16_mfu: 47.39 | epoch: 1 pq: 29 rg: 64 | total time: 10.44m | eta: 7.9m
step 02678/04692 (57.08%) | loss: 2.780211 | lrm: 0.86 | dt: 234.71ms | tok/sec: 2,233,785 | bf16_mfu: 46.89 | epoch: 1 pq: 29 rg: 64 | total time: 10.44m | eta: 7.9m
step 02679/04692 (57.10%) | loss: 2.787889 | lrm: 0.86 | dt: 234.15ms | tok/sec: 2,239,105 | bf16_mfu: 47.01 | epoch: 1 pq: 29 rg: 64 | total time: 10.45m | eta: 7.9m
step 02680/04692 (57.12%) | loss: 2.782411 | lrm: 0.86 | dt: 233.68ms | tok/sec: 2,243,615 | bf16_mfu: 47.10 | epoch: 1 pq: 29 rg: 64 | total time: 10.45m | eta: 7.9m
step 02681/04692 (57.14%) | loss: 2.785234 | lrm: 0.86 | dt: 233.60ms | tok/sec: 2,244,359 | bf16_mfu: 47.12 | epoch: 1 pq: 29 rg: 64 | total time: 10.46m | eta: 7.9m
step 02682/04692 (57.16%) | loss: 2.787279 | lrm: 0.86 | dt: 232.75ms | tok/sec: 2,252,534 | bf16_mfu: 47.29 | epoch: 1 pq: 29 rg: 64 | total time: 10.46m | eta: 7.9m
step 02683/04692 (57.18%) | loss: 2.799146 | lrm: 0.86 | dt: 233.38ms | tok/sec: 2,246,544 | bf16_mfu: 47.16 | epoch: 1 pq: 29 rg: 72 | total time: 10.46m | eta: 7.9m
step 02684/04692 (57.20%) | loss: 2.806063 | lrm: 0.86 | dt: 236.51ms | tok/sec: 2,216,813 | bf16_mfu: 46.54 | epoch: 1 pq: 29 rg: 72 | total time: 10.47m | eta: 7.9m
step 02685/04692 (57.23%) | loss: 2.810923 | lrm: 0.86 | dt: 234.30ms | tok/sec: 2,237,706 | bf16_mfu: 46.98 | epoch: 1 pq: 29 rg: 72 | total time: 10.47m | eta: 7.9m
step 02686/04692 (57.25%) | loss: 2.803030 | lrm: 0.86 | dt: 234.04ms | tok/sec: 2,240,204 | bf16_mfu: 47.03 | epoch: 1 pq: 29 rg: 72 | total time: 10.48m | eta: 7.9m
step 02687/04692 (57.27%) | loss: 2.808361 | lrm: 0.85 | dt: 233.82ms | tok/sec: 2,242,317 | bf16_mfu: 47.07 | epoch: 1 pq: 29 rg: 72 | total time: 10.48m | eta: 7.8m
step 02688/04692 (57.29%) | loss: 2.791767 | lrm: 0.85 | dt: 234.01ms | tok/sec: 2,240,492 | bf16_mfu: 47.03 | epoch: 1 pq: 29 rg: 72 | total time: 10.48m | eta: 7.8m
step 02689/04692 (57.31%) | loss: 2.792018 | lrm: 0.85 | dt: 235.27ms | tok/sec: 2,228,418 | bf16_mfu: 46.78 | epoch: 1 pq: 29 rg: 72 | total time: 10.49m | eta: 7.8m
step 02690/04692 (57.33%) | loss: 2.795363 | lrm: 0.85 | dt: 234.88ms | tok/sec: 2,232,173 | bf16_mfu: 46.86 | epoch: 1 pq: 29 rg: 72 | total time: 10.49m | eta: 7.8m
step 02691/04692 (57.35%) | loss: 2.797529 | lrm: 0.85 | dt: 232.24ms | tok/sec: 2,257,564 | bf16_mfu: 47.39 | epoch: 1 pq: 29 rg: 80 | total time: 10.50m | eta: 7.8m
step 02692/04692 (57.37%) | loss: 2.808575 | lrm: 0.85 | dt: 234.15ms | tok/sec: 2,239,157 | bf16_mfu: 47.01 | epoch: 1 pq: 29 rg: 80 | total time: 10.50m | eta: 7.8m
step 02693/04692 (57.40%) | loss: 2.811507 | lrm: 0.85 | dt: 232.69ms | tok/sec: 2,253,157 | bf16_mfu: 47.30 | epoch: 1 pq: 29 rg: 80 | total time: 10.50m | eta: 7.8m
step 02694/04692 (57.42%) | loss: 2.806239 | lrm: 0.85 | dt: 234.18ms | tok/sec: 2,238,795 | bf16_mfu: 47.00 | epoch: 1 pq: 29 rg: 80 | total time: 10.51m | eta: 7.8m
step 02695/04692 (57.44%) | loss: 2.805441 | lrm: 0.85 | dt: 232.26ms | tok/sec: 2,257,286 | bf16_mfu: 47.39 | epoch: 1 pq: 29 rg: 80 | total time: 10.51m | eta: 7.8m
step 02696/04692 (57.46%) | loss: 2.808373 | lrm: 0.85 | dt: 235.42ms | tok/sec: 2,227,048 | bf16_mfu: 46.75 | epoch: 1 pq: 29 rg: 80 | total time: 10.51m | eta: 7.8m
step 02697/04692 (57.48%) | loss: 2.809397 | lrm: 0.85 | dt: 233.92ms | tok/sec: 2,241,355 | bf16_mfu: 47.05 | epoch: 1 pq: 29 rg: 80 | total time: 10.52m | eta: 7.8m
step 02698/04692 (57.50%) | loss: 2.810973 | lrm: 0.85 | dt: 234.35ms | tok/sec: 2,237,164 | bf16_mfu: 46.96 | epoch: 1 pq: 29 rg: 80 | total time: 10.52m | eta: 7.8m
step 02699/04692 (57.52%) | loss: 2.807781 | lrm: 0.85 | dt: 231.62ms | tok/sec: 2,263,564 | bf16_mfu: 47.52 | epoch: 1 pq: 29 rg: 80 | total time: 10.53m | eta: 7.8m
step 02700/04692 (57.54%) | loss: 2.812735 | lrm: 0.85 | dt: 234.52ms | tok/sec: 2,235,540 | bf16_mfu: 46.93 | epoch: 1 pq: 30 rg: 0 | total time: 10.53m | eta: 7.8m
step 02701/04692 (57.57%) | loss: 2.821647 | lrm: 0.85 | dt: 233.98ms | tok/sec: 2,240,761 | bf16_mfu: 47.04 | epoch: 1 pq: 30 rg: 0 | total time: 10.53m | eta: 7.8m
step 02702/04692 (57.59%) | loss: 2.816733 | lrm: 0.85 | dt: 233.31ms | tok/sec: 2,247,155 | bf16_mfu: 47.17 | epoch: 1 pq: 30 rg: 0 | total time: 10.54m | eta: 7.8m
step 02703/04692 (57.61%) | loss: 2.819963 | lrm: 0.85 | dt: 233.36ms | tok/sec: 2,246,666 | bf16_mfu: 47.16 | epoch: 1 pq: 30 rg: 0 | total time: 10.54m | eta: 7.8m
step 02704/04692 (57.63%) | loss: 2.814683 | lrm: 0.85 | dt: 234.03ms | tok/sec: 2,240,225 | bf16_mfu: 47.03 | epoch: 1 pq: 30 rg: 0 | total time: 10.55m | eta: 7.8m
step 02705/04692 (57.65%) | loss: 2.811800 | lrm: 0.85 | dt: 232.38ms | tok/sec: 2,256,148 | bf16_mfu: 47.36 | epoch: 1 pq: 30 rg: 0 | total time: 10.55m | eta: 7.8m
step 02706/04692 (57.67%) | loss: 2.825607 | lrm: 0.85 | dt: 234.73ms | tok/sec: 2,233,603 | bf16_mfu: 46.89 | epoch: 1 pq: 30 rg: 0 | total time: 10.55m | eta: 7.8m
step 02707/04692 (57.69%) | loss: 2.814564 | lrm: 0.85 | dt: 236.21ms | tok/sec: 2,219,567 | bf16_mfu: 46.60 | epoch: 1 pq: 30 rg: 0 | total time: 10.56m | eta: 7.8m
step 02708/04692 (57.72%) | loss: 2.811425 | lrm: 0.85 | dt: 236.59ms | tok/sec: 2,216,013 | bf16_mfu: 46.52 | epoch: 1 pq: 30 rg: 8 | total time: 10.56m | eta: 7.8m
step 02709/04692 (57.74%) | loss: 2.815130 | lrm: 0.85 | dt: 233.27ms | tok/sec: 2,247,547 | bf16_mfu: 47.18 | epoch: 1 pq: 30 rg: 8 | total time: 10.57m | eta: 7.8m
step 02710/04692 (57.76%) | loss: 2.823765 | lrm: 0.84 | dt: 232.70ms | tok/sec: 2,253,056 | bf16_mfu: 47.30 | epoch: 1 pq: 30 rg: 8 | total time: 10.57m | eta: 7.8m
step 02711/04692 (57.78%) | loss: 2.826575 | lrm: 0.84 | dt: 233.84ms | tok/sec: 2,242,059 | bf16_mfu: 47.07 | epoch: 1 pq: 30 rg: 8 | total time: 10.57m | eta: 7.8m
step 02712/04692 (57.80%) | loss: 2.831322 | lrm: 0.84 | dt: 236.64ms | tok/sec: 2,215,508 | bf16_mfu: 46.51 | epoch: 1 pq: 30 rg: 8 | total time: 10.58m | eta: 7.8m
step 02713/04692 (57.82%) | loss: 2.825789 | lrm: 0.84 | dt: 232.59ms | tok/sec: 2,254,120 | bf16_mfu: 47.32 | epoch: 1 pq: 30 rg: 8 | total time: 10.58m | eta: 7.7m
step 02714/04692 (57.84%) | loss: 2.827439 | lrm: 0.84 | dt: 231.65ms | tok/sec: 2,263,247 | bf16_mfu: 47.51 | epoch: 1 pq: 30 rg: 8 | total time: 10.58m | eta: 7.7m
step 02715/04692 (57.86%) | loss: 2.836230 | lrm: 0.84 | dt: 233.72ms | tok/sec: 2,243,276 | bf16_mfu: 47.09 | epoch: 1 pq: 30 rg: 8 | total time: 10.59m | eta: 7.7m
step 02716/04692 (57.89%) | loss: 2.831636 | lrm: 0.84 | dt: 236.82ms | tok/sec: 2,213,836 | bf16_mfu: 46.47 | epoch: 1 pq: 30 rg: 16 | total time: 10.59m | eta: 7.7m
step 02717/04692 (57.91%) | loss: 2.815591 | lrm: 0.84 | dt: 233.12ms | tok/sec: 2,248,970 | bf16_mfu: 47.21 | epoch: 1 pq: 30 rg: 16 | total time: 10.60m | eta: 7.7m
step 02718/04692 (57.93%) | loss: 2.807968 | lrm: 0.84 | dt: 233.77ms | tok/sec: 2,242,793 | bf16_mfu: 47.08 | epoch: 1 pq: 30 rg: 16 | total time: 10.60m | eta: 7.7m
step 02719/04692 (57.95%) | loss: 2.810053 | lrm: 0.84 | dt: 233.97ms | tok/sec: 2,240,830 | bf16_mfu: 47.04 | epoch: 1 pq: 30 rg: 16 | total time: 10.60m | eta: 7.7m
step 02720/04692 (57.97%) | loss: 2.817865 | lrm: 0.84 | dt: 236.94ms | tok/sec: 2,212,715 | bf16_mfu: 46.45 | epoch: 1 pq: 30 rg: 16 | total time: 10.61m | eta: 7.7m
step 02721/04692 (57.99%) | loss: 2.811118 | lrm: 0.84 | dt: 235.01ms | tok/sec: 2,230,907 | bf16_mfu: 46.83 | epoch: 1 pq: 30 rg: 16 | total time: 10.61m | eta: 7.7m
step 02722/04692 (58.01%) | loss: 2.808606 | lrm: 0.84 | dt: 233.58ms | tok/sec: 2,244,618 | bf16_mfu: 47.12 | epoch: 1 pq: 30 rg: 16 | total time: 10.62m | eta: 7.7m
step 02723/04692 (58.03%) | loss: 2.803811 | lrm: 0.84 | dt: 233.24ms | tok/sec: 2,247,807 | bf16_mfu: 47.19 | epoch: 1 pq: 30 rg: 16 | total time: 10.62m | eta: 7.7m
step 02724/04692 (58.06%) | loss: 2.803801 | lrm: 0.84 | dt: 233.58ms | tok/sec: 2,244,604 | bf16_mfu: 47.12 | epoch: 1 pq: 30 rg: 24 | total time: 10.62m | eta: 7.7m
step 02725/04692 (58.08%) | loss: 2.808168 | lrm: 0.84 | dt: 235.93ms | tok/sec: 2,222,205 | bf16_mfu: 46.65 | epoch: 1 pq: 30 rg: 24 | total time: 10.63m | eta: 7.7m
step 02726/04692 (58.10%) | loss: 2.812654 | lrm: 0.84 | dt: 233.34ms | tok/sec: 2,246,849 | bf16_mfu: 47.17 | epoch: 1 pq: 30 rg: 24 | total time: 10.63m | eta: 7.7m
step 02727/04692 (58.12%) | loss: 2.813650 | lrm: 0.84 | dt: 232.97ms | tok/sec: 2,250,432 | bf16_mfu: 47.24 | epoch: 1 pq: 30 rg: 24 | total time: 10.64m | eta: 7.7m
step 02728/04692 (58.14%) | loss: 2.823503 | lrm: 0.84 | dt: 232.72ms | tok/sec: 2,252,915 | bf16_mfu: 47.30 | epoch: 1 pq: 30 rg: 24 | total time: 10.64m | eta: 7.7m
step 02729/04692 (58.16%) | loss: 2.829532 | lrm: 0.84 | dt: 235.37ms | tok/sec: 2,227,490 | bf16_mfu: 46.76 | epoch: 1 pq: 30 rg: 24 | total time: 10.64m | eta: 7.7m
step 02730/04692 (58.18%) | loss: 2.832129 | lrm: 0.84 | dt: 234.48ms | tok/sec: 2,235,968 | bf16_mfu: 46.94 | epoch: 1 pq: 30 rg: 24 | total time: 10.65m | eta: 7.7m
step 02731/04692 (58.21%) | loss: 2.831817 | lrm: 0.84 | dt: 232.60ms | tok/sec: 2,254,062 | bf16_mfu: 47.32 | epoch: 1 pq: 30 rg: 24 | total time: 10.65m | eta: 7.7m
step 02732/04692 (58.23%) | loss: 2.838503 | lrm: 0.84 | dt: 234.12ms | tok/sec: 2,239,351 | bf16_mfu: 47.01 | epoch: 1 pq: 30 rg: 32 | total time: 10.66m | eta: 7.7m
step 02733/04692 (58.25%) | loss: 2.833215 | lrm: 0.84 | dt: 233.29ms | tok/sec: 2,247,320 | bf16_mfu: 47.18 | epoch: 1 pq: 30 rg: 32 | total time: 10.66m | eta: 7.7m
step 02734/04692 (58.27%) | loss: 2.836623 | lrm: 0.83 | dt: 236.35ms | tok/sec: 2,218,228 | bf16_mfu: 46.57 | epoch: 1 pq: 30 rg: 32 | total time: 10.66m | eta: 7.7m
step 02735/04692 (58.29%) | loss: 2.814962 | lrm: 0.83 | dt: 233.95ms | tok/sec: 2,240,981 | bf16_mfu: 47.04 | epoch: 1 pq: 30 rg: 32 | total time: 10.67m | eta: 7.7m
step 02736/04692 (58.31%) | loss: 2.810433 | lrm: 0.83 | dt: 233.41ms | tok/sec: 2,246,179 | bf16_mfu: 47.15 | epoch: 1 pq: 30 rg: 32 | total time: 10.67m | eta: 7.7m
step 02737/04692 (58.33%) | loss: 2.808058 | lrm: 0.83 | dt: 233.49ms | tok/sec: 2,245,434 | bf16_mfu: 47.14 | epoch: 1 pq: 30 rg: 32 | total time: 10.67m | eta: 7.7m
step 02738/04692 (58.35%) | loss: 2.808349 | lrm: 0.83 | dt: 234.17ms | tok/sec: 2,238,900 | bf16_mfu: 47.00 | epoch: 1 pq: 30 rg: 32 | total time: 10.68m | eta: 7.6m
step 02739/04692 (58.38%) | loss: 2.799961 | lrm: 0.83 | dt: 234.07ms | tok/sec: 2,239,844 | bf16_mfu: 47.02 | epoch: 1 pq: 30 rg: 32 | total time: 10.68m | eta: 7.6m
step 02740/04692 (58.40%) | loss: 2.786922 | lrm: 0.83 | dt: 234.14ms | tok/sec: 2,239,180 | bf16_mfu: 47.01 | epoch: 1 pq: 30 rg: 40 | total time: 10.69m | eta: 7.6m
step 02741/04692 (58.42%) | loss: 2.778943 | lrm: 0.83 | dt: 234.56ms | tok/sec: 2,235,227 | bf16_mfu: 46.92 | epoch: 1 pq: 30 rg: 40 | total time: 10.69m | eta: 7.6m
step 02742/04692 (58.44%) | loss: 2.783412 | lrm: 0.83 | dt: 232.75ms | tok/sec: 2,252,617 | bf16_mfu: 47.29 | epoch: 1 pq: 30 rg: 40 | total time: 10.69m | eta: 7.6m
step 02743/04692 (58.46%) | loss: 2.802236 | lrm: 0.83 | dt: 234.29ms | tok/sec: 2,237,806 | bf16_mfu: 46.98 | epoch: 1 pq: 30 rg: 40 | total time: 10.70m | eta: 7.6m
step 02744/04692 (58.48%) | loss: 2.810723 | lrm: 0.83 | dt: 233.65ms | tok/sec: 2,243,887 | bf16_mfu: 47.11 | epoch: 1 pq: 30 rg: 40 | total time: 10.70m | eta: 7.6m
step 02745/04692 (58.50%) | loss: 2.810348 | lrm: 0.83 | dt: 234.39ms | tok/sec: 2,236,862 | bf16_mfu: 46.96 | epoch: 1 pq: 30 rg: 40 | total time: 10.71m | eta: 7.6m
step 02746/04692 (58.53%) | loss: 2.809524 | lrm: 0.83 | dt: 232.64ms | tok/sec: 2,253,598 | bf16_mfu: 47.31 | epoch: 1 pq: 30 rg: 40 | total time: 10.71m | eta: 7.6m
step 02747/04692 (58.55%) | loss: 2.811800 | lrm: 0.83 | dt: 234.15ms | tok/sec: 2,239,071 | bf16_mfu: 47.00 | epoch: 1 pq: 30 rg: 40 | total time: 10.71m | eta: 7.6m
step 02748/04692 (58.57%) | loss: 2.812868 | lrm: 0.83 | dt: 235.78ms | tok/sec: 2,223,623 | bf16_mfu: 46.68 | epoch: 1 pq: 30 rg: 40 | total time: 10.72m | eta: 7.6m
step 02749/04692 (58.59%) | loss: 2.804098 | lrm: 0.83 | dt: 235.75ms | tok/sec: 2,223,949 | bf16_mfu: 46.69 | epoch: 1 pq: 30 rg: 48 | total time: 10.72m | eta: 7.6m
Step 02750 | Validation bpb: 0.849267
step 02750/04692 (58.61%) | loss: 2.792137 | lrm: 0.83 | dt: 228.62ms | tok/sec: 2,293,300 | bf16_mfu: 48.14 | epoch: 1 pq: 30 rg: 48 | total time: 10.73m | eta: 7.6m
step 02751/04692 (58.63%) | loss: 2.806803 | lrm: 0.83 | dt: 226.75ms | tok/sec: 2,312,169 | bf16_mfu: 48.54 | epoch: 1 pq: 30 rg: 48 | total time: 10.73m | eta: 7.6m
step 02752/04692 (58.65%) | loss: 2.818888 | lrm: 0.83 | dt: 229.57ms | tok/sec: 2,283,736 | bf16_mfu: 47.94 | epoch: 1 pq: 30 rg: 48 | total time: 10.73m | eta: 7.6m
step 02753/04692 (58.67%) | loss: 2.812731 | lrm: 0.83 | dt: 240.48ms | tok/sec: 2,180,156 | bf16_mfu: 45.77 | epoch: 1 pq: 30 rg: 48 | total time: 10.74m | eta: 7.6m
step 02754/04692 (58.70%) | loss: 2.799851 | lrm: 0.83 | dt: 238.41ms | tok/sec: 2,199,076 | bf16_mfu: 46.16 | epoch: 1 pq: 30 rg: 48 | total time: 10.74m | eta: 7.6m
step 02755/04692 (58.72%) | loss: 2.801420 | lrm: 0.83 | dt: 229.29ms | tok/sec: 2,286,578 | bf16_mfu: 48.00 | epoch: 1 pq: 30 rg: 48 | total time: 10.74m | eta: 7.6m
step 02756/04692 (58.74%) | loss: 2.796617 | lrm: 0.83 | dt: 231.81ms | tok/sec: 2,261,732 | bf16_mfu: 47.48 | epoch: 1 pq: 30 rg: 48 | total time: 10.75m | eta: 7.6m
step 02757/04692 (58.76%) | loss: 2.801347 | lrm: 0.82 | dt: 233.65ms | tok/sec: 2,243,910 | bf16_mfu: 47.11 | epoch: 1 pq: 30 rg: 56 | total time: 10.75m | eta: 7.6m
step 02758/04692 (58.78%) | loss: 2.807631 | lrm: 0.82 | dt: 241.86ms | tok/sec: 2,167,689 | bf16_mfu: 45.51 | epoch: 1 pq: 30 rg: 56 | total time: 10.76m | eta: 7.6m
step 02759/04692 (58.80%) | loss: 2.807953 | lrm: 0.82 | dt: 232.45ms | tok/sec: 2,255,443 | bf16_mfu: 47.35 | epoch: 1 pq: 30 rg: 56 | total time: 10.76m | eta: 7.6m
step 02760/04692 (58.82%) | loss: 2.800690 | lrm: 0.82 | dt: 229.35ms | tok/sec: 2,285,955 | bf16_mfu: 47.99 | epoch: 1 pq: 30 rg: 56 | total time: 10.76m | eta: 7.6m
step 02761/04692 (58.84%) | loss: 2.794043 | lrm: 0.82 | dt: 232.68ms | tok/sec: 2,253,259 | bf16_mfu: 47.30 | epoch: 1 pq: 30 rg: 56 | total time: 10.77m | eta: 7.6m
step 02762/04692 (58.87%) | loss: 2.801722 | lrm: 0.82 | dt: 236.44ms | tok/sec: 2,217,418 | bf16_mfu: 46.55 | epoch: 1 pq: 30 rg: 56 | total time: 10.77m | eta: 7.6m
step 02763/04692 (58.89%) | loss: 2.802552 | lrm: 0.82 | dt: 235.69ms | tok/sec: 2,224,522 | bf16_mfu: 46.70 | epoch: 1 pq: 30 rg: 56 | total time: 10.78m | eta: 7.6m
step 02764/04692 (58.91%) | loss: 2.802076 | lrm: 0.82 | dt: 231.48ms | tok/sec: 2,264,953 | bf16_mfu: 47.55 | epoch: 1 pq: 30 rg: 56 | total time: 10.78m | eta: 7.5m
step 02765/04692 (58.93%) | loss: 2.805258 | lrm: 0.82 | dt: 229.84ms | tok/sec: 2,281,073 | bf16_mfu: 47.89 | epoch: 1 pq: 30 rg: 56 | total time: 10.78m | eta: 7.5m
step 02766/04692 (58.95%) | loss: 2.803298 | lrm: 0.82 | dt: 238.21ms | tok/sec: 2,200,918 | bf16_mfu: 46.20 | epoch: 1 pq: 30 rg: 64 | total time: 10.79m | eta: 7.5m
step 02767/04692 (58.97%) | loss: 2.805766 | lrm: 0.82 | dt: 234.83ms | tok/sec: 2,232,655 | bf16_mfu: 46.87 | epoch: 1 pq: 30 rg: 64 | total time: 10.79m | eta: 7.5m
step 02768/04692 (58.99%) | loss: 2.806019 | lrm: 0.82 | dt: 232.35ms | tok/sec: 2,256,438 | bf16_mfu: 47.37 | epoch: 1 pq: 30 rg: 64 | total time: 10.80m | eta: 7.5m
step 02769/04692 (59.02%) | loss: 2.805785 | lrm: 0.82 | dt: 230.95ms | tok/sec: 2,270,161 | bf16_mfu: 47.66 | epoch: 1 pq: 30 rg: 64 | total time: 10.80m | eta: 7.5m
step 02770/04692 (59.04%) | loss: 2.804936 | lrm: 0.82 | dt: 233.95ms | tok/sec: 2,241,065 | bf16_mfu: 47.05 | epoch: 1 pq: 30 rg: 64 | total time: 10.80m | eta: 7.5m
step 02771/04692 (59.06%) | loss: 2.803437 | lrm: 0.82 | dt: 236.74ms | tok/sec: 2,214,605 | bf16_mfu: 46.49 | epoch: 1 pq: 30 rg: 64 | total time: 10.81m | eta: 7.5m
step 02772/04692 (59.08%) | loss: 2.798982 | lrm: 0.82 | dt: 235.06ms | tok/sec: 2,230,427 | bf16_mfu: 46.82 | epoch: 1 pq: 30 rg: 64 | total time: 10.81m | eta: 7.5m
step 02773/04692 (59.10%) | loss: 2.804454 | lrm: 0.82 | dt: 231.52ms | tok/sec: 2,264,510 | bf16_mfu: 47.54 | epoch: 1 pq: 30 rg: 72 | total time: 10.81m | eta: 7.5m
step 02774/04692 (59.12%) | loss: 2.808214 | lrm: 0.82 | dt: 231.43ms | tok/sec: 2,265,469 | bf16_mfu: 47.56 | epoch: 1 pq: 30 rg: 72 | total time: 10.82m | eta: 7.5m
step 02775/04692 (59.14%) | loss: 2.815072 | lrm: 0.82 | dt: 239.52ms | tok/sec: 2,188,866 | bf16_mfu: 45.95 | epoch: 1 pq: 30 rg: 72 | total time: 10.82m | eta: 7.5m
step 02776/04692 (59.16%) | loss: 2.810358 | lrm: 0.82 | dt: 234.66ms | tok/sec: 2,234,291 | bf16_mfu: 46.90 | epoch: 1 pq: 30 rg: 72 | total time: 10.83m | eta: 7.5m
step 02777/04692 (59.19%) | loss: 2.810726 | lrm: 0.82 | dt: 231.86ms | tok/sec: 2,261,234 | bf16_mfu: 47.47 | epoch: 1 pq: 30 rg: 72 | total time: 10.83m | eta: 7.5m
step 02778/04692 (59.21%) | loss: 2.805354 | lrm: 0.82 | dt: 231.43ms | tok/sec: 2,265,471 | bf16_mfu: 47.56 | epoch: 1 pq: 30 rg: 72 | total time: 10.83m | eta: 7.5m
step 02779/04692 (59.23%) | loss: 2.797763 | lrm: 0.82 | dt: 234.20ms | tok/sec: 2,238,619 | bf16_mfu: 47.00 | epoch: 1 pq: 30 rg: 72 | total time: 10.84m | eta: 7.5m
step 02780/04692 (59.25%) | loss: 2.800097 | lrm: 0.82 | dt: 236.74ms | tok/sec: 2,214,660 | bf16_mfu: 46.49 | epoch: 1 pq: 30 rg: 72 | total time: 10.84m | eta: 7.5m
step 02781/04692 (59.27%) | loss: 2.803034 | lrm: 0.81 | dt: 232.91ms | tok/sec: 2,251,070 | bf16_mfu: 47.26 | epoch: 1 pq: 30 rg: 72 | total time: 10.85m | eta: 7.5m
step 02782/04692 (59.29%) | loss: 2.797845 | lrm: 0.81 | dt: 232.02ms | tok/sec: 2,259,703 | bf16_mfu: 47.44 | epoch: 1 pq: 30 rg: 80 | total time: 10.85m | eta: 7.5m
step 02783/04692 (59.31%) | loss: 2.800765 | lrm: 0.81 | dt: 233.50ms | tok/sec: 2,245,349 | bf16_mfu: 47.14 | epoch: 1 pq: 30 rg: 80 | total time: 10.85m | eta: 7.5m
step 02784/04692 (59.34%) | loss: 2.808634 | lrm: 0.81 | dt: 233.52ms | tok/sec: 2,245,147 | bf16_mfu: 47.13 | epoch: 1 pq: 30 rg: 80 | total time: 10.86m | eta: 7.5m
step 02785/04692 (59.36%) | loss: 2.814755 | lrm: 0.81 | dt: 233.50ms | tok/sec: 2,245,312 | bf16_mfu: 47.14 | epoch: 1 pq: 30 rg: 80 | total time: 10.86m | eta: 7.5m
step 02786/04692 (59.38%) | loss: 2.819868 | lrm: 0.81 | dt: 231.79ms | tok/sec: 2,261,941 | bf16_mfu: 47.48 | epoch: 1 pq: 30 rg: 80 | total time: 10.87m | eta: 7.5m
step 02787/04692 (59.40%) | loss: 2.818777 | lrm: 0.81 | dt: 234.93ms | tok/sec: 2,231,674 | bf16_mfu: 46.85 | epoch: 1 pq: 30 rg: 80 | total time: 10.87m | eta: 7.5m
step 02788/04692 (59.42%) | loss: 2.841880 | lrm: 0.81 | dt: 233.59ms | tok/sec: 2,244,453 | bf16_mfu: 47.12 | epoch: 1 pq: 30 rg: 80 | total time: 10.87m | eta: 7.5m
step 02789/04692 (59.44%) | loss: 2.838606 | lrm: 0.81 | dt: 234.40ms | tok/sec: 2,236,771 | bf16_mfu: 46.96 | epoch: 1 pq: 30 rg: 80 | total time: 10.88m | eta: 7.4m
step 02790/04692 (59.46%) | loss: 2.836078 | lrm: 0.81 | dt: 231.69ms | tok/sec: 2,262,898 | bf16_mfu: 47.50 | epoch: 1 pq: 31 rg: 0 | total time: 10.88m | eta: 7.4m
step 02791/04692 (59.48%) | loss: 2.824279 | lrm: 0.81 | dt: 235.73ms | tok/sec: 2,224,147 | bf16_mfu: 46.69 | epoch: 1 pq: 31 rg: 0 | total time: 10.89m | eta: 7.4m
step 02792/04692 (59.51%) | loss: 2.824653 | lrm: 0.81 | dt: 234.40ms | tok/sec: 2,236,750 | bf16_mfu: 46.96 | epoch: 1 pq: 31 rg: 0 | total time: 10.89m | eta: 7.4m
step 02793/04692 (59.53%) | loss: 2.833701 | lrm: 0.81 | dt: 233.80ms | tok/sec: 2,242,503 | bf16_mfu: 47.08 | epoch: 1 pq: 31 rg: 0 | total time: 10.89m | eta: 7.4m
step 02794/04692 (59.55%) | loss: 2.821337 | lrm: 0.81 | dt: 231.69ms | tok/sec: 2,262,907 | bf16_mfu: 47.50 | epoch: 1 pq: 31 rg: 0 | total time: 10.90m | eta: 7.4m
step 02795/04692 (59.57%) | loss: 2.834466 | lrm: 0.81 | dt: 233.20ms | tok/sec: 2,248,216 | bf16_mfu: 47.20 | epoch: 1 pq: 31 rg: 0 | total time: 10.90m | eta: 7.4m
step 02796/04692 (59.59%) | loss: 2.821864 | lrm: 0.81 | dt: 233.57ms | tok/sec: 2,244,698 | bf16_mfu: 47.12 | epoch: 1 pq: 31 rg: 0 | total time: 10.90m | eta: 7.4m
step 02797/04692 (59.61%) | loss: 2.823267 | lrm: 0.81 | dt: 233.55ms | tok/sec: 2,244,893 | bf16_mfu: 47.13 | epoch: 1 pq: 31 rg: 0 | total time: 10.91m | eta: 7.4m
step 02798/04692 (59.63%) | loss: 2.822990 | lrm: 0.81 | dt: 235.98ms | tok/sec: 2,221,776 | bf16_mfu: 46.64 | epoch: 1 pq: 31 rg: 8 | total time: 10.91m | eta: 7.4m
step 02799/04692 (59.65%) | loss: 2.820014 | lrm: 0.81 | dt: 234.56ms | tok/sec: 2,235,199 | bf16_mfu: 46.92 | epoch: 1 pq: 31 rg: 8 | total time: 10.92m | eta: 7.4m
step 02800/04692 (59.68%) | loss: 2.806715 | lrm: 0.81 | dt: 234.45ms | tok/sec: 2,236,216 | bf16_mfu: 46.94 | epoch: 1 pq: 31 rg: 8 | total time: 10.92m | eta: 7.4m
step 02801/04692 (59.70%) | loss: 2.808158 | lrm: 0.81 | dt: 231.64ms | tok/sec: 2,263,375 | bf16_mfu: 47.51 | epoch: 1 pq: 31 rg: 8 | total time: 10.92m | eta: 7.4m
step 02802/04692 (59.72%) | loss: 2.804258 | lrm: 0.81 | dt: 234.89ms | tok/sec: 2,232,057 | bf16_mfu: 46.86 | epoch: 1 pq: 31 rg: 8 | total time: 10.93m | eta: 7.4m
step 02803/04692 (59.74%) | loss: 2.808862 | lrm: 0.81 | dt: 235.14ms | tok/sec: 2,229,694 | bf16_mfu: 46.81 | epoch: 1 pq: 31 rg: 8 | total time: 10.93m | eta: 7.4m
step 02804/04692 (59.76%) | loss: 2.803907 | lrm: 0.80 | dt: 233.83ms | tok/sec: 2,242,187 | bf16_mfu: 47.07 | epoch: 1 pq: 31 rg: 8 | total time: 10.94m | eta: 7.4m
step 02805/04692 (59.78%) | loss: 2.801430 | lrm: 0.80 | dt: 233.18ms | tok/sec: 2,248,464 | bf16_mfu: 47.20 | epoch: 1 pq: 31 rg: 8 | total time: 10.94m | eta: 7.4m
step 02806/04692 (59.80%) | loss: 2.803537 | lrm: 0.80 | dt: 233.69ms | tok/sec: 2,243,553 | bf16_mfu: 47.10 | epoch: 1 pq: 31 rg: 8 | total time: 10.94m | eta: 7.4m
step 02807/04692 (59.83%) | loss: 2.798984 | lrm: 0.80 | dt: 233.19ms | tok/sec: 2,248,315 | bf16_mfu: 47.20 | epoch: 1 pq: 31 rg: 16 | total time: 10.95m | eta: 7.4m
step 02808/04692 (59.85%) | loss: 2.803160 | lrm: 0.80 | dt: 233.64ms | tok/sec: 2,243,976 | bf16_mfu: 47.11 | epoch: 1 pq: 31 rg: 16 | total time: 10.95m | eta: 7.4m
step 02809/04692 (59.87%) | loss: 2.807935 | lrm: 0.80 | dt: 233.13ms | tok/sec: 2,248,890 | bf16_mfu: 47.21 | epoch: 1 pq: 31 rg: 16 | total time: 10.96m | eta: 7.4m
step 02810/04692 (59.89%) | loss: 2.809653 | lrm: 0.80 | dt: 233.71ms | tok/sec: 2,243,301 | bf16_mfu: 47.09 | epoch: 1 pq: 31 rg: 16 | total time: 10.96m | eta: 7.4m
step 02811/04692 (59.91%) | loss: 2.808230 | lrm: 0.80 | dt: 233.61ms | tok/sec: 2,244,320 | bf16_mfu: 47.11 | epoch: 1 pq: 31 rg: 16 | total time: 10.96m | eta: 7.4m
step 02812/04692 (59.93%) | loss: 2.795907 | lrm: 0.80 | dt: 232.57ms | tok/sec: 2,254,291 | bf16_mfu: 47.32 | epoch: 1 pq: 31 rg: 16 | total time: 10.97m | eta: 7.4m
step 02813/04692 (59.95%) | loss: 2.791486 | lrm: 0.80 | dt: 234.20ms | tok/sec: 2,238,663 | bf16_mfu: 47.00 | epoch: 1 pq: 31 rg: 16 | total time: 10.97m | eta: 7.4m
step 02814/04692 (59.97%) | loss: 2.791925 | lrm: 0.80 | dt: 235.06ms | tok/sec: 2,230,452 | bf16_mfu: 46.82 | epoch: 1 pq: 31 rg: 16 | total time: 10.97m | eta: 7.4m
step 02815/04692 (60.00%) | loss: 2.797188 | lrm: 0.80 | dt: 233.22ms | tok/sec: 2,248,076 | bf16_mfu: 47.19 | epoch: 1 pq: 31 rg: 24 | total time: 10.98m | eta: 7.3m
step 02816/04692 (60.02%) | loss: 2.812130 | lrm: 0.80 | dt: 233.41ms | tok/sec: 2,246,250 | bf16_mfu: 47.16 | epoch: 1 pq: 31 rg: 24 | total time: 10.98m | eta: 7.3m
step 02817/04692 (60.04%) | loss: 2.807295 | lrm: 0.80 | dt: 233.08ms | tok/sec: 2,249,387 | bf16_mfu: 47.22 | epoch: 1 pq: 31 rg: 24 | total time: 10.99m | eta: 7.3m
step 02818/04692 (60.06%) | loss: 2.796630 | lrm: 0.80 | dt: 235.27ms | tok/sec: 2,228,483 | bf16_mfu: 46.78 | epoch: 1 pq: 31 rg: 24 | total time: 10.99m | eta: 7.3m
step 02819/04692 (60.08%) | loss: 2.791963 | lrm: 0.80 | dt: 234.29ms | tok/sec: 2,237,797 | bf16_mfu: 46.98 | epoch: 1 pq: 31 rg: 24 | total time: 10.99m | eta: 7.3m
step 02820/04692 (60.10%) | loss: 2.777041 | lrm: 0.80 | dt: 233.11ms | tok/sec: 2,249,090 | bf16_mfu: 47.21 | epoch: 1 pq: 31 rg: 24 | total time: 11.00m | eta: 7.3m
step 02821/04692 (60.12%) | loss: 2.782104 | lrm: 0.80 | dt: 232.03ms | tok/sec: 2,259,521 | bf16_mfu: 47.43 | epoch: 1 pq: 31 rg: 24 | total time: 11.00m | eta: 7.3m
step 02822/04692 (60.14%) | loss: 2.777424 | lrm: 0.80 | dt: 235.51ms | tok/sec: 2,226,189 | bf16_mfu: 46.73 | epoch: 1 pq: 31 rg: 24 | total time: 11.01m | eta: 7.3m
step 02823/04692 (60.17%) | loss: 2.758454 | lrm: 0.80 | dt: 232.68ms | tok/sec: 2,253,249 | bf16_mfu: 47.30 | epoch: 1 pq: 31 rg: 32 | total time: 11.01m | eta: 7.3m
step 02824/04692 (60.19%) | loss: 2.764264 | lrm: 0.80 | dt: 233.33ms | tok/sec: 2,246,966 | bf16_mfu: 47.17 | epoch: 1 pq: 31 rg: 32 | total time: 11.01m | eta: 7.3m
step 02825/04692 (60.21%) | loss: 2.763554 | lrm: 0.80 | dt: 234.32ms | tok/sec: 2,237,478 | bf16_mfu: 46.97 | epoch: 1 pq: 31 rg: 32 | total time: 11.02m | eta: 7.3m
step 02826/04692 (60.23%) | loss: 2.750412 | lrm: 0.80 | dt: 233.56ms | tok/sec: 2,244,812 | bf16_mfu: 47.13 | epoch: 1 pq: 31 rg: 32 | total time: 11.02m | eta: 7.3m
step 02827/04692 (60.25%) | loss: 2.760214 | lrm: 0.79 | dt: 233.09ms | tok/sec: 2,249,283 | bf16_mfu: 47.22 | epoch: 1 pq: 31 rg: 32 | total time: 11.03m | eta: 7.3m
step 02828/04692 (60.27%) | loss: 2.764908 | lrm: 0.79 | dt: 233.22ms | tok/sec: 2,248,085 | bf16_mfu: 47.19 | epoch: 1 pq: 31 rg: 32 | total time: 11.03m | eta: 7.3m
step 02829/04692 (60.29%) | loss: 2.759379 | lrm: 0.79 | dt: 236.24ms | tok/sec: 2,219,278 | bf16_mfu: 46.59 | epoch: 1 pq: 31 rg: 32 | total time: 11.03m | eta: 7.3m
step 02830/04692 (60.32%) | loss: 2.761626 | lrm: 0.79 | dt: 232.30ms | tok/sec: 2,256,961 | bf16_mfu: 47.38 | epoch: 1 pq: 31 rg: 32 | total time: 11.04m | eta: 7.3m
step 02831/04692 (60.34%) | loss: 2.760416 | lrm: 0.79 | dt: 234.63ms | tok/sec: 2,234,493 | bf16_mfu: 46.91 | epoch: 1 pq: 31 rg: 32 | total time: 11.04m | eta: 7.3m
step 02832/04692 (60.36%) | loss: 2.770542 | lrm: 0.79 | dt: 232.52ms | tok/sec: 2,254,767 | bf16_mfu: 47.33 | epoch: 1 pq: 31 rg: 40 | total time: 11.04m | eta: 7.3m
step 02833/04692 (60.38%) | loss: 2.771396 | lrm: 0.79 | dt: 236.23ms | tok/sec: 2,219,404 | bf16_mfu: 46.59 | epoch: 1 pq: 31 rg: 40 | total time: 11.05m | eta: 7.3m
step 02834/04692 (60.40%) | loss: 2.762570 | lrm: 0.79 | dt: 232.66ms | tok/sec: 2,253,471 | bf16_mfu: 47.31 | epoch: 1 pq: 31 rg: 40 | total time: 11.05m | eta: 7.3m
step 02835/04692 (60.42%) | loss: 2.767845 | lrm: 0.79 | dt: 232.67ms | tok/sec: 2,253,360 | bf16_mfu: 47.30 | epoch: 1 pq: 31 rg: 40 | total time: 11.06m | eta: 7.3m
step 02836/04692 (60.44%) | loss: 2.784317 | lrm: 0.79 | dt: 232.04ms | tok/sec: 2,259,461 | bf16_mfu: 47.43 | epoch: 1 pq: 31 rg: 40 | total time: 11.06m | eta: 7.3m
step 02837/04692 (60.46%) | loss: 2.790834 | lrm: 0.79 | dt: 235.53ms | tok/sec: 2,226,020 | bf16_mfu: 46.73 | epoch: 1 pq: 31 rg: 40 | total time: 11.06m | eta: 7.3m
step 02838/04692 (60.49%) | loss: 2.787899 | lrm: 0.79 | dt: 233.35ms | tok/sec: 2,246,817 | bf16_mfu: 47.17 | epoch: 1 pq: 31 rg: 40 | total time: 11.07m | eta: 7.3m
step 02839/04692 (60.51%) | loss: 2.784432 | lrm: 0.79 | dt: 232.85ms | tok/sec: 2,251,579 | bf16_mfu: 47.27 | epoch: 1 pq: 31 rg: 40 | total time: 11.07m | eta: 7.3m
step 02840/04692 (60.53%) | loss: 2.783183 | lrm: 0.79 | dt: 233.57ms | tok/sec: 2,244,673 | bf16_mfu: 47.12 | epoch: 1 pq: 31 rg: 48 | total time: 11.08m | eta: 7.2m
step 02841/04692 (60.55%) | loss: 2.773977 | lrm: 0.79 | dt: 234.14ms | tok/sec: 2,239,212 | bf16_mfu: 47.01 | epoch: 1 pq: 31 rg: 48 | total time: 11.08m | eta: 7.2m
step 02842/04692 (60.57%) | loss: 2.776417 | lrm: 0.79 | dt: 233.89ms | tok/sec: 2,241,632 | bf16_mfu: 47.06 | epoch: 1 pq: 31 rg: 48 | total time: 11.08m | eta: 7.2m
step 02843/04692 (60.59%) | loss: 2.769679 | lrm: 0.79 | dt: 233.37ms | tok/sec: 2,246,601 | bf16_mfu: 47.16 | epoch: 1 pq: 31 rg: 48 | total time: 11.09m | eta: 7.2m
step 02844/04692 (60.61%) | loss: 2.771015 | lrm: 0.79 | dt: 234.54ms | tok/sec: 2,235,354 | bf16_mfu: 46.93 | epoch: 1 pq: 31 rg: 48 | total time: 11.09m | eta: 7.2m
step 02845/04692 (60.64%) | loss: 2.776014 | lrm: 0.79 | dt: 234.24ms | tok/sec: 2,238,282 | bf16_mfu: 46.99 | epoch: 1 pq: 31 rg: 48 | total time: 11.10m | eta: 7.2m
step 02846/04692 (60.66%) | loss: 2.770693 | lrm: 0.79 | dt: 233.12ms | tok/sec: 2,249,002 | bf16_mfu: 47.21 | epoch: 1 pq: 31 rg: 48 | total time: 11.10m | eta: 7.2m
step 02847/04692 (60.68%) | loss: 2.777831 | lrm: 0.79 | dt: 235.20ms | tok/sec: 2,229,123 | bf16_mfu: 46.80 | epoch: 1 pq: 31 rg: 48 | total time: 11.10m | eta: 7.2m
step 02848/04692 (60.70%) | loss: 2.770317 | lrm: 0.79 | dt: 234.62ms | tok/sec: 2,234,650 | bf16_mfu: 46.91 | epoch: 1 pq: 31 rg: 56 | total time: 11.11m | eta: 7.2m
step 02849/04692 (60.72%) | loss: 2.766881 | lrm: 0.79 | dt: 233.45ms | tok/sec: 2,245,860 | bf16_mfu: 47.15 | epoch: 1 pq: 31 rg: 56 | total time: 11.11m | eta: 7.2m
step 02850/04692 (60.74%) | loss: 2.772445 | lrm: 0.79 | dt: 233.91ms | tok/sec: 2,241,437 | bf16_mfu: 47.05 | epoch: 1 pq: 31 rg: 56 | total time: 11.11m | eta: 7.2m
step 02851/04692 (60.76%) | loss: 2.772615 | lrm: 0.78 | dt: 233.22ms | tok/sec: 2,248,005 | bf16_mfu: 47.19 | epoch: 1 pq: 31 rg: 56 | total time: 11.12m | eta: 7.2m
step 02852/04692 (60.78%) | loss: 2.768173 | lrm: 0.78 | dt: 235.04ms | tok/sec: 2,230,642 | bf16_mfu: 46.83 | epoch: 1 pq: 31 rg: 56 | total time: 11.12m | eta: 7.2m
step 02853/04692 (60.81%) | loss: 2.767590 | lrm: 0.78 | dt: 233.19ms | tok/sec: 2,248,326 | bf16_mfu: 47.20 | epoch: 1 pq: 31 rg: 56 | total time: 11.13m | eta: 7.2m
step 02854/04692 (60.83%) | loss: 2.773976 | lrm: 0.78 | dt: 231.99ms | tok/sec: 2,259,916 | bf16_mfu: 47.44 | epoch: 1 pq: 31 rg: 56 | total time: 11.13m | eta: 7.2m
step 02855/04692 (60.85%) | loss: 2.759876 | lrm: 0.78 | dt: 232.59ms | tok/sec: 2,254,093 | bf16_mfu: 47.32 | epoch: 1 pq: 31 rg: 56 | total time: 11.13m | eta: 7.2m
step 02856/04692 (60.87%) | loss: 2.758296 | lrm: 0.78 | dt: 234.49ms | tok/sec: 2,235,822 | bf16_mfu: 46.94 | epoch: 1 pq: 31 rg: 64 | total time: 11.14m | eta: 7.2m
step 02857/04692 (60.89%) | loss: 2.760378 | lrm: 0.78 | dt: 233.46ms | tok/sec: 2,245,739 | bf16_mfu: 47.14 | epoch: 1 pq: 31 rg: 64 | total time: 11.14m | eta: 7.2m
step 02858/04692 (60.91%) | loss: 2.752684 | lrm: 0.78 | dt: 232.68ms | tok/sec: 2,253,273 | bf16_mfu: 47.30 | epoch: 1 pq: 31 rg: 64 | total time: 11.15m | eta: 7.2m
step 02859/04692 (60.93%) | loss: 2.750512 | lrm: 0.78 | dt: 233.15ms | tok/sec: 2,248,747 | bf16_mfu: 47.21 | epoch: 1 pq: 31 rg: 64 | total time: 11.15m | eta: 7.2m
step 02860/04692 (60.95%) | loss: 2.758496 | lrm: 0.78 | dt: 232.65ms | tok/sec: 2,253,545 | bf16_mfu: 47.31 | epoch: 1 pq: 31 rg: 64 | total time: 11.15m | eta: 7.2m
step 02861/04692 (60.98%) | loss: 2.759164 | lrm: 0.78 | dt: 236.03ms | tok/sec: 2,221,305 | bf16_mfu: 46.63 | epoch: 1 pq: 31 rg: 64 | total time: 11.16m | eta: 7.2m
step 02862/04692 (61.00%) | loss: 2.768546 | lrm: 0.78 | dt: 233.11ms | tok/sec: 2,249,136 | bf16_mfu: 47.22 | epoch: 1 pq: 31 rg: 64 | total time: 11.16m | eta: 7.2m
step 02863/04692 (61.02%) | loss: 2.768392 | lrm: 0.78 | dt: 234.39ms | tok/sec: 2,236,839 | bf16_mfu: 46.96 | epoch: 1 pq: 31 rg: 64 | total time: 11.17m | eta: 7.2m
step 02864/04692 (61.04%) | loss: 2.769296 | lrm: 0.78 | dt: 232.59ms | tok/sec: 2,254,141 | bf16_mfu: 47.32 | epoch: 1 pq: 31 rg: 64 | total time: 11.17m | eta: 7.2m
step 02865/04692 (61.06%) | loss: 2.770146 | lrm: 0.78 | dt: 235.14ms | tok/sec: 2,229,640 | bf16_mfu: 46.81 | epoch: 1 pq: 31 rg: 72 | total time: 11.17m | eta: 7.2m
step 02866/04692 (61.08%) | loss: 2.762067 | lrm: 0.78 | dt: 233.40ms | tok/sec: 2,246,351 | bf16_mfu: 47.16 | epoch: 1 pq: 31 rg: 72 | total time: 11.18m | eta: 7.1m
step 02867/04692 (61.10%) | loss: 2.769199 | lrm: 0.78 | dt: 235.56ms | tok/sec: 2,225,709 | bf16_mfu: 46.72 | epoch: 1 pq: 31 rg: 72 | total time: 11.18m | eta: 7.1m
step 02868/04692 (61.13%) | loss: 2.777985 | lrm: 0.78 | dt: 235.72ms | tok/sec: 2,224,196 | bf16_mfu: 46.69 | epoch: 1 pq: 31 rg: 72 | total time: 11.19m | eta: 7.1m
step 02869/04692 (61.15%) | loss: 2.783798 | lrm: 0.78 | dt: 233.57ms | tok/sec: 2,244,675 | bf16_mfu: 47.12 | epoch: 1 pq: 31 rg: 72 | total time: 11.19m | eta: 7.1m
step 02870/04692 (61.17%) | loss: 2.777594 | lrm: 0.78 | dt: 232.27ms | tok/sec: 2,257,211 | bf16_mfu: 47.39 | epoch: 1 pq: 31 rg: 72 | total time: 11.19m | eta: 7.1m
step 02871/04692 (61.19%) | loss: 2.776906 | lrm: 0.78 | dt: 234.20ms | tok/sec: 2,238,610 | bf16_mfu: 46.99 | epoch: 1 pq: 31 rg: 72 | total time: 11.20m | eta: 7.1m
step 02872/04692 (61.21%) | loss: 2.765523 | lrm: 0.78 | dt: 236.59ms | tok/sec: 2,216,042 | bf16_mfu: 46.52 | epoch: 1 pq: 31 rg: 72 | total time: 11.20m | eta: 7.1m
step 02873/04692 (61.23%) | loss: 2.780492 | lrm: 0.78 | dt: 234.46ms | tok/sec: 2,236,118 | bf16_mfu: 46.94 | epoch: 1 pq: 31 rg: 80 | total time: 11.20m | eta: 7.1m
step 02874/04692 (61.25%) | loss: 2.780717 | lrm: 0.77 | dt: 233.95ms | tok/sec: 2,241,072 | bf16_mfu: 47.05 | epoch: 1 pq: 31 rg: 80 | total time: 11.21m | eta: 7.1m
step 02875/04692 (61.27%) | loss: 2.779262 | lrm: 0.77 | dt: 232.89ms | tok/sec: 2,251,245 | bf16_mfu: 47.26 | epoch: 1 pq: 31 rg: 80 | total time: 11.21m | eta: 7.1m
step 02876/04692 (61.30%) | loss: 2.766417 | lrm: 0.77 | dt: 234.00ms | tok/sec: 2,240,533 | bf16_mfu: 47.04 | epoch: 1 pq: 31 rg: 80 | total time: 11.22m | eta: 7.1m
step 02877/04692 (61.32%) | loss: 2.771924 | lrm: 0.77 | dt: 234.50ms | tok/sec: 2,235,772 | bf16_mfu: 46.94 | epoch: 1 pq: 31 rg: 80 | total time: 11.22m | eta: 7.1m
step 02878/04692 (61.34%) | loss: 2.770755 | lrm: 0.77 | dt: 233.81ms | tok/sec: 2,242,336 | bf16_mfu: 47.07 | epoch: 1 pq: 31 rg: 80 | total time: 11.22m | eta: 7.1m
step 02879/04692 (61.36%) | loss: 2.774060 | lrm: 0.77 | dt: 231.93ms | tok/sec: 2,260,588 | bf16_mfu: 47.46 | epoch: 1 pq: 31 rg: 80 | total time: 11.23m | eta: 7.1m
step 02880/04692 (61.38%) | loss: 2.782499 | lrm: 0.77 | dt: 234.64ms | tok/sec: 2,234,468 | bf16_mfu: 46.91 | epoch: 1 pq: 31 rg: 80 | total time: 11.23m | eta: 7.1m
step 02881/04692 (61.40%) | loss: 2.787013 | lrm: 0.77 | dt: 232.55ms | tok/sec: 2,254,490 | bf16_mfu: 47.33 | epoch: 1 pq: 32 rg: 0 | total time: 11.24m | eta: 7.1m
step 02882/04692 (61.42%) | loss: 2.787936 | lrm: 0.77 | dt: 233.67ms | tok/sec: 2,243,736 | bf16_mfu: 47.10 | epoch: 1 pq: 32 rg: 0 | total time: 11.24m | eta: 7.1m
step 02883/04692 (61.45%) | loss: 2.783983 | lrm: 0.77 | dt: 234.23ms | tok/sec: 2,238,357 | bf16_mfu: 46.99 | epoch: 1 pq: 32 rg: 0 | total time: 11.24m | eta: 7.1m
step 02884/04692 (61.47%) | loss: 2.769364 | lrm: 0.77 | dt: 235.74ms | tok/sec: 2,223,967 | bf16_mfu: 46.69 | epoch: 1 pq: 32 rg: 0 | total time: 11.25m | eta: 7.1m
step 02885/04692 (61.49%) | loss: 2.777400 | lrm: 0.77 | dt: 232.59ms | tok/sec: 2,254,129 | bf16_mfu: 47.32 | epoch: 1 pq: 32 rg: 0 | total time: 11.25m | eta: 7.1m
step 02886/04692 (61.51%) | loss: 2.773801 | lrm: 0.77 | dt: 231.19ms | tok/sec: 2,267,752 | bf16_mfu: 47.61 | epoch: 1 pq: 32 rg: 0 | total time: 11.26m | eta: 7.1m
step 02887/04692 (61.53%) | loss: 2.773239 | lrm: 0.77 | dt: 234.53ms | tok/sec: 2,235,468 | bf16_mfu: 46.93 | epoch: 1 pq: 32 rg: 0 | total time: 11.26m | eta: 7.1m
step 02888/04692 (61.55%) | loss: 2.774197 | lrm: 0.77 | dt: 233.93ms | tok/sec: 2,241,207 | bf16_mfu: 47.05 | epoch: 1 pq: 32 rg: 0 | total time: 11.26m | eta: 7.1m
step 02889/04692 (61.57%) | loss: 2.769086 | lrm: 0.77 | dt: 234.98ms | tok/sec: 2,231,172 | bf16_mfu: 46.84 | epoch: 1 pq: 32 rg: 0 | total time: 11.27m | eta: 7.1m
step 02890/04692 (61.59%) | loss: 2.757389 | lrm: 0.77 | dt: 232.43ms | tok/sec: 2,255,686 | bf16_mfu: 47.35 | epoch: 1 pq: 32 rg: 8 | total time: 11.27m | eta: 7.1m
step 02891/04692 (61.62%) | loss: 2.767572 | lrm: 0.77 | dt: 234.32ms | tok/sec: 2,237,483 | bf16_mfu: 46.97 | epoch: 1 pq: 32 rg: 8 | total time: 11.27m | eta: 7.0m
step 02892/04692 (61.64%) | loss: 2.776285 | lrm: 0.77 | dt: 233.71ms | tok/sec: 2,243,342 | bf16_mfu: 47.09 | epoch: 1 pq: 32 rg: 8 | total time: 11.28m | eta: 7.0m
step 02893/04692 (61.66%) | loss: 2.770451 | lrm: 0.77 | dt: 233.86ms | tok/sec: 2,241,908 | bf16_mfu: 47.06 | epoch: 1 pq: 32 rg: 8 | total time: 11.28m | eta: 7.0m
step 02894/04692 (61.68%) | loss: 2.761179 | lrm: 0.77 | dt: 234.26ms | tok/sec: 2,238,027 | bf16_mfu: 46.98 | epoch: 1 pq: 32 rg: 8 | total time: 11.29m | eta: 7.0m
step 02895/04692 (61.70%) | loss: 2.760992 | lrm: 0.77 | dt: 235.64ms | tok/sec: 2,224,921 | bf16_mfu: 46.71 | epoch: 1 pq: 32 rg: 8 | total time: 11.29m | eta: 7.0m
step 02896/04692 (61.72%) | loss: 2.763972 | lrm: 0.77 | dt: 234.50ms | tok/sec: 2,235,734 | bf16_mfu: 46.93 | epoch: 1 pq: 32 rg: 8 | total time: 11.29m | eta: 7.0m
step 02897/04692 (61.74%) | loss: 2.761404 | lrm: 0.77 | dt: 233.25ms | tok/sec: 2,247,710 | bf16_mfu: 47.19 | epoch: 1 pq: 32 rg: 8 | total time: 11.30m | eta: 7.0m
step 02898/04692 (61.76%) | loss: 2.763406 | lrm: 0.76 | dt: 232.58ms | tok/sec: 2,254,222 | bf16_mfu: 47.32 | epoch: 1 pq: 32 rg: 8 | total time: 11.30m | eta: 7.0m
step 02899/04692 (61.79%) | loss: 2.761726 | lrm: 0.76 | dt: 234.67ms | tok/sec: 2,234,125 | bf16_mfu: 46.90 | epoch: 1 pq: 32 rg: 16 | total time: 11.31m | eta: 7.0m
step 02900/04692 (61.81%) | loss: 2.763709 | lrm: 0.76 | dt: 233.81ms | tok/sec: 2,242,384 | bf16_mfu: 47.07 | epoch: 1 pq: 32 rg: 16 | total time: 11.31m | eta: 7.0m
step 02901/04692 (61.83%) | loss: 2.776760 | lrm: 0.76 | dt: 233.94ms | tok/sec: 2,241,163 | bf16_mfu: 47.05 | epoch: 1 pq: 32 rg: 16 | total time: 11.31m | eta: 7.0m
step 02902/04692 (61.85%) | loss: 2.766576 | lrm: 0.76 | dt: 232.93ms | tok/sec: 2,250,814 | bf16_mfu: 47.25 | epoch: 1 pq: 32 rg: 16 | total time: 11.32m | eta: 7.0m
step 02903/04692 (61.87%) | loss: 2.769791 | lrm: 0.76 | dt: 235.27ms | tok/sec: 2,228,411 | bf16_mfu: 46.78 | epoch: 1 pq: 32 rg: 16 | total time: 11.32m | eta: 7.0m
step 02904/04692 (61.89%) | loss: 2.765648 | lrm: 0.76 | dt: 232.19ms | tok/sec: 2,257,995 | bf16_mfu: 47.40 | epoch: 1 pq: 32 rg: 16 | total time: 11.33m | eta: 7.0m
step 02905/04692 (61.91%) | loss: 2.764787 | lrm: 0.76 | dt: 233.26ms | tok/sec: 2,247,619 | bf16_mfu: 47.18 | epoch: 1 pq: 32 rg: 16 | total time: 11.33m | eta: 7.0m
step 02906/04692 (61.94%) | loss: 2.759670 | lrm: 0.76 | dt: 234.34ms | tok/sec: 2,237,292 | bf16_mfu: 46.97 | epoch: 1 pq: 32 rg: 16 | total time: 11.33m | eta: 7.0m
step 02907/04692 (61.96%) | loss: 2.758791 | lrm: 0.76 | dt: 234.27ms | tok/sec: 2,237,950 | bf16_mfu: 46.98 | epoch: 1 pq: 32 rg: 24 | total time: 11.34m | eta: 7.0m
step 02908/04692 (61.98%) | loss: 2.763706 | lrm: 0.76 | dt: 232.11ms | tok/sec: 2,258,839 | bf16_mfu: 47.42 | epoch: 1 pq: 32 rg: 24 | total time: 11.34m | eta: 7.0m
step 02909/04692 (62.00%) | loss: 2.753054 | lrm: 0.76 | dt: 233.84ms | tok/sec: 2,242,066 | bf16_mfu: 47.07 | epoch: 1 pq: 32 rg: 24 | total time: 11.34m | eta: 7.0m
step 02910/04692 (62.02%) | loss: 2.759535 | lrm: 0.76 | dt: 235.11ms | tok/sec: 2,229,964 | bf16_mfu: 46.81 | epoch: 1 pq: 32 rg: 24 | total time: 11.35m | eta: 7.0m
step 02911/04692 (62.04%) | loss: 2.756995 | lrm: 0.76 | dt: 235.37ms | tok/sec: 2,227,551 | bf16_mfu: 46.76 | epoch: 1 pq: 32 rg: 24 | total time: 11.35m | eta: 7.0m
step 02912/04692 (62.06%) | loss: 2.758318 | lrm: 0.76 | dt: 233.67ms | tok/sec: 2,243,692 | bf16_mfu: 47.10 | epoch: 1 pq: 32 rg: 24 | total time: 11.36m | eta: 7.0m
step 02913/04692 (62.08%) | loss: 2.751126 | lrm: 0.76 | dt: 233.12ms | tok/sec: 2,249,007 | bf16_mfu: 47.21 | epoch: 1 pq: 32 rg: 24 | total time: 11.36m | eta: 7.0m
step 02914/04692 (62.11%) | loss: 2.759707 | lrm: 0.76 | dt: 234.87ms | tok/sec: 2,232,238 | bf16_mfu: 46.86 | epoch: 1 pq: 32 rg: 24 | total time: 11.36m | eta: 7.0m
step 02915/04692 (62.13%) | loss: 2.759268 | lrm: 0.76 | dt: 234.74ms | tok/sec: 2,233,517 | bf16_mfu: 46.89 | epoch: 1 pq: 32 rg: 32 | total time: 11.37m | eta: 7.0m
step 02916/04692 (62.15%) | loss: 2.762719 | lrm: 0.76 | dt: 233.27ms | tok/sec: 2,247,570 | bf16_mfu: 47.18 | epoch: 1 pq: 32 rg: 32 | total time: 11.37m | eta: 7.0m
step 02917/04692 (62.17%) | loss: 2.762922 | lrm: 0.76 | dt: 232.20ms | tok/sec: 2,257,881 | bf16_mfu: 47.40 | epoch: 1 pq: 32 rg: 32 | total time: 11.38m | eta: 6.9m
step 02918/04692 (62.19%) | loss: 2.759353 | lrm: 0.76 | dt: 235.27ms | tok/sec: 2,228,449 | bf16_mfu: 46.78 | epoch: 1 pq: 32 rg: 32 | total time: 11.38m | eta: 6.9m
step 02919/04692 (62.21%) | loss: 2.764901 | lrm: 0.76 | dt: 235.01ms | tok/sec: 2,230,948 | bf16_mfu: 46.83 | epoch: 1 pq: 32 rg: 32 | total time: 11.38m | eta: 6.9m
step 02920/04692 (62.23%) | loss: 2.767116 | lrm: 0.76 | dt: 235.61ms | tok/sec: 2,225,220 | bf16_mfu: 46.71 | epoch: 1 pq: 32 rg: 32 | total time: 11.39m | eta: 6.9m
step 02921/04692 (62.25%) | loss: 2.770391 | lrm: 0.75 | dt: 231.96ms | tok/sec: 2,260,262 | bf16_mfu: 47.45 | epoch: 1 pq: 32 rg: 32 | total time: 11.39m | eta: 6.9m
step 02922/04692 (62.28%) | loss: 2.763079 | lrm: 0.75 | dt: 234.53ms | tok/sec: 2,235,511 | bf16_mfu: 46.93 | epoch: 1 pq: 32 rg: 32 | total time: 11.40m | eta: 6.9m
step 02923/04692 (62.30%) | loss: 2.766920 | lrm: 0.75 | dt: 234.68ms | tok/sec: 2,234,023 | bf16_mfu: 46.90 | epoch: 1 pq: 32 rg: 40 | total time: 11.40m | eta: 6.9m
step 02924/04692 (62.32%) | loss: 2.768795 | lrm: 0.75 | dt: 236.46ms | tok/sec: 2,217,231 | bf16_mfu: 46.55 | epoch: 1 pq: 32 rg: 40 | total time: 11.40m | eta: 6.9m
step 02925/04692 (62.34%) | loss: 2.770295 | lrm: 0.75 | dt: 232.68ms | tok/sec: 2,253,268 | bf16_mfu: 47.30 | epoch: 1 pq: 32 rg: 40 | total time: 11.41m | eta: 6.9m
step 02926/04692 (62.36%) | loss: 2.764688 | lrm: 0.75 | dt: 231.97ms | tok/sec: 2,260,109 | bf16_mfu: 47.45 | epoch: 1 pq: 32 rg: 40 | total time: 11.41m | eta: 6.9m
step 02927/04692 (62.38%) | loss: 2.771300 | lrm: 0.75 | dt: 235.46ms | tok/sec: 2,226,660 | bf16_mfu: 46.74 | epoch: 1 pq: 32 rg: 40 | total time: 11.42m | eta: 6.9m
step 02928/04692 (62.40%) | loss: 2.767334 | lrm: 0.75 | dt: 234.50ms | tok/sec: 2,235,731 | bf16_mfu: 46.93 | epoch: 1 pq: 32 rg: 40 | total time: 11.42m | eta: 6.9m
step 02929/04692 (62.43%) | loss: 2.769426 | lrm: 0.75 | dt: 234.51ms | tok/sec: 2,235,679 | bf16_mfu: 46.93 | epoch: 1 pq: 32 rg: 40 | total time: 11.42m | eta: 6.9m
step 02930/04692 (62.45%) | loss: 2.766894 | lrm: 0.75 | dt: 233.58ms | tok/sec: 2,244,537 | bf16_mfu: 47.12 | epoch: 1 pq: 32 rg: 40 | total time: 11.43m | eta: 6.9m
step 02931/04692 (62.47%) | loss: 2.767832 | lrm: 0.75 | dt: 234.25ms | tok/sec: 2,238,191 | bf16_mfu: 46.99 | epoch: 1 pq: 32 rg: 48 | total time: 11.43m | eta: 6.9m
step 02932/04692 (62.49%) | loss: 2.773860 | lrm: 0.75 | dt: 234.07ms | tok/sec: 2,239,830 | bf16_mfu: 47.02 | epoch: 1 pq: 32 rg: 48 | total time: 11.43m | eta: 6.9m
step 02933/04692 (62.51%) | loss: 2.768796 | lrm: 0.75 | dt: 233.74ms | tok/sec: 2,243,024 | bf16_mfu: 47.09 | epoch: 1 pq: 32 rg: 48 | total time: 11.44m | eta: 6.9m
step 02934/04692 (62.53%) | loss: 2.774078 | lrm: 0.75 | dt: 232.80ms | tok/sec: 2,252,052 | bf16_mfu: 47.28 | epoch: 1 pq: 32 rg: 48 | total time: 11.44m | eta: 6.9m
step 02935/04692 (62.55%) | loss: 2.767854 | lrm: 0.75 | dt: 237.64ms | tok/sec: 2,206,253 | bf16_mfu: 46.32 | epoch: 1 pq: 32 rg: 48 | total time: 11.45m | eta: 6.9m
step 02936/04692 (62.57%) | loss: 2.769006 | lrm: 0.75 | dt: 234.74ms | tok/sec: 2,233,472 | bf16_mfu: 46.89 | epoch: 1 pq: 32 rg: 48 | total time: 11.45m | eta: 6.9m
step 02937/04692 (62.60%) | loss: 2.780870 | lrm: 0.75 | dt: 232.90ms | tok/sec: 2,251,139 | bf16_mfu: 47.26 | epoch: 1 pq: 32 rg: 48 | total time: 11.45m | eta: 6.9m
step 02938/04692 (62.62%) | loss: 2.768972 | lrm: 0.75 | dt: 236.95ms | tok/sec: 2,212,673 | bf16_mfu: 46.45 | epoch: 1 pq: 32 rg: 48 | total time: 11.46m | eta: 6.9m
step 02939/04692 (62.64%) | loss: 2.756034 | lrm: 0.75 | dt: 231.66ms | tok/sec: 2,263,210 | bf16_mfu: 47.51 | epoch: 1 pq: 32 rg: 48 | total time: 11.46m | eta: 6.9m
step 02940/04692 (62.66%) | loss: 2.747467 | lrm: 0.75 | dt: 235.30ms | tok/sec: 2,228,194 | bf16_mfu: 46.78 | epoch: 1 pq: 32 rg: 56 | total time: 11.47m | eta: 6.9m
step 02941/04692 (62.68%) | loss: 2.750017 | lrm: 0.75 | dt: 234.68ms | tok/sec: 2,234,080 | bf16_mfu: 46.90 | epoch: 1 pq: 32 rg: 56 | total time: 11.47m | eta: 6.9m
step 02942/04692 (62.70%) | loss: 2.748827 | lrm: 0.75 | dt: 233.13ms | tok/sec: 2,248,947 | bf16_mfu: 47.21 | epoch: 1 pq: 32 rg: 56 | total time: 11.47m | eta: 6.8m
step 02943/04692 (62.72%) | loss: 2.759933 | lrm: 0.75 | dt: 233.82ms | tok/sec: 2,242,317 | bf16_mfu: 47.07 | epoch: 1 pq: 32 rg: 56 | total time: 11.48m | eta: 6.8m
step 02944/04692 (62.75%) | loss: 2.754805 | lrm: 0.75 | dt: 233.28ms | tok/sec: 2,247,490 | bf16_mfu: 47.18 | epoch: 1 pq: 32 rg: 56 | total time: 11.48m | eta: 6.8m
step 02945/04692 (62.77%) | loss: 2.751525 | lrm: 0.74 | dt: 235.22ms | tok/sec: 2,228,960 | bf16_mfu: 46.79 | epoch: 1 pq: 32 rg: 56 | total time: 11.49m | eta: 6.8m
step 02946/04692 (62.79%) | loss: 2.741818 | lrm: 0.74 | dt: 231.16ms | tok/sec: 2,268,109 | bf16_mfu: 47.61 | epoch: 1 pq: 32 rg: 56 | total time: 11.49m | eta: 6.8m
step 02947/04692 (62.81%) | loss: 2.744232 | lrm: 0.74 | dt: 235.05ms | tok/sec: 2,230,565 | bf16_mfu: 46.83 | epoch: 1 pq: 32 rg: 56 | total time: 11.49m | eta: 6.8m
step 02948/04692 (62.83%) | loss: 2.732776 | lrm: 0.74 | dt: 233.29ms | tok/sec: 2,247,322 | bf16_mfu: 47.18 | epoch: 1 pq: 32 rg: 64 | total time: 11.50m | eta: 6.8m
step 02949/04692 (62.85%) | loss: 2.737294 | lrm: 0.74 | dt: 235.85ms | tok/sec: 2,222,926 | bf16_mfu: 46.67 | epoch: 1 pq: 32 rg: 64 | total time: 11.50m | eta: 6.8m
step 02950/04692 (62.87%) | loss: 2.730618 | lrm: 0.74 | dt: 231.73ms | tok/sec: 2,262,530 | bf16_mfu: 47.50 | epoch: 1 pq: 32 rg: 64 | total time: 11.50m | eta: 6.8m
step 02951/04692 (62.89%) | loss: 2.741919 | lrm: 0.74 | dt: 234.27ms | tok/sec: 2,237,956 | bf16_mfu: 46.98 | epoch: 1 pq: 32 rg: 64 | total time: 11.51m | eta: 6.8m
step 02952/04692 (62.92%) | loss: 2.745114 | lrm: 0.74 | dt: 234.55ms | tok/sec: 2,235,279 | bf16_mfu: 46.92 | epoch: 1 pq: 32 rg: 64 | total time: 11.51m | eta: 6.8m
step 02953/04692 (62.94%) | loss: 2.745855 | lrm: 0.74 | dt: 235.74ms | tok/sec: 2,224,054 | bf16_mfu: 46.69 | epoch: 1 pq: 32 rg: 64 | total time: 11.52m | eta: 6.8m
step 02954/04692 (62.96%) | loss: 2.753024 | lrm: 0.74 | dt: 232.88ms | tok/sec: 2,251,314 | bf16_mfu: 47.26 | epoch: 1 pq: 32 rg: 64 | total time: 11.52m | eta: 6.8m
step 02955/04692 (62.98%) | loss: 2.756524 | lrm: 0.74 | dt: 232.38ms | tok/sec: 2,256,172 | bf16_mfu: 47.36 | epoch: 1 pq: 32 rg: 64 | total time: 11.52m | eta: 6.8m
step 02956/04692 (63.00%) | loss: 2.763368 | lrm: 0.74 | dt: 233.58ms | tok/sec: 2,244,590 | bf16_mfu: 47.12 | epoch: 1 pq: 32 rg: 72 | total time: 11.53m | eta: 6.8m
step 02957/04692 (63.02%) | loss: 2.747809 | lrm: 0.74 | dt: 235.84ms | tok/sec: 2,223,097 | bf16_mfu: 46.67 | epoch: 1 pq: 32 rg: 72 | total time: 11.53m | eta: 6.8m
step 02958/04692 (63.04%) | loss: 2.749131 | lrm: 0.74 | dt: 232.60ms | tok/sec: 2,254,056 | bf16_mfu: 47.32 | epoch: 1 pq: 32 rg: 72 | total time: 11.54m | eta: 6.8m
step 02959/04692 (63.06%) | loss: 2.744191 | lrm: 0.74 | dt: 234.12ms | tok/sec: 2,239,429 | bf16_mfu: 47.01 | epoch: 1 pq: 32 rg: 72 | total time: 11.54m | eta: 6.8m
step 02960/04692 (63.09%) | loss: 2.740566 | lrm: 0.74 | dt: 235.75ms | tok/sec: 2,223,893 | bf16_mfu: 46.69 | epoch: 1 pq: 32 rg: 72 | total time: 11.54m | eta: 6.8m
step 02961/04692 (63.11%) | loss: 2.753323 | lrm: 0.74 | dt: 234.92ms | tok/sec: 2,231,736 | bf16_mfu: 46.85 | epoch: 1 pq: 32 rg: 72 | total time: 11.55m | eta: 6.8m
step 02962/04692 (63.13%) | loss: 2.746106 | lrm: 0.74 | dt: 233.44ms | tok/sec: 2,245,966 | bf16_mfu: 47.15 | epoch: 1 pq: 32 rg: 72 | total time: 11.55m | eta: 6.8m
step 02963/04692 (63.15%) | loss: 2.747950 | lrm: 0.74 | dt: 234.20ms | tok/sec: 2,238,642 | bf16_mfu: 47.00 | epoch: 1 pq: 32 rg: 72 | total time: 11.56m | eta: 6.8m
step 02964/04692 (63.17%) | loss: 2.757570 | lrm: 0.74 | dt: 236.59ms | tok/sec: 2,216,055 | bf16_mfu: 46.52 | epoch: 1 pq: 32 rg: 80 | total time: 11.56m | eta: 6.8m
step 02965/04692 (63.19%) | loss: 2.770359 | lrm: 0.74 | dt: 233.49ms | tok/sec: 2,245,468 | bf16_mfu: 47.14 | epoch: 1 pq: 32 rg: 80 | total time: 11.56m | eta: 6.8m
step 02966/04692 (63.21%) | loss: 2.766611 | lrm: 0.74 | dt: 234.22ms | tok/sec: 2,238,398 | bf16_mfu: 46.99 | epoch: 1 pq: 32 rg: 80 | total time: 11.57m | eta: 6.8m
step 02967/04692 (63.24%) | loss: 2.757973 | lrm: 0.74 | dt: 232.76ms | tok/sec: 2,252,435 | bf16_mfu: 47.29 | epoch: 1 pq: 32 rg: 80 | total time: 11.57m | eta: 6.8m
step 02968/04692 (63.26%) | loss: 2.762670 | lrm: 0.73 | dt: 235.89ms | tok/sec: 2,222,587 | bf16_mfu: 46.66 | epoch: 1 pq: 32 rg: 80 | total time: 11.58m | eta: 6.7m
step 02969/04692 (63.28%) | loss: 2.759532 | lrm: 0.73 | dt: 233.86ms | tok/sec: 2,241,901 | bf16_mfu: 47.06 | epoch: 1 pq: 32 rg: 80 | total time: 11.58m | eta: 6.7m
step 02970/04692 (63.30%) | loss: 2.763466 | lrm: 0.73 | dt: 234.68ms | tok/sec: 2,234,023 | bf16_mfu: 46.90 | epoch: 1 pq: 32 rg: 80 | total time: 11.58m | eta: 6.7m
step 02971/04692 (63.32%) | loss: 2.763730 | lrm: 0.73 | dt: 232.25ms | tok/sec: 2,257,399 | bf16_mfu: 47.39 | epoch: 1 pq: 32 rg: 80 | total time: 11.59m | eta: 6.7m
step 02972/04692 (63.34%) | loss: 2.776175 | lrm: 0.73 | dt: 235.03ms | tok/sec: 2,230,739 | bf16_mfu: 46.83 | epoch: 1 pq: 33 rg: 0 | total time: 11.59m | eta: 6.7m
step 02973/04692 (63.36%) | loss: 2.758103 | lrm: 0.73 | dt: 233.80ms | tok/sec: 2,242,471 | bf16_mfu: 47.08 | epoch: 1 pq: 33 rg: 0 | total time: 11.59m | eta: 6.7m
step 02974/04692 (63.38%) | loss: 2.764772 | lrm: 0.73 | dt: 233.69ms | tok/sec: 2,243,562 | bf16_mfu: 47.10 | epoch: 1 pq: 33 rg: 0 | total time: 11.60m | eta: 6.7m
step 02975/04692 (63.41%) | loss: 2.773040 | lrm: 0.73 | dt: 233.32ms | tok/sec: 2,247,083 | bf16_mfu: 47.17 | epoch: 1 pq: 33 rg: 0 | total time: 11.60m | eta: 6.7m
step 02976/04692 (63.43%) | loss: 2.766959 | lrm: 0.73 | dt: 235.47ms | tok/sec: 2,226,590 | bf16_mfu: 46.74 | epoch: 1 pq: 33 rg: 0 | total time: 11.61m | eta: 6.7m
step 02977/04692 (63.45%) | loss: 2.772276 | lrm: 0.73 | dt: 234.19ms | tok/sec: 2,238,706 | bf16_mfu: 47.00 | epoch: 1 pq: 33 rg: 0 | total time: 11.61m | eta: 6.7m
step 02978/04692 (63.47%) | loss: 2.780308 | lrm: 0.73 | dt: 234.06ms | tok/sec: 2,239,935 | bf16_mfu: 47.02 | epoch: 1 pq: 33 rg: 0 | total time: 11.61m | eta: 6.7m
step 02979/04692 (63.49%) | loss: 2.774224 | lrm: 0.73 | dt: 232.61ms | tok/sec: 2,253,898 | bf16_mfu: 47.32 | epoch: 1 pq: 33 rg: 0 | total time: 11.62m | eta: 6.7m
step 02980/04692 (63.51%) | loss: 2.770394 | lrm: 0.73 | dt: 235.47ms | tok/sec: 2,226,536 | bf16_mfu: 46.74 | epoch: 1 pq: 33 rg: 0 | total time: 11.62m | eta: 6.7m
step 02981/04692 (63.53%) | loss: 2.767618 | lrm: 0.73 | dt: 234.59ms | tok/sec: 2,234,956 | bf16_mfu: 46.92 | epoch: 1 pq: 33 rg: 8 | total time: 11.63m | eta: 6.7m
step 02982/04692 (63.55%) | loss: 2.762548 | lrm: 0.73 | dt: 233.10ms | tok/sec: 2,249,216 | bf16_mfu: 47.22 | epoch: 1 pq: 33 rg: 8 | total time: 11.63m | eta: 6.7m
step 02983/04692 (63.58%) | loss: 2.752279 | lrm: 0.73 | dt: 235.30ms | tok/sec: 2,228,160 | bf16_mfu: 46.78 | epoch: 1 pq: 33 rg: 8 | total time: 11.63m | eta: 6.7m
step 02984/04692 (63.60%) | loss: 2.754198 | lrm: 0.73 | dt: 234.17ms | tok/sec: 2,238,941 | bf16_mfu: 47.00 | epoch: 1 pq: 33 rg: 8 | total time: 11.64m | eta: 6.7m
step 02985/04692 (63.62%) | loss: 2.749791 | lrm: 0.73 | dt: 234.86ms | tok/sec: 2,232,295 | bf16_mfu: 46.86 | epoch: 1 pq: 33 rg: 8 | total time: 11.64m | eta: 6.7m
step 02986/04692 (63.64%) | loss: 2.752179 | lrm: 0.73 | dt: 234.46ms | tok/sec: 2,236,152 | bf16_mfu: 46.94 | epoch: 1 pq: 33 rg: 8 | total time: 11.65m | eta: 6.7m
step 02987/04692 (63.66%) | loss: 2.756516 | lrm: 0.73 | dt: 231.80ms | tok/sec: 2,261,834 | bf16_mfu: 47.48 | epoch: 1 pq: 33 rg: 8 | total time: 11.65m | eta: 6.7m
step 02988/04692 (63.68%) | loss: 2.755630 | lrm: 0.73 | dt: 236.09ms | tok/sec: 2,220,730 | bf16_mfu: 46.62 | epoch: 1 pq: 33 rg: 8 | total time: 11.65m | eta: 6.7m
step 02989/04692 (63.70%) | loss: 2.767197 | lrm: 0.73 | dt: 235.96ms | tok/sec: 2,221,944 | bf16_mfu: 46.65 | epoch: 1 pq: 33 rg: 16 | total time: 11.66m | eta: 6.7m
step 02990/04692 (63.73%) | loss: 2.768693 | lrm: 0.73 | dt: 234.38ms | tok/sec: 2,236,950 | bf16_mfu: 46.96 | epoch: 1 pq: 33 rg: 16 | total time: 11.66m | eta: 6.7m
step 02991/04692 (63.75%) | loss: 2.762747 | lrm: 0.73 | dt: 233.98ms | tok/sec: 2,240,741 | bf16_mfu: 47.04 | epoch: 1 pq: 33 rg: 16 | total time: 11.66m | eta: 6.7m
step 02992/04692 (63.77%) | loss: 2.771404 | lrm: 0.72 | dt: 233.00ms | tok/sec: 2,250,141 | bf16_mfu: 47.24 | epoch: 1 pq: 33 rg: 16 | total time: 11.67m | eta: 6.7m
step 02993/04692 (63.79%) | loss: 2.773652 | lrm: 0.72 | dt: 235.43ms | tok/sec: 2,226,974 | bf16_mfu: 46.75 | epoch: 1 pq: 33 rg: 16 | total time: 11.67m | eta: 6.6m
step 02994/04692 (63.81%) | loss: 2.779264 | lrm: 0.72 | dt: 232.95ms | tok/sec: 2,250,602 | bf16_mfu: 47.25 | epoch: 1 pq: 33 rg: 16 | total time: 11.68m | eta: 6.6m
step 02995/04692 (63.83%) | loss: 2.771326 | lrm: 0.72 | dt: 232.43ms | tok/sec: 2,255,690 | bf16_mfu: 47.35 | epoch: 1 pq: 33 rg: 16 | total time: 11.68m | eta: 6.6m
step 02996/04692 (63.85%) | loss: 2.767587 | lrm: 0.72 | dt: 231.39ms | tok/sec: 2,265,793 | bf16_mfu: 47.57 | epoch: 1 pq: 33 rg: 16 | total time: 11.68m | eta: 6.6m
step 02997/04692 (63.87%) | loss: 2.771917 | lrm: 0.72 | dt: 233.73ms | tok/sec: 2,243,157 | bf16_mfu: 47.09 | epoch: 1 pq: 33 rg: 24 | total time: 11.69m | eta: 6.6m
step 02998/04692 (63.90%) | loss: 2.771792 | lrm: 0.72 | dt: 234.35ms | tok/sec: 2,237,182 | bf16_mfu: 46.96 | epoch: 1 pq: 33 rg: 24 | total time: 11.69m | eta: 6.6m
step 02999/04692 (63.92%) | loss: 2.771963 | lrm: 0.72 | dt: 234.73ms | tok/sec: 2,233,549 | bf16_mfu: 46.89 | epoch: 1 pq: 33 rg: 24 | total time: 11.70m | eta: 6.6m
Step 03000 | Validation bpb: 0.839841
Evaluating: hellaswag_zeroshot (0-shot, type: multiple_choice)... accuracy: 0.4060 | centered: 0.2080 | time: 1.09s
Evaluating: jeopardy (10-shot, type: language_modeling)... accuracy: 0.0260 | centered: 0.0260 | time: 1.00s
Evaluating: bigbench_qa_wikidata (10-shot, type: language_modeling)... accuracy: 0.2700 | centered: 0.2700 | time: 1.02s
Evaluating: arc_easy (10-shot, type: multiple_choice)... accuracy: 0.6280 | centered: 0.5040 | time: 1.10s
Evaluating: arc_challenge (10-shot, type: multiple_choice)... accuracy: 0.3460 | centered: 0.1280 | time: 1.12s
Evaluating: copa (0-shot, type: multiple_choice)... accuracy: 0.5800 | centered: 0.1600 | time: 0.19s
Evaluating: commonsense_qa (10-shot, type: multiple_choice)... accuracy: 0.3460 | centered: 0.1825 | time: 1.14s
Evaluating: piqa (10-shot, type: multiple_choice)... accuracy: 0.7080 | centered: 0.4160 | time: 1.00s
Evaluating: openbook_qa (0-shot, type: multiple_choice)... accuracy: 0.3260 | centered: 0.1013 | time: 0.96s
Evaluating: lambada_openai (0-shot, type: language_modeling)... accuracy: 0.3360 | centered: 0.3360 | time: 0.97s
Evaluating: hellaswag (10-shot, type: multiple_choice)... accuracy: 0.4040 | centered: 0.2053 | time: 1.34s
Evaluating: winograd (0-shot, type: schema)... accuracy: 0.5934 | centered: 0.1868 | time: 0.51s
Evaluating: winogrande (0-shot, type: schema)... accuracy: 0.5400 | centered: 0.0800 | time: 0.93s
Evaluating: bigbench_dyck_languages (10-shot, type: language_modeling)... accuracy: 0.0780 | centered: 0.0780 | time: 1.01s
Evaluating: agi_eval_lsat_ar (3-shot, type: multiple_choice)... accuracy: 0.2783 | centered: 0.0978 | time: 0.58s
Evaluating: bigbench_cs_algorithms (10-shot, type: language_modeling)... accuracy: 0.4160 | centered: 0.4160 | time: 1.00s
Evaluating: bigbench_operators (10-shot, type: language_modeling)... accuracy: 0.0857 | centered: 0.0857 | time: 0.42s
Evaluating: bigbench_repeat_copy_logic (10-shot, type: language_modeling)... accuracy: 0.0000 | centered: 0.0000 | time: 0.07s
Evaluating: squad (10-shot, type: language_modeling)... accuracy: 0.1960 | centered: 0.1960 | time: 1.27s
Evaluating: coqa (0-shot, type: language_modeling)... accuracy: 0.1900 | centered: 0.1900 | time: 1.13s
Evaluating: boolq (10-shot, type: multiple_choice)... accuracy: 0.5620 | centered: -0.1526 | time: 1.24s
Evaluating: bigbench_language_identification (10-shot, type: multiple_choice)... accuracy: 0.2640 | centered: 0.1903 | time: 1.75s
Step 03000 | CORE metric: 0.1775
2026-03-06 21:20:23,559 - nanochat.checkpoint_manager - [32m[1mINFO[0m - Saved optimizer state to: /data/.cache/nanochat/base_checkpoints/part3/d16_baseline/optim_003000_rank5.pt
2026-03-06 21:20:23,625 - nanochat.checkpoint_manager - [32m[1mINFO[0m - Saved optimizer state to: /data/.cache/nanochat/base_checkpoints/part3/d16_baseline/optim_003000_rank6.pt
2026-03-06 21:20:23,637 - nanochat.checkpoint_manager - [32m[1mINFO[0m - Saved optimizer state to: /data/.cache/nanochat/base_checkpoints/part3/d16_baseline/optim_003000_rank1.pt
2026-03-06 21:20:23,640 - nanochat.checkpoint_manager - [32m[1mINFO[0m - Saved optimizer state to: /data/.cache/nanochat/base_checkpoints/part3/d16_baseline/optim_003000_rank3.pt
2026-03-06 21:20:23,640 - nanochat.checkpoint_manager - [32m[1mINFO[0m - Saved optimizer state to: /data/.cache/nanochat/base_checkpoints/part3/d16_baseline/optim_003000_rank2.pt
2026-03-06 21:20:23,640 - nanochat.checkpoint_manager - [32m[1mINFO[0m - Saved optimizer state to: /data/.cache/nanochat/base_checkpoints/part3/d16_baseline/optim_003000_rank4.pt
2026-03-06 21:20:23,640 - nanochat.checkpoint_manager - [32m[1mINFO[0m - Saved optimizer state to: /data/.cache/nanochat/base_checkpoints/part3/d16_baseline/optim_003000_rank7.pt
2026-03-06 21:20:26,184 - nanochat.checkpoint_manager - [32m[1mINFO[0m - Saved model parameters to: /data/.cache/nanochat/base_checkpoints/part3/d16_baseline/model_003000.pt
2026-03-06 21:20:26,187 - nanochat.checkpoint_manager - [32m[1mINFO[0m - Saved metadata to: /data/.cache/nanochat/base_checkpoints/part3/d16_baseline/meta_003000.json
2026-03-06 21:20:26,726 - nanochat.checkpoint_manager - [32m[1mINFO[0m - Saved optimizer state to: /data/.cache/nanochat/base_checkpoints/part3/d16_baseline/optim_003000_rank0.pt
step 03000/04692 (63.94%) | loss: 2.771367 | lrm: 0.72 | dt: 225.38ms | tok/sec: 2,326,216 | bf16_mfu: 48.83 | epoch: 1 pq: 33 rg: 24 | total time: 11.70m | eta: 6.6m
step 03001/04692 (63.96%) | loss: 2.777645 | lrm: 0.72 | dt: 227.87ms | tok/sec: 2,300,789 | bf16_mfu: 48.30 | epoch: 1 pq: 33 rg: 24 | total time: 11.70m | eta: 6.6m
step 03002/04692 (63.98%) | loss: 2.784409 | lrm: 0.72 | dt: 228.33ms | tok/sec: 2,296,188 | bf16_mfu: 48.20 | epoch: 1 pq: 33 rg: 24 | total time: 11.71m | eta: 6.6m
step 03003/04692 (64.00%) | loss: 2.772087 | lrm: 0.72 | dt: 236.28ms | tok/sec: 2,218,895 | bf16_mfu: 46.58 | epoch: 1 pq: 33 rg: 24 | total time: 11.71m | eta: 6.6m
step 03004/04692 (64.02%) | loss: 2.767441 | lrm: 0.72 | dt: 238.26ms | tok/sec: 2,200,457 | bf16_mfu: 46.19 | epoch: 1 pq: 33 rg: 24 | total time: 11.72m | eta: 6.6m
step 03005/04692 (64.05%) | loss: 2.778900 | lrm: 0.72 | dt: 233.82ms | tok/sec: 2,242,233 | bf16_mfu: 47.07 | epoch: 1 pq: 33 rg: 32 | total time: 11.72m | eta: 6.6m
step 03006/04692 (64.07%) | loss: 2.773177 | lrm: 0.72 | dt: 229.38ms | tok/sec: 2,285,661 | bf16_mfu: 47.98 | epoch: 1 pq: 33 rg: 32 | total time: 11.72m | eta: 6.6m
step 03007/04692 (64.09%) | loss: 2.764462 | lrm: 0.72 | dt: 233.23ms | tok/sec: 2,247,926 | bf16_mfu: 47.19 | epoch: 1 pq: 33 rg: 32 | total time: 11.73m | eta: 6.6m
step 03008/04692 (64.11%) | loss: 2.750377 | lrm: 0.72 | dt: 236.88ms | tok/sec: 2,213,290 | bf16_mfu: 46.46 | epoch: 1 pq: 33 rg: 32 | total time: 11.73m | eta: 6.6m
step 03009/04692 (64.13%) | loss: 2.753547 | lrm: 0.72 | dt: 236.14ms | tok/sec: 2,220,286 | bf16_mfu: 46.61 | epoch: 1 pq: 33 rg: 32 | total time: 11.73m | eta: 6.6m
step 03010/04692 (64.15%) | loss: 2.750880 | lrm: 0.72 | dt: 231.61ms | tok/sec: 2,263,622 | bf16_mfu: 47.52 | epoch: 1 pq: 33 rg: 32 | total time: 11.74m | eta: 6.6m
step 03011/04692 (64.17%) | loss: 2.746397 | lrm: 0.72 | dt: 232.36ms | tok/sec: 2,256,341 | bf16_mfu: 47.37 | epoch: 1 pq: 33 rg: 32 | total time: 11.74m | eta: 6.6m
step 03012/04692 (64.19%) | loss: 2.745158 | lrm: 0.72 | dt: 232.52ms | tok/sec: 2,254,804 | bf16_mfu: 47.33 | epoch: 1 pq: 33 rg: 32 | total time: 11.75m | eta: 6.6m
step 03013/04692 (64.22%) | loss: 2.753178 | lrm: 0.72 | dt: 233.82ms | tok/sec: 2,242,288 | bf16_mfu: 47.07 | epoch: 1 pq: 33 rg: 32 | total time: 11.75m | eta: 6.6m
step 03014/04692 (64.24%) | loss: 2.751547 | lrm: 0.72 | dt: 232.51ms | tok/sec: 2,254,901 | bf16_mfu: 47.34 | epoch: 1 pq: 33 rg: 40 | total time: 11.75m | eta: 6.6m
step 03015/04692 (64.26%) | loss: 2.739026 | lrm: 0.71 | dt: 230.68ms | tok/sec: 2,272,802 | bf16_mfu: 47.71 | epoch: 1 pq: 33 rg: 40 | total time: 11.76m | eta: 6.6m
step 03016/04692 (64.28%) | loss: 2.725078 | lrm: 0.71 | dt: 233.92ms | tok/sec: 2,241,298 | bf16_mfu: 47.05 | epoch: 1 pq: 33 rg: 40 | total time: 11.76m | eta: 6.6m
step 03017/04692 (64.30%) | loss: 2.720402 | lrm: 0.71 | dt: 234.97ms | tok/sec: 2,231,301 | bf16_mfu: 46.84 | epoch: 1 pq: 33 rg: 40 | total time: 11.77m | eta: 6.6m
step 03018/04692 (64.32%) | loss: 2.726810 | lrm: 0.71 | dt: 234.62ms | tok/sec: 2,234,618 | bf16_mfu: 46.91 | epoch: 1 pq: 33 rg: 40 | total time: 11.77m | eta: 6.6m
step 03019/04692 (64.34%) | loss: 2.737640 | lrm: 0.71 | dt: 231.61ms | tok/sec: 2,263,643 | bf16_mfu: 47.52 | epoch: 1 pq: 33 rg: 40 | total time: 11.77m | eta: 6.5m
step 03020/04692 (64.36%) | loss: 2.729146 | lrm: 0.71 | dt: 1026.61ms | tok/sec: 510,698 | bf16_mfu: 10.72 | epoch: 1 pq: 33 rg: 40 | total time: 11.79m | eta: 6.5m
step 03021/04692 (64.39%) | loss: 2.731737 | lrm: 0.71 | dt: 225.70ms | tok/sec: 2,322,989 | bf16_mfu: 48.77 | epoch: 1 pq: 33 rg: 40 | total time: 11.79m | eta: 6.5m
step 03022/04692 (64.41%) | loss: 2.730984 | lrm: 0.71 | dt: 229.83ms | tok/sec: 2,281,232 | bf16_mfu: 47.89 | epoch: 1 pq: 33 rg: 48 | total time: 11.80m | eta: 6.5m
step 03023/04692 (64.43%) | loss: 2.742073 | lrm: 0.71 | dt: 228.51ms | tok/sec: 2,294,403 | bf16_mfu: 48.17 | epoch: 1 pq: 33 rg: 48 | total time: 11.80m | eta: 6.5m
step 03024/04692 (64.45%) | loss: 2.747417 | lrm: 0.71 | dt: 241.27ms | tok/sec: 2,173,001 | bf16_mfu: 45.62 | epoch: 1 pq: 33 rg: 48 | total time: 11.81m | eta: 6.5m
step 03025/04692 (64.47%) | loss: 2.750918 | lrm: 0.71 | dt: 237.68ms | tok/sec: 2,205,868 | bf16_mfu: 46.31 | epoch: 1 pq: 33 rg: 48 | total time: 11.81m | eta: 6.5m
step 03026/04692 (64.49%) | loss: 2.756118 | lrm: 0.71 | dt: 231.59ms | tok/sec: 2,263,839 | bf16_mfu: 47.52 | epoch: 1 pq: 33 rg: 48 | total time: 11.81m | eta: 6.5m
step 03027/04692 (64.51%) | loss: 2.755953 | lrm: 0.71 | dt: 230.89ms | tok/sec: 2,270,693 | bf16_mfu: 47.67 | epoch: 1 pq: 33 rg: 48 | total time: 11.82m | eta: 6.5m
step 03028/04692 (64.54%) | loss: 2.756095 | lrm: 0.71 | dt: 230.52ms | tok/sec: 2,274,354 | bf16_mfu: 47.75 | epoch: 1 pq: 33 rg: 48 | total time: 11.82m | eta: 6.5m
step 03029/04692 (64.56%) | loss: 2.753740 | lrm: 0.71 | dt: 239.49ms | tok/sec: 2,189,198 | bf16_mfu: 45.96 | epoch: 1 pq: 33 rg: 48 | total time: 11.83m | eta: 6.5m
step 03030/04692 (64.58%) | loss: 2.754050 | lrm: 0.71 | dt: 235.66ms | tok/sec: 2,224,779 | bf16_mfu: 46.70 | epoch: 1 pq: 33 rg: 56 | total time: 11.83m | eta: 6.5m
step 03031/04692 (64.60%) | loss: 2.749469 | lrm: 0.71 | dt: 231.45ms | tok/sec: 2,265,257 | bf16_mfu: 47.55 | epoch: 1 pq: 33 rg: 56 | total time: 11.83m | eta: 6.5m
step 03032/04692 (64.62%) | loss: 2.751133 | lrm: 0.71 | dt: 230.95ms | tok/sec: 2,270,109 | bf16_mfu: 47.66 | epoch: 1 pq: 33 rg: 56 | total time: 11.84m | eta: 6.5m
step 03033/04692 (64.64%) | loss: 2.744000 | lrm: 0.71 | dt: 239.18ms | tok/sec: 2,192,067 | bf16_mfu: 46.02 | epoch: 1 pq: 33 rg: 56 | total time: 11.84m | eta: 6.5m
step 03034/04692 (64.66%) | loss: 2.740352 | lrm: 0.71 | dt: 235.00ms | tok/sec: 2,230,986 | bf16_mfu: 46.83 | epoch: 1 pq: 33 rg: 56 | total time: 11.85m | eta: 6.5m
step 03035/04692 (64.68%) | loss: 2.743904 | lrm: 0.71 | dt: 232.75ms | tok/sec: 2,252,582 | bf16_mfu: 47.29 | epoch: 1 pq: 33 rg: 56 | total time: 11.85m | eta: 6.5m
step 03036/04692 (64.71%) | loss: 2.741356 | lrm: 0.71 | dt: 232.70ms | tok/sec: 2,253,030 | bf16_mfu: 47.30 | epoch: 1 pq: 33 rg: 56 | total time: 11.85m | eta: 6.5m
step 03037/04692 (64.73%) | loss: 2.750451 | lrm: 0.71 | dt: 234.26ms | tok/sec: 2,238,034 | bf16_mfu: 46.98 | epoch: 1 pq: 33 rg: 56 | total time: 11.86m | eta: 6.5m
step 03038/04692 (64.75%) | loss: 2.758218 | lrm: 0.71 | dt: 237.28ms | tok/sec: 2,209,611 | bf16_mfu: 46.39 | epoch: 1 pq: 33 rg: 64 | total time: 11.86m | eta: 6.5m
step 03039/04692 (64.77%) | loss: 2.762157 | lrm: 0.70 | dt: 233.33ms | tok/sec: 2,246,985 | bf16_mfu: 47.17 | epoch: 1 pq: 33 rg: 64 | total time: 11.86m | eta: 6.5m
step 03040/04692 (64.79%) | loss: 2.768392 | lrm: 0.70 | dt: 230.54ms | tok/sec: 2,274,196 | bf16_mfu: 47.74 | epoch: 1 pq: 33 rg: 64 | total time: 11.87m | eta: 6.5m
step 03041/04692 (64.81%) | loss: 2.774982 | lrm: 0.70 | dt: 234.33ms | tok/sec: 2,237,349 | bf16_mfu: 46.97 | epoch: 1 pq: 33 rg: 64 | total time: 11.87m | eta: 6.5m
step 03042/04692 (64.83%) | loss: 2.761193 | lrm: 0.70 | dt: 236.71ms | tok/sec: 2,214,895 | bf16_mfu: 46.50 | epoch: 1 pq: 33 rg: 64 | total time: 11.88m | eta: 6.5m
step 03043/04692 (64.86%) | loss: 2.761324 | lrm: 0.70 | dt: 234.05ms | tok/sec: 2,240,074 | bf16_mfu: 47.03 | epoch: 1 pq: 33 rg: 64 | total time: 11.88m | eta: 6.5m
step 03044/04692 (64.88%) | loss: 2.759062 | lrm: 0.70 | dt: 232.40ms | tok/sec: 2,255,975 | bf16_mfu: 47.36 | epoch: 1 pq: 33 rg: 64 | total time: 11.88m | eta: 6.5m
step 03045/04692 (64.90%) | loss: 2.760127 | lrm: 0.70 | dt: 232.80ms | tok/sec: 2,252,116 | bf16_mfu: 47.28 | epoch: 1 pq: 33 rg: 64 | total time: 11.89m | eta: 6.5m
step 03046/04692 (64.92%) | loss: 2.774064 | lrm: 0.70 | dt: 236.81ms | tok/sec: 2,213,998 | bf16_mfu: 46.48 | epoch: 1 pq: 33 rg: 64 | total time: 11.89m | eta: 6.4m
step 03047/04692 (64.94%) | loss: 2.777412 | lrm: 0.70 | dt: 234.87ms | tok/sec: 2,232,250 | bf16_mfu: 46.86 | epoch: 1 pq: 33 rg: 72 | total time: 11.90m | eta: 6.4m
step 03048/04692 (64.96%) | loss: 2.779343 | lrm: 0.70 | dt: 232.93ms | tok/sec: 2,250,862 | bf16_mfu: 47.25 | epoch: 1 pq: 33 rg: 72 | total time: 11.90m | eta: 6.4m
step 03049/04692 (64.98%) | loss: 2.779569 | lrm: 0.70 | dt: 232.46ms | tok/sec: 2,255,433 | bf16_mfu: 47.35 | epoch: 1 pq: 33 rg: 72 | total time: 11.90m | eta: 6.4m
step 03050/04692 (65.00%) | loss: 2.775810 | lrm: 0.70 | dt: 236.15ms | tok/sec: 2,220,147 | bf16_mfu: 46.61 | epoch: 1 pq: 33 rg: 72 | total time: 11.91m | eta: 6.4m
step 03051/04692 (65.03%) | loss: 2.776931 | lrm: 0.70 | dt: 235.08ms | tok/sec: 2,230,244 | bf16_mfu: 46.82 | epoch: 1 pq: 33 rg: 72 | total time: 11.91m | eta: 6.4m
step 03052/04692 (65.05%) | loss: 2.769893 | lrm: 0.70 | dt: 234.13ms | tok/sec: 2,239,335 | bf16_mfu: 47.01 | epoch: 1 pq: 33 rg: 72 | total time: 11.92m | eta: 6.4m
step 03053/04692 (65.07%) | loss: 2.769839 | lrm: 0.70 | dt: 230.98ms | tok/sec: 2,269,825 | bf16_mfu: 47.65 | epoch: 1 pq: 33 rg: 72 | total time: 11.92m | eta: 6.4m
step 03054/04692 (65.09%) | loss: 2.755657 | lrm: 0.70 | dt: 235.82ms | tok/sec: 2,223,301 | bf16_mfu: 46.67 | epoch: 1 pq: 33 rg: 72 | total time: 11.92m | eta: 6.4m
step 03055/04692 (65.11%) | loss: 2.754170 | lrm: 0.70 | dt: 235.25ms | tok/sec: 2,228,605 | bf16_mfu: 46.78 | epoch: 1 pq: 33 rg: 80 | total time: 11.93m | eta: 6.4m
step 03056/04692 (65.13%) | loss: 2.765623 | lrm: 0.70 | dt: 234.34ms | tok/sec: 2,237,292 | bf16_mfu: 46.97 | epoch: 1 pq: 33 rg: 80 | total time: 11.93m | eta: 6.4m
step 03057/04692 (65.15%) | loss: 2.750111 | lrm: 0.70 | dt: 231.51ms | tok/sec: 2,264,669 | bf16_mfu: 47.54 | epoch: 1 pq: 33 rg: 80 | total time: 11.93m | eta: 6.4m
step 03058/04692 (65.17%) | loss: 2.752775 | lrm: 0.70 | dt: 233.30ms | tok/sec: 2,247,269 | bf16_mfu: 47.18 | epoch: 1 pq: 33 rg: 80 | total time: 11.94m | eta: 6.4m
step 03059/04692 (65.20%) | loss: 2.754026 | lrm: 0.70 | dt: 234.13ms | tok/sec: 2,239,297 | bf16_mfu: 47.01 | epoch: 1 pq: 33 rg: 80 | total time: 11.94m | eta: 6.4m
step 03060/04692 (65.22%) | loss: 2.753640 | lrm: 0.70 | dt: 234.12ms | tok/sec: 2,239,397 | bf16_mfu: 47.01 | epoch: 1 pq: 33 rg: 80 | total time: 11.95m | eta: 6.4m
step 03061/04692 (65.24%) | loss: 2.760683 | lrm: 0.70 | dt: 231.77ms | tok/sec: 2,262,069 | bf16_mfu: 47.49 | epoch: 1 pq: 33 rg: 80 | total time: 11.95m | eta: 6.4m
step 03062/04692 (65.26%) | loss: 2.763889 | lrm: 0.69 | dt: 234.62ms | tok/sec: 2,234,668 | bf16_mfu: 46.91 | epoch: 1 pq: 33 rg: 80 | total time: 11.95m | eta: 6.4m
step 03063/04692 (65.28%) | loss: 2.761875 | lrm: 0.69 | dt: 232.96ms | tok/sec: 2,250,570 | bf16_mfu: 47.25 | epoch: 1 pq: 34 rg: 0 | total time: 11.96m | eta: 6.4m
step 03064/04692 (65.30%) | loss: 2.768622 | lrm: 0.69 | dt: 232.85ms | tok/sec: 2,251,572 | bf16_mfu: 47.27 | epoch: 1 pq: 34 rg: 0 | total time: 11.96m | eta: 6.4m
step 03065/04692 (65.32%) | loss: 2.772572 | lrm: 0.69 | dt: 232.51ms | tok/sec: 2,254,950 | bf16_mfu: 47.34 | epoch: 1 pq: 34 rg: 0 | total time: 11.97m | eta: 6.4m
step 03066/04692 (65.35%) | loss: 2.788528 | lrm: 0.69 | dt: 234.51ms | tok/sec: 2,235,640 | bf16_mfu: 46.93 | epoch: 1 pq: 34 rg: 0 | total time: 11.97m | eta: 6.4m
step 03067/04692 (65.37%) | loss: 2.785457 | lrm: 0.69 | dt: 236.55ms | tok/sec: 2,216,424 | bf16_mfu: 46.53 | epoch: 1 pq: 34 rg: 0 | total time: 11.97m | eta: 6.4m
step 03068/04692 (65.39%) | loss: 2.768539 | lrm: 0.69 | dt: 235.62ms | tok/sec: 2,225,123 | bf16_mfu: 46.71 | epoch: 1 pq: 34 rg: 0 | total time: 11.98m | eta: 6.4m
step 03069/04692 (65.41%) | loss: 2.775520 | lrm: 0.69 | dt: 232.94ms | tok/sec: 2,250,747 | bf16_mfu: 47.25 | epoch: 1 pq: 34 rg: 0 | total time: 11.98m | eta: 6.4m
step 03070/04692 (65.43%) | loss: 2.783878 | lrm: 0.69 | dt: 233.17ms | tok/sec: 2,248,485 | bf16_mfu: 47.20 | epoch: 1 pq: 34 rg: 0 | total time: 11.99m | eta: 6.4m
step 03071/04692 (65.45%) | loss: 2.774554 | lrm: 0.69 | dt: 233.36ms | tok/sec: 2,246,654 | bf16_mfu: 47.16 | epoch: 1 pq: 34 rg: 8 | total time: 11.99m | eta: 6.3m
step 03072/04692 (65.47%) | loss: 2.771405 | lrm: 0.69 | dt: 236.94ms | tok/sec: 2,212,768 | bf16_mfu: 46.45 | epoch: 1 pq: 34 rg: 8 | total time: 11.99m | eta: 6.3m
step 03073/04692 (65.49%) | loss: 2.755659 | lrm: 0.69 | dt: 232.75ms | tok/sec: 2,252,624 | bf16_mfu: 47.29 | epoch: 1 pq: 34 rg: 8 | total time: 12.00m | eta: 6.3m
step 03074/04692 (65.52%) | loss: 2.763362 | lrm: 0.69 | dt: 234.05ms | tok/sec: 2,240,040 | bf16_mfu: 47.02 | epoch: 1 pq: 34 rg: 8 | total time: 12.00m | eta: 6.3m
step 03075/04692 (65.54%) | loss: 2.753276 | lrm: 0.69 | dt: 234.53ms | tok/sec: 2,235,524 | bf16_mfu: 46.93 | epoch: 1 pq: 34 rg: 8 | total time: 12.01m | eta: 6.3m
step 03076/04692 (65.56%) | loss: 2.735380 | lrm: 0.69 | dt: 235.21ms | tok/sec: 2,229,019 | bf16_mfu: 46.79 | epoch: 1 pq: 34 rg: 8 | total time: 12.01m | eta: 6.3m
step 03077/04692 (65.58%) | loss: 2.745990 | lrm: 0.69 | dt: 233.85ms | tok/sec: 2,241,945 | bf16_mfu: 47.06 | epoch: 1 pq: 34 rg: 8 | total time: 12.01m | eta: 6.3m
step 03078/04692 (65.60%) | loss: 2.742864 | lrm: 0.69 | dt: 232.90ms | tok/sec: 2,251,137 | bf16_mfu: 47.26 | epoch: 1 pq: 34 rg: 8 | total time: 12.02m | eta: 6.3m
step 03079/04692 (65.62%) | loss: 2.740639 | lrm: 0.69 | dt: 234.73ms | tok/sec: 2,233,538 | bf16_mfu: 46.89 | epoch: 1 pq: 34 rg: 8 | total time: 12.02m | eta: 6.3m
step 03080/04692 (65.64%) | loss: 2.746325 | lrm: 0.69 | dt: 234.74ms | tok/sec: 2,233,513 | bf16_mfu: 46.89 | epoch: 1 pq: 34 rg: 16 | total time: 12.02m | eta: 6.3m
step 03081/04692 (65.66%) | loss: 2.748800 | lrm: 0.69 | dt: 234.43ms | tok/sec: 2,236,413 | bf16_mfu: 46.95 | epoch: 1 pq: 34 rg: 16 | total time: 12.03m | eta: 6.3m
step 03082/04692 (65.69%) | loss: 2.753932 | lrm: 0.69 | dt: 232.51ms | tok/sec: 2,254,883 | bf16_mfu: 47.34 | epoch: 1 pq: 34 rg: 16 | total time: 12.03m | eta: 6.3m
step 03083/04692 (65.71%) | loss: 2.754634 | lrm: 0.69 | dt: 234.17ms | tok/sec: 2,238,888 | bf16_mfu: 47.00 | epoch: 1 pq: 34 rg: 16 | total time: 12.04m | eta: 6.3m
step 03084/04692 (65.73%) | loss: 2.757188 | lrm: 0.69 | dt: 234.22ms | tok/sec: 2,238,417 | bf16_mfu: 46.99 | epoch: 1 pq: 34 rg: 16 | total time: 12.04m | eta: 6.3m
step 03085/04692 (65.75%) | loss: 2.752803 | lrm: 0.68 | dt: 238.42ms | tok/sec: 2,199,034 | bf16_mfu: 46.16 | epoch: 1 pq: 34 rg: 16 | total time: 12.04m | eta: 6.3m
step 03086/04692 (65.77%) | loss: 2.759975 | lrm: 0.68 | dt: 231.54ms | tok/sec: 2,264,380 | bf16_mfu: 47.54 | epoch: 1 pq: 34 rg: 16 | total time: 12.05m | eta: 6.3m
step 03087/04692 (65.79%) | loss: 2.758048 | lrm: 0.68 | dt: 234.85ms | tok/sec: 2,232,424 | bf16_mfu: 46.87 | epoch: 1 pq: 34 rg: 16 | total time: 12.05m | eta: 6.3m
step 03088/04692 (65.81%) | loss: 2.743355 | lrm: 0.68 | dt: 235.50ms | tok/sec: 2,226,281 | bf16_mfu: 46.74 | epoch: 1 pq: 34 rg: 24 | total time: 12.06m | eta: 6.3m
step 03089/04692 (65.84%) | loss: 2.737132 | lrm: 0.68 | dt: 234.47ms | tok/sec: 2,236,090 | bf16_mfu: 46.94 | epoch: 1 pq: 34 rg: 24 | total time: 12.06m | eta: 6.3m
step 03090/04692 (65.86%) | loss: 2.725081 | lrm: 0.68 | dt: 232.35ms | tok/sec: 2,256,461 | bf16_mfu: 47.37 | epoch: 1 pq: 34 rg: 24 | total time: 12.06m | eta: 6.3m
step 03091/04692 (65.88%) | loss: 2.722580 | lrm: 0.68 | dt: 233.36ms | tok/sec: 2,246,702 | bf16_mfu: 47.16 | epoch: 1 pq: 34 rg: 24 | total time: 12.07m | eta: 6.3m
step 03092/04692 (65.90%) | loss: 2.719854 | lrm: 0.68 | dt: 235.38ms | tok/sec: 2,227,454 | bf16_mfu: 46.76 | epoch: 1 pq: 34 rg: 24 | total time: 12.07m | eta: 6.3m
step 03093/04692 (65.92%) | loss: 2.729904 | lrm: 0.68 | dt: 235.97ms | tok/sec: 2,221,864 | bf16_mfu: 46.64 | epoch: 1 pq: 34 rg: 24 | total time: 12.08m | eta: 6.3m
step 03094/04692 (65.94%) | loss: 2.732353 | lrm: 0.68 | dt: 234.66ms | tok/sec: 2,234,237 | bf16_mfu: 46.90 | epoch: 1 pq: 34 rg: 24 | total time: 12.08m | eta: 6.3m
step 03095/04692 (65.96%) | loss: 2.738225 | lrm: 0.68 | dt: 232.23ms | tok/sec: 2,257,645 | bf16_mfu: 47.39 | epoch: 1 pq: 34 rg: 24 | total time: 12.08m | eta: 6.3m
step 03096/04692 (65.98%) | loss: 2.742988 | lrm: 0.68 | dt: 235.92ms | tok/sec: 2,222,319 | bf16_mfu: 46.65 | epoch: 1 pq: 34 rg: 32 | total time: 12.09m | eta: 6.3m
step 03097/04692 (66.01%) | loss: 2.748988 | lrm: 0.68 | dt: 235.79ms | tok/sec: 2,223,492 | bf16_mfu: 46.68 | epoch: 1 pq: 34 rg: 32 | total time: 12.09m | eta: 6.2m
step 03098/04692 (66.03%) | loss: 2.733524 | lrm: 0.68 | dt: 235.18ms | tok/sec: 2,229,267 | bf16_mfu: 46.80 | epoch: 1 pq: 34 rg: 32 | total time: 12.09m | eta: 6.2m
step 03099/04692 (66.05%) | loss: 2.732168 | lrm: 0.68 | dt: 233.18ms | tok/sec: 2,248,462 | bf16_mfu: 47.20 | epoch: 1 pq: 34 rg: 32 | total time: 12.10m | eta: 6.2m
step 03100/04692 (66.07%) | loss: 2.741314 | lrm: 0.68 | dt: 232.73ms | tok/sec: 2,252,809 | bf16_mfu: 47.29 | epoch: 1 pq: 34 rg: 32 | total time: 12.10m | eta: 6.2m
step 03101/04692 (66.09%) | loss: 2.737238 | lrm: 0.68 | dt: 235.52ms | tok/sec: 2,226,099 | bf16_mfu: 46.73 | epoch: 1 pq: 34 rg: 32 | total time: 12.11m | eta: 6.2m
step 03102/04692 (66.11%) | loss: 2.737105 | lrm: 0.68 | dt: 232.98ms | tok/sec: 2,250,372 | bf16_mfu: 47.24 | epoch: 1 pq: 34 rg: 32 | total time: 12.11m | eta: 6.2m
step 03103/04692 (66.13%) | loss: 2.750231 | lrm: 0.68 | dt: 232.85ms | tok/sec: 2,251,621 | bf16_mfu: 47.27 | epoch: 1 pq: 34 rg: 32 | total time: 12.11m | eta: 6.2m
step 03104/04692 (66.16%) | loss: 2.757269 | lrm: 0.68 | dt: 324.07ms | tok/sec: 1,617,813 | bf16_mfu: 33.96 | epoch: 1 pq: 34 rg: 40 | total time: 12.12m | eta: 6.2m
step 03105/04692 (66.18%) | loss: 2.775875 | lrm: 0.68 | dt: 227.33ms | tok/sec: 2,306,298 | bf16_mfu: 48.42 | epoch: 1 pq: 34 rg: 40 | total time: 12.12m | eta: 6.2m
step 03106/04692 (66.20%) | loss: 2.769601 | lrm: 0.68 | dt: 229.40ms | tok/sec: 2,285,471 | bf16_mfu: 47.98 | epoch: 1 pq: 34 rg: 40 | total time: 12.13m | eta: 6.2m
step 03107/04692 (66.22%) | loss: 2.775209 | lrm: 0.68 | dt: 228.86ms | tok/sec: 2,290,842 | bf16_mfu: 48.09 | epoch: 1 pq: 34 rg: 40 | total time: 12.13m | eta: 6.2m
step 03108/04692 (66.24%) | loss: 2.778116 | lrm: 0.68 | dt: 242.24ms | tok/sec: 2,164,339 | bf16_mfu: 45.44 | epoch: 1 pq: 34 rg: 40 | total time: 12.14m | eta: 6.2m
step 03109/04692 (66.26%) | loss: 2.778046 | lrm: 0.67 | dt: 238.42ms | tok/sec: 2,199,025 | bf16_mfu: 46.16 | epoch: 1 pq: 34 rg: 40 | total time: 12.14m | eta: 6.2m
step 03110/04692 (66.28%) | loss: 2.770766 | lrm: 0.67 | dt: 232.07ms | tok/sec: 2,259,224 | bf16_mfu: 47.43 | epoch: 1 pq: 34 rg: 40 | total time: 12.14m | eta: 6.2m
step 03111/04692 (66.30%) | loss: 2.772208 | lrm: 0.67 | dt: 228.51ms | tok/sec: 2,294,356 | bf16_mfu: 48.17 | epoch: 1 pq: 34 rg: 40 | total time: 12.15m | eta: 6.2m
step 03112/04692 (66.33%) | loss: 2.772852 | lrm: 0.67 | dt: 234.19ms | tok/sec: 2,238,774 | bf16_mfu: 47.00 | epoch: 1 pq: 34 rg: 48 | total time: 12.15m | eta: 6.2m
step 03113/04692 (66.35%) | loss: 2.777465 | lrm: 0.67 | dt: 241.46ms | tok/sec: 2,171,282 | bf16_mfu: 45.58 | epoch: 1 pq: 34 rg: 48 | total time: 12.15m | eta: 6.2m
step 03114/04692 (66.37%) | loss: 2.776438 | lrm: 0.67 | dt: 233.78ms | tok/sec: 2,242,665 | bf16_mfu: 47.08 | epoch: 1 pq: 34 rg: 48 | total time: 12.16m | eta: 6.2m
step 03115/04692 (66.39%) | loss: 2.770384 | lrm: 0.67 | dt: 230.16ms | tok/sec: 2,277,942 | bf16_mfu: 47.82 | epoch: 1 pq: 34 rg: 48 | total time: 12.16m | eta: 6.2m
step 03116/04692 (66.41%) | loss: 2.756554 | lrm: 0.67 | dt: 230.67ms | tok/sec: 2,272,922 | bf16_mfu: 47.72 | epoch: 1 pq: 34 rg: 48 | total time: 12.17m | eta: 6.2m
step 03117/04692 (66.43%) | loss: 2.751673 | lrm: 0.67 | dt: 237.64ms | tok/sec: 2,206,248 | bf16_mfu: 46.32 | epoch: 1 pq: 34 rg: 48 | total time: 12.17m | eta: 6.2m
step 03118/04692 (66.45%) | loss: 2.749088 | lrm: 0.67 | dt: 235.22ms | tok/sec: 2,228,962 | bf16_mfu: 46.79 | epoch: 1 pq: 34 rg: 48 | total time: 12.17m | eta: 6.2m
step 03119/04692 (66.47%) | loss: 2.737781 | lrm: 0.67 | dt: 230.99ms | tok/sec: 2,269,711 | bf16_mfu: 47.65 | epoch: 1 pq: 34 rg: 48 | total time: 12.18m | eta: 6.2m
step 03120/04692 (66.50%) | loss: 2.737323 | lrm: 0.67 | dt: 232.62ms | tok/sec: 2,253,845 | bf16_mfu: 47.31 | epoch: 1 pq: 34 rg: 48 | total time: 12.18m | eta: 6.2m
step 03121/04692 (66.52%) | loss: 2.748201 | lrm: 0.67 | dt: 237.03ms | tok/sec: 2,211,932 | bf16_mfu: 46.43 | epoch: 1 pq: 34 rg: 56 | total time: 12.19m | eta: 6.2m
step 03122/04692 (66.54%) | loss: 2.741257 | lrm: 0.67 | dt: 234.83ms | tok/sec: 2,232,610 | bf16_mfu: 46.87 | epoch: 1 pq: 34 rg: 56 | total time: 12.19m | eta: 6.1m
step 03123/04692 (66.56%) | loss: 2.740360 | lrm: 0.67 | dt: 230.71ms | tok/sec: 2,272,511 | bf16_mfu: 47.71 | epoch: 1 pq: 34 rg: 56 | total time: 12.19m | eta: 6.1m
step 03124/04692 (66.58%) | loss: 2.752261 | lrm: 0.67 | dt: 232.02ms | tok/sec: 2,259,645 | bf16_mfu: 47.44 | epoch: 1 pq: 34 rg: 56 | total time: 12.20m | eta: 6.1m
step 03125/04692 (66.60%) | loss: 2.746428 | lrm: 0.67 | dt: 235.00ms | tok/sec: 2,231,038 | bf16_mfu: 46.84 | epoch: 1 pq: 34 rg: 56 | total time: 12.20m | eta: 6.1m
step 03126/04692 (66.62%) | loss: 2.751653 | lrm: 0.67 | dt: 234.15ms | tok/sec: 2,239,096 | bf16_mfu: 47.01 | epoch: 1 pq: 34 rg: 56 | total time: 12.21m | eta: 6.1m
step 03127/04692 (66.65%) | loss: 2.745464 | lrm: 0.67 | dt: 234.20ms | tok/sec: 2,238,665 | bf16_mfu: 47.00 | epoch: 1 pq: 34 rg: 56 | total time: 12.21m | eta: 6.1m
step 03128/04692 (66.67%) | loss: 2.736761 | lrm: 0.67 | dt: 232.88ms | tok/sec: 2,251,339 | bf16_mfu: 47.26 | epoch: 1 pq: 34 rg: 56 | total time: 12.21m | eta: 6.1m
step 03129/04692 (66.69%) | loss: 2.734672 | lrm: 0.67 | dt: 233.05ms | tok/sec: 2,249,713 | bf16_mfu: 47.23 | epoch: 1 pq: 34 rg: 64 | total time: 12.22m | eta: 6.1m
step 03130/04692 (66.71%) | loss: 2.736330 | lrm: 0.67 | dt: 235.29ms | tok/sec: 2,228,248 | bf16_mfu: 46.78 | epoch: 1 pq: 34 rg: 64 | total time: 12.22m | eta: 6.1m
step 03131/04692 (66.73%) | loss: 2.747673 | lrm: 0.67 | dt: 232.93ms | tok/sec: 2,250,835 | bf16_mfu: 47.25 | epoch: 1 pq: 34 rg: 64 | total time: 12.22m | eta: 6.1m
step 03132/04692 (66.75%) | loss: 2.750994 | lrm: 0.66 | dt: 233.40ms | tok/sec: 2,246,280 | bf16_mfu: 47.16 | epoch: 1 pq: 34 rg: 64 | total time: 12.23m | eta: 6.1m
step 03133/04692 (66.77%) | loss: 2.760264 | lrm: 0.66 | dt: 233.18ms | tok/sec: 2,248,379 | bf16_mfu: 47.20 | epoch: 1 pq: 34 rg: 64 | total time: 12.23m | eta: 6.1m
step 03134/04692 (66.79%) | loss: 2.772870 | lrm: 0.66 | dt: 232.53ms | tok/sec: 2,254,726 | bf16_mfu: 47.33 | epoch: 1 pq: 34 rg: 64 | total time: 12.24m | eta: 6.1m
step 03135/04692 (66.82%) | loss: 2.763658 | lrm: 0.66 | dt: 236.42ms | tok/sec: 2,217,656 | bf16_mfu: 46.55 | epoch: 1 pq: 34 rg: 64 | total time: 12.24m | eta: 6.1m
step 03136/04692 (66.84%) | loss: 2.765013 | lrm: 0.66 | dt: 234.31ms | tok/sec: 2,237,629 | bf16_mfu: 46.97 | epoch: 1 pq: 34 rg: 64 | total time: 12.24m | eta: 6.1m
step 03137/04692 (66.86%) | loss: 2.774595 | lrm: 0.66 | dt: 231.21ms | tok/sec: 2,267,614 | bf16_mfu: 47.60 | epoch: 1 pq: 34 rg: 72 | total time: 12.25m | eta: 6.1m
step 03138/04692 (66.88%) | loss: 2.762253 | lrm: 0.66 | dt: 232.51ms | tok/sec: 2,254,874 | bf16_mfu: 47.34 | epoch: 1 pq: 34 rg: 72 | total time: 12.25m | eta: 6.1m
step 03139/04692 (66.90%) | loss: 2.753142 | lrm: 0.66 | dt: 234.60ms | tok/sec: 2,234,793 | bf16_mfu: 46.91 | epoch: 1 pq: 34 rg: 72 | total time: 12.26m | eta: 6.1m
step 03140/04692 (66.92%) | loss: 2.760828 | lrm: 0.66 | dt: 237.34ms | tok/sec: 2,208,992 | bf16_mfu: 46.37 | epoch: 1 pq: 34 rg: 72 | total time: 12.26m | eta: 6.1m
step 03141/04692 (66.94%) | loss: 2.762475 | lrm: 0.66 | dt: 233.99ms | tok/sec: 2,240,688 | bf16_mfu: 47.04 | epoch: 1 pq: 34 rg: 72 | total time: 12.26m | eta: 6.1m
step 03142/04692 (66.97%) | loss: 2.752821 | lrm: 0.66 | dt: 232.57ms | tok/sec: 2,254,358 | bf16_mfu: 47.33 | epoch: 1 pq: 34 rg: 72 | total time: 12.27m | eta: 6.1m
step 03143/04692 (66.99%) | loss: 2.741950 | lrm: 0.66 | dt: 233.79ms | tok/sec: 2,242,555 | bf16_mfu: 47.08 | epoch: 1 pq: 34 rg: 72 | total time: 12.27m | eta: 6.1m
step 03144/04692 (67.01%) | loss: 2.733096 | lrm: 0.66 | dt: 237.25ms | tok/sec: 2,209,860 | bf16_mfu: 46.39 | epoch: 1 pq: 34 rg: 72 | total time: 12.28m | eta: 6.1m
step 03145/04692 (67.03%) | loss: 2.731894 | lrm: 0.66 | dt: 235.00ms | tok/sec: 2,231,049 | bf16_mfu: 46.84 | epoch: 1 pq: 34 rg: 80 | total time: 12.28m | eta: 6.1m
step 03146/04692 (67.05%) | loss: 2.729746 | lrm: 0.66 | dt: 233.18ms | tok/sec: 2,248,450 | bf16_mfu: 47.20 | epoch: 1 pq: 34 rg: 80 | total time: 12.28m | eta: 6.1m
step 03147/04692 (67.07%) | loss: 2.735443 | lrm: 0.66 | dt: 232.61ms | tok/sec: 2,253,938 | bf16_mfu: 47.32 | epoch: 1 pq: 34 rg: 80 | total time: 12.29m | eta: 6.1m
step 03148/04692 (67.09%) | loss: 2.741667 | lrm: 0.66 | dt: 236.04ms | tok/sec: 2,221,192 | bf16_mfu: 46.63 | epoch: 1 pq: 34 rg: 80 | total time: 12.29m | eta: 6.0m
step 03149/04692 (67.11%) | loss: 2.739027 | lrm: 0.66 | dt: 235.75ms | tok/sec: 2,223,931 | bf16_mfu: 46.69 | epoch: 1 pq: 34 rg: 80 | total time: 12.30m | eta: 6.0m
step 03150/04692 (67.14%) | loss: 2.734487 | lrm: 0.66 | dt: 233.48ms | tok/sec: 2,245,541 | bf16_mfu: 47.14 | epoch: 1 pq: 34 rg: 80 | total time: 12.30m | eta: 6.0m
step 03151/04692 (67.16%) | loss: 2.728886 | lrm: 0.66 | dt: 232.81ms | tok/sec: 2,252,022 | bf16_mfu: 47.28 | epoch: 1 pq: 34 rg: 80 | total time: 12.30m | eta: 6.0m
step 03152/04692 (67.18%) | loss: 2.728697 | lrm: 0.66 | dt: 232.94ms | tok/sec: 2,250,726 | bf16_mfu: 47.25 | epoch: 1 pq: 34 rg: 80 | total time: 12.31m | eta: 6.0m
step 03153/04692 (67.20%) | loss: 2.730846 | lrm: 0.66 | dt: 237.24ms | tok/sec: 2,209,989 | bf16_mfu: 46.39 | epoch: 1 pq: 35 rg: 0 | total time: 12.31m | eta: 6.0m
step 03154/04692 (67.22%) | loss: 2.729625 | lrm: 0.66 | dt: 233.28ms | tok/sec: 2,247,437 | bf16_mfu: 47.18 | epoch: 1 pq: 35 rg: 0 | total time: 12.31m | eta: 6.0m
step 03155/04692 (67.24%) | loss: 2.736843 | lrm: 0.66 | dt: 232.21ms | tok/sec: 2,257,858 | bf16_mfu: 47.40 | epoch: 1 pq: 35 rg: 0 | total time: 12.32m | eta: 6.0m
step 03156/04692 (67.26%) | loss: 2.733113 | lrm: 0.65 | dt: 233.37ms | tok/sec: 2,246,548 | bf16_mfu: 47.16 | epoch: 1 pq: 35 rg: 0 | total time: 12.32m | eta: 6.0m
step 03157/04692 (67.28%) | loss: 2.726032 | lrm: 0.65 | dt: 235.16ms | tok/sec: 2,229,518 | bf16_mfu: 46.80 | epoch: 1 pq: 35 rg: 0 | total time: 12.33m | eta: 6.0m
step 03158/04692 (67.31%) | loss: 2.733475 | lrm: 0.65 | dt: 233.74ms | tok/sec: 2,243,033 | bf16_mfu: 47.09 | epoch: 1 pq: 35 rg: 0 | total time: 12.33m | eta: 6.0m
step 03159/04692 (67.33%) | loss: 2.743377 | lrm: 0.65 | dt: 232.04ms | tok/sec: 2,259,519 | bf16_mfu: 47.43 | epoch: 1 pq: 35 rg: 0 | total time: 12.33m | eta: 6.0m
step 03160/04692 (67.35%) | loss: 2.739871 | lrm: 0.65 | dt: 235.42ms | tok/sec: 2,226,987 | bf16_mfu: 46.75 | epoch: 1 pq: 35 rg: 0 | total time: 12.34m | eta: 6.0m
step 03161/04692 (67.37%) | loss: 2.740509 | lrm: 0.65 | dt: 233.42ms | tok/sec: 2,246,094 | bf16_mfu: 47.15 | epoch: 1 pq: 35 rg: 8 | total time: 12.34m | eta: 6.0m
step 03162/04692 (67.39%) | loss: 2.730820 | lrm: 0.65 | dt: 233.58ms | tok/sec: 2,244,547 | bf16_mfu: 47.12 | epoch: 1 pq: 35 rg: 8 | total time: 12.35m | eta: 6.0m
step 03163/04692 (67.41%) | loss: 2.731723 | lrm: 0.65 | dt: 232.74ms | tok/sec: 2,252,629 | bf16_mfu: 47.29 | epoch: 1 pq: 35 rg: 8 | total time: 12.35m | eta: 6.0m
step 03164/04692 (67.43%) | loss: 2.747216 | lrm: 0.65 | dt: 235.69ms | tok/sec: 2,224,493 | bf16_mfu: 46.70 | epoch: 1 pq: 35 rg: 8 | total time: 12.35m | eta: 6.0m
step 03165/04692 (67.46%) | loss: 2.724674 | lrm: 0.65 | dt: 234.29ms | tok/sec: 2,237,811 | bf16_mfu: 46.98 | epoch: 1 pq: 35 rg: 8 | total time: 12.36m | eta: 6.0m
step 03166/04692 (67.48%) | loss: 2.725472 | lrm: 0.65 | dt: 233.70ms | tok/sec: 2,243,399 | bf16_mfu: 47.10 | epoch: 1 pq: 35 rg: 8 | total time: 12.36m | eta: 6.0m
step 03167/04692 (67.50%) | loss: 2.730215 | lrm: 0.65 | dt: 233.18ms | tok/sec: 2,248,391 | bf16_mfu: 47.20 | epoch: 1 pq: 35 rg: 8 | total time: 12.37m | eta: 6.0m
step 03168/04692 (67.52%) | loss: 2.730607 | lrm: 0.65 | dt: 234.60ms | tok/sec: 2,234,852 | bf16_mfu: 46.92 | epoch: 1 pq: 35 rg: 8 | total time: 12.37m | eta: 6.0m
step 03169/04692 (67.54%) | loss: 2.736816 | lrm: 0.65 | dt: 232.76ms | tok/sec: 2,252,442 | bf16_mfu: 47.29 | epoch: 1 pq: 35 rg: 8 | total time: 12.37m | eta: 6.0m
step 03170/04692 (67.56%) | loss: 2.733067 | lrm: 0.65 | dt: 232.75ms | tok/sec: 2,252,605 | bf16_mfu: 47.29 | epoch: 1 pq: 35 rg: 16 | total time: 12.38m | eta: 6.0m
step 03171/04692 (67.58%) | loss: 2.752489 | lrm: 0.65 | dt: 233.34ms | tok/sec: 2,246,884 | bf16_mfu: 47.17 | epoch: 1 pq: 35 rg: 16 | total time: 12.38m | eta: 6.0m
step 03172/04692 (67.60%) | loss: 2.749689 | lrm: 0.65 | dt: 236.44ms | tok/sec: 2,217,468 | bf16_mfu: 46.55 | epoch: 1 pq: 35 rg: 16 | total time: 12.38m | eta: 6.0m
step 03173/04692 (67.63%) | loss: 2.758466 | lrm: 0.65 | dt: 236.41ms | tok/sec: 2,217,689 | bf16_mfu: 46.56 | epoch: 1 pq: 35 rg: 16 | total time: 12.39m | eta: 5.9m
step 03174/04692 (67.65%) | loss: 2.775413 | lrm: 0.65 | dt: 233.00ms | tok/sec: 2,250,153 | bf16_mfu: 47.24 | epoch: 1 pq: 35 rg: 16 | total time: 12.39m | eta: 5.9m
step 03175/04692 (67.67%) | loss: 2.774827 | lrm: 0.65 | dt: 232.52ms | tok/sec: 2,254,814 | bf16_mfu: 47.34 | epoch: 1 pq: 35 rg: 16 | total time: 12.40m | eta: 5.9m
step 03176/04692 (67.69%) | loss: 2.761894 | lrm: 0.65 | dt: 236.29ms | tok/sec: 2,218,788 | bf16_mfu: 46.58 | epoch: 1 pq: 35 rg: 16 | total time: 12.40m | eta: 5.9m
step 03177/04692 (67.71%) | loss: 2.767636 | lrm: 0.65 | dt: 234.55ms | tok/sec: 2,235,327 | bf16_mfu: 46.93 | epoch: 1 pq: 35 rg: 16 | total time: 12.40m | eta: 5.9m
step 03178/04692 (67.73%) | loss: 2.756916 | lrm: 0.65 | dt: 233.92ms | tok/sec: 2,241,337 | bf16_mfu: 47.05 | epoch: 1 pq: 35 rg: 24 | total time: 12.41m | eta: 5.9m
step 03179/04692 (67.75%) | loss: 2.755023 | lrm: 0.64 | dt: 231.55ms | tok/sec: 2,264,240 | bf16_mfu: 47.53 | epoch: 1 pq: 35 rg: 24 | total time: 12.41m | eta: 5.9m
step 03180/04692 (67.77%) | loss: 2.761581 | lrm: 0.64 | dt: 234.67ms | tok/sec: 2,234,155 | bf16_mfu: 46.90 | epoch: 1 pq: 35 rg: 24 | total time: 12.42m | eta: 5.9m
step 03181/04692 (67.80%) | loss: 2.757910 | lrm: 0.64 | dt: 234.94ms | tok/sec: 2,231,591 | bf16_mfu: 46.85 | epoch: 1 pq: 35 rg: 24 | total time: 12.42m | eta: 5.9m
step 03182/04692 (67.82%) | loss: 2.758282 | lrm: 0.64 | dt: 233.96ms | tok/sec: 2,240,942 | bf16_mfu: 47.04 | epoch: 1 pq: 35 rg: 24 | total time: 12.42m | eta: 5.9m
step 03183/04692 (67.84%) | loss: 2.763673 | lrm: 0.64 | dt: 232.52ms | tok/sec: 2,254,851 | bf16_mfu: 47.34 | epoch: 1 pq: 35 rg: 24 | total time: 12.43m | eta: 5.9m
step 03184/04692 (67.86%) | loss: 2.771016 | lrm: 0.64 | dt: 235.86ms | tok/sec: 2,222,883 | bf16_mfu: 46.66 | epoch: 1 pq: 35 rg: 24 | total time: 12.43m | eta: 5.9m
step 03185/04692 (67.88%) | loss: 2.759048 | lrm: 0.64 | dt: 236.12ms | tok/sec: 2,220,430 | bf16_mfu: 46.61 | epoch: 1 pq: 35 rg: 24 | total time: 12.44m | eta: 5.9m
step 03186/04692 (67.90%) | loss: 2.763693 | lrm: 0.64 | dt: 233.36ms | tok/sec: 2,246,730 | bf16_mfu: 47.17 | epoch: 1 pq: 35 rg: 24 | total time: 12.44m | eta: 5.9m
step 03187/04692 (67.92%) | loss: 2.744768 | lrm: 0.64 | dt: 232.25ms | tok/sec: 2,257,427 | bf16_mfu: 47.39 | epoch: 1 pq: 35 rg: 32 | total time: 12.44m | eta: 5.9m
step 03188/04692 (67.95%) | loss: 2.739871 | lrm: 0.64 | dt: 233.81ms | tok/sec: 2,242,402 | bf16_mfu: 47.07 | epoch: 1 pq: 35 rg: 32 | total time: 12.45m | eta: 5.9m
step 03189/04692 (67.97%) | loss: 2.746265 | lrm: 0.64 | dt: 234.15ms | tok/sec: 2,239,075 | bf16_mfu: 47.00 | epoch: 1 pq: 35 rg: 32 | total time: 12.45m | eta: 5.9m
step 03190/04692 (67.99%) | loss: 2.737932 | lrm: 0.64 | dt: 235.15ms | tok/sec: 2,229,599 | bf16_mfu: 46.81 | epoch: 1 pq: 35 rg: 32 | total time: 12.46m | eta: 5.9m
step 03191/04692 (68.01%) | loss: 2.750927 | lrm: 0.64 | dt: 232.43ms | tok/sec: 2,255,709 | bf16_mfu: 47.35 | epoch: 1 pq: 35 rg: 32 | total time: 12.46m | eta: 5.9m
step 03192/04692 (68.03%) | loss: 2.745094 | lrm: 0.64 | dt: 232.90ms | tok/sec: 2,251,097 | bf16_mfu: 47.26 | epoch: 1 pq: 35 rg: 32 | total time: 12.46m | eta: 5.9m
step 03193/04692 (68.05%) | loss: 2.733441 | lrm: 0.64 | dt: 234.22ms | tok/sec: 2,238,487 | bf16_mfu: 46.99 | epoch: 1 pq: 35 rg: 32 | total time: 12.47m | eta: 5.9m
step 03194/04692 (68.07%) | loss: 2.734726 | lrm: 0.64 | dt: 234.78ms | tok/sec: 2,233,100 | bf16_mfu: 46.88 | epoch: 1 pq: 35 rg: 32 | total time: 12.47m | eta: 5.9m
step 03195/04692 (68.09%) | loss: 2.737033 | lrm: 0.64 | dt: 232.89ms | tok/sec: 2,251,229 | bf16_mfu: 47.26 | epoch: 1 pq: 35 rg: 40 | total time: 12.47m | eta: 5.9m
step 03196/04692 (68.12%) | loss: 2.739975 | lrm: 0.64 | dt: 234.47ms | tok/sec: 2,236,015 | bf16_mfu: 46.94 | epoch: 1 pq: 35 rg: 40 | total time: 12.48m | eta: 5.9m
step 03197/04692 (68.14%) | loss: 2.746194 | lrm: 0.64 | dt: 232.83ms | tok/sec: 2,251,770 | bf16_mfu: 47.27 | epoch: 1 pq: 35 rg: 40 | total time: 12.48m | eta: 5.9m
step 03198/04692 (68.16%) | loss: 2.742802 | lrm: 0.64 | dt: 234.39ms | tok/sec: 2,236,796 | bf16_mfu: 46.96 | epoch: 1 pq: 35 rg: 40 | total time: 12.49m | eta: 5.9m
step 03199/04692 (68.18%) | loss: 2.755620 | lrm: 0.64 | dt: 234.36ms | tok/sec: 2,237,125 | bf16_mfu: 46.96 | epoch: 1 pq: 35 rg: 40 | total time: 12.49m | eta: 5.8m
step 03200/04692 (68.20%) | loss: 2.757089 | lrm: 0.64 | dt: 235.03ms | tok/sec: 2,230,687 | bf16_mfu: 46.83 | epoch: 1 pq: 35 rg: 40 | total time: 12.49m | eta: 5.8m
step 03201/04692 (68.22%) | loss: 2.751011 | lrm: 0.64 | dt: 234.37ms | tok/sec: 2,237,053 | bf16_mfu: 46.96 | epoch: 1 pq: 35 rg: 40 | total time: 12.50m | eta: 5.8m
step 03202/04692 (68.24%) | loss: 2.751706 | lrm: 0.64 | dt: 233.10ms | tok/sec: 2,249,156 | bf16_mfu: 47.22 | epoch: 1 pq: 35 rg: 40 | total time: 12.50m | eta: 5.8m
step 03203/04692 (68.27%) | loss: 2.750761 | lrm: 0.63 | dt: 232.47ms | tok/sec: 2,255,336 | bf16_mfu: 47.35 | epoch: 1 pq: 35 rg: 48 | total time: 12.51m | eta: 5.8m
step 03204/04692 (68.29%) | loss: 2.750915 | lrm: 0.63 | dt: 228.52ms | tok/sec: 2,294,291 | bf16_mfu: 48.16 | epoch: 1 pq: 35 rg: 48 | total time: 12.51m | eta: 5.8m
step 03205/04692 (68.31%) | loss: 2.758196 | lrm: 0.63 | dt: 230.27ms | tok/sec: 2,276,815 | bf16_mfu: 47.80 | epoch: 1 pq: 35 rg: 48 | total time: 12.51m | eta: 5.8m
step 03206/04692 (68.33%) | loss: 2.755855 | lrm: 0.63 | dt: 230.56ms | tok/sec: 2,273,956 | bf16_mfu: 47.74 | epoch: 1 pq: 35 rg: 48 | total time: 12.52m | eta: 5.8m
step 03207/04692 (68.35%) | loss: 2.752865 | lrm: 0.63 | dt: 239.28ms | tok/sec: 2,191,150 | bf16_mfu: 46.00 | epoch: 1 pq: 35 rg: 48 | total time: 12.52m | eta: 5.8m
step 03208/04692 (68.37%) | loss: 2.745544 | lrm: 0.63 | dt: 237.22ms | tok/sec: 2,210,093 | bf16_mfu: 46.40 | epoch: 1 pq: 35 rg: 48 | total time: 12.53m | eta: 5.8m
step 03209/04692 (68.39%) | loss: 2.738214 | lrm: 0.63 | dt: 235.93ms | tok/sec: 2,222,238 | bf16_mfu: 46.65 | epoch: 1 pq: 35 rg: 48 | total time: 12.53m | eta: 5.8m
step 03210/04692 (68.41%) | loss: 2.737971 | lrm: 0.63 | dt: 229.55ms | tok/sec: 2,283,956 | bf16_mfu: 47.95 | epoch: 1 pq: 35 rg: 48 | total time: 12.53m | eta: 5.8m
step 03211/04692 (68.44%) | loss: 2.735940 | lrm: 0.63 | dt: 233.24ms | tok/sec: 2,247,830 | bf16_mfu: 47.19 | epoch: 1 pq: 35 rg: 56 | total time: 12.54m | eta: 5.8m
step 03212/04692 (68.46%) | loss: 2.733071 | lrm: 0.63 | dt: 237.51ms | tok/sec: 2,207,395 | bf16_mfu: 46.34 | epoch: 1 pq: 35 rg: 56 | total time: 12.54m | eta: 5.8m
step 03213/04692 (68.48%) | loss: 2.729754 | lrm: 0.63 | dt: 237.90ms | tok/sec: 2,203,785 | bf16_mfu: 46.26 | epoch: 1 pq: 35 rg: 56 | total time: 12.54m | eta: 5.8m
step 03214/04692 (68.50%) | loss: 2.733984 | lrm: 0.63 | dt: 231.54ms | tok/sec: 2,264,398 | bf16_mfu: 47.54 | epoch: 1 pq: 35 rg: 56 | total time: 12.55m | eta: 5.8m
step 03215/04692 (68.52%) | loss: 2.745204 | lrm: 0.63 | dt: 230.91ms | tok/sec: 2,270,552 | bf16_mfu: 47.67 | epoch: 1 pq: 35 rg: 56 | total time: 12.55m | eta: 5.8m
step 03216/04692 (68.54%) | loss: 2.736360 | lrm: 0.63 | dt: 237.04ms | tok/sec: 2,211,798 | bf16_mfu: 46.43 | epoch: 1 pq: 35 rg: 56 | total time: 12.56m | eta: 5.8m
step 03217/04692 (68.56%) | loss: 2.740002 | lrm: 0.63 | dt: 234.37ms | tok/sec: 2,237,021 | bf16_mfu: 46.96 | epoch: 1 pq: 35 rg: 56 | total time: 12.56m | eta: 5.8m
step 03218/04692 (68.58%) | loss: 2.738788 | lrm: 0.63 | dt: 232.98ms | tok/sec: 2,250,399 | bf16_mfu: 47.24 | epoch: 1 pq: 35 rg: 56 | total time: 12.56m | eta: 5.8m
step 03219/04692 (68.61%) | loss: 2.732957 | lrm: 0.63 | dt: 231.69ms | tok/sec: 2,262,921 | bf16_mfu: 47.51 | epoch: 1 pq: 35 rg: 56 | total time: 12.57m | eta: 5.8m
step 03220/04692 (68.63%) | loss: 2.739230 | lrm: 0.63 | dt: 232.97ms | tok/sec: 2,250,420 | bf16_mfu: 47.24 | epoch: 1 pq: 35 rg: 64 | total time: 12.57m | eta: 5.8m
step 03221/04692 (68.65%) | loss: 2.737851 | lrm: 0.63 | dt: 234.79ms | tok/sec: 2,233,027 | bf16_mfu: 46.88 | epoch: 1 pq: 35 rg: 64 | total time: 12.58m | eta: 5.8m
step 03222/04692 (68.67%) | loss: 2.735705 | lrm: 0.63 | dt: 233.76ms | tok/sec: 2,242,809 | bf16_mfu: 47.08 | epoch: 1 pq: 35 rg: 64 | total time: 12.58m | eta: 5.8m
step 03223/04692 (68.69%) | loss: 2.739113 | lrm: 0.63 | dt: 233.24ms | tok/sec: 2,247,848 | bf16_mfu: 47.19 | epoch: 1 pq: 35 rg: 64 | total time: 12.58m | eta: 5.8m
step 03224/04692 (68.71%) | loss: 2.731520 | lrm: 0.63 | dt: 232.04ms | tok/sec: 2,259,443 | bf16_mfu: 47.43 | epoch: 1 pq: 35 rg: 64 | total time: 12.59m | eta: 5.7m
step 03225/04692 (68.73%) | loss: 2.719328 | lrm: 0.63 | dt: 234.76ms | tok/sec: 2,233,299 | bf16_mfu: 46.88 | epoch: 1 pq: 35 rg: 64 | total time: 12.59m | eta: 5.7m
step 03226/04692 (68.76%) | loss: 2.724610 | lrm: 0.62 | dt: 235.42ms | tok/sec: 2,227,043 | bf16_mfu: 46.75 | epoch: 1 pq: 35 rg: 64 | total time: 12.60m | eta: 5.7m
step 03227/04692 (68.78%) | loss: 2.737659 | lrm: 0.62 | dt: 235.00ms | tok/sec: 2,231,045 | bf16_mfu: 46.84 | epoch: 1 pq: 35 rg: 64 | total time: 12.60m | eta: 5.7m
step 03228/04692 (68.80%) | loss: 2.732045 | lrm: 0.62 | dt: 232.68ms | tok/sec: 2,253,222 | bf16_mfu: 47.30 | epoch: 1 pq: 35 rg: 72 | total time: 12.60m | eta: 5.7m
step 03229/04692 (68.82%) | loss: 2.737781 | lrm: 0.62 | dt: 233.62ms | tok/sec: 2,244,194 | bf16_mfu: 47.11 | epoch: 1 pq: 35 rg: 72 | total time: 12.61m | eta: 5.7m
step 03230/04692 (68.84%) | loss: 2.727618 | lrm: 0.62 | dt: 234.54ms | tok/sec: 2,235,434 | bf16_mfu: 46.93 | epoch: 1 pq: 35 rg: 72 | total time: 12.61m | eta: 5.7m
step 03231/04692 (68.86%) | loss: 2.727331 | lrm: 0.62 | dt: 236.84ms | tok/sec: 2,213,709 | bf16_mfu: 46.47 | epoch: 1 pq: 35 rg: 72 | total time: 12.61m | eta: 5.7m
step 03232/04692 (68.88%) | loss: 2.741203 | lrm: 0.62 | dt: 232.84ms | tok/sec: 2,251,731 | bf16_mfu: 47.27 | epoch: 1 pq: 35 rg: 72 | total time: 12.62m | eta: 5.7m
step 03233/04692 (68.90%) | loss: 2.735415 | lrm: 0.62 | dt: 233.77ms | tok/sec: 2,242,711 | bf16_mfu: 47.08 | epoch: 1 pq: 35 rg: 72 | total time: 12.62m | eta: 5.7m
step 03234/04692 (68.93%) | loss: 2.727503 | lrm: 0.62 | dt: 233.16ms | tok/sec: 2,248,632 | bf16_mfu: 47.21 | epoch: 1 pq: 35 rg: 72 | total time: 12.63m | eta: 5.7m
step 03235/04692 (68.95%) | loss: 2.734342 | lrm: 0.62 | dt: 236.39ms | tok/sec: 2,217,872 | bf16_mfu: 46.56 | epoch: 1 pq: 35 rg: 72 | total time: 12.63m | eta: 5.7m
step 03236/04692 (68.97%) | loss: 2.742663 | lrm: 0.62 | dt: 235.38ms | tok/sec: 2,227,411 | bf16_mfu: 46.76 | epoch: 1 pq: 35 rg: 80 | total time: 12.63m | eta: 5.7m
step 03237/04692 (68.99%) | loss: 2.744751 | lrm: 0.62 | dt: 234.05ms | tok/sec: 2,240,033 | bf16_mfu: 47.02 | epoch: 1 pq: 35 rg: 80 | total time: 12.64m | eta: 5.7m
step 03238/04692 (69.01%) | loss: 2.737751 | lrm: 0.62 | dt: 231.41ms | tok/sec: 2,265,586 | bf16_mfu: 47.56 | epoch: 1 pq: 35 rg: 80 | total time: 12.64m | eta: 5.7m
step 03239/04692 (69.03%) | loss: 2.728240 | lrm: 0.62 | dt: 234.81ms | tok/sec: 2,232,798 | bf16_mfu: 46.87 | epoch: 1 pq: 35 rg: 80 | total time: 12.65m | eta: 5.7m
step 03240/04692 (69.05%) | loss: 2.732692 | lrm: 0.62 | dt: 234.59ms | tok/sec: 2,234,913 | bf16_mfu: 46.92 | epoch: 1 pq: 35 rg: 80 | total time: 12.65m | eta: 5.7m
step 03241/04692 (69.08%) | loss: 2.728268 | lrm: 0.62 | dt: 232.85ms | tok/sec: 2,251,572 | bf16_mfu: 47.27 | epoch: 1 pq: 35 rg: 80 | total time: 12.65m | eta: 5.7m
step 03242/04692 (69.10%) | loss: 2.722767 | lrm: 0.62 | dt: 232.91ms | tok/sec: 2,251,005 | bf16_mfu: 47.26 | epoch: 1 pq: 35 rg: 80 | total time: 12.66m | eta: 5.7m
step 03243/04692 (69.12%) | loss: 2.720258 | lrm: 0.62 | dt: 235.72ms | tok/sec: 2,224,207 | bf16_mfu: 46.69 | epoch: 1 pq: 35 rg: 80 | total time: 12.66m | eta: 5.7m
step 03244/04692 (69.14%) | loss: 2.734231 | lrm: 0.62 | dt: 233.24ms | tok/sec: 2,247,851 | bf16_mfu: 47.19 | epoch: 1 pq: 35 rg: 80 | total time: 12.67m | eta: 5.7m
step 03245/04692 (69.16%) | loss: 2.743093 | lrm: 0.62 | dt: 232.49ms | tok/sec: 2,255,086 | bf16_mfu: 47.34 | epoch: 1 pq: 36 rg: 0 | total time: 12.67m | eta: 5.7m
step 03246/04692 (69.18%) | loss: 2.727620 | lrm: 0.62 | dt: 233.98ms | tok/sec: 2,240,711 | bf16_mfu: 47.04 | epoch: 1 pq: 36 rg: 0 | total time: 12.67m | eta: 5.7m
step 03247/04692 (69.20%) | loss: 2.735025 | lrm: 0.62 | dt: 237.31ms | tok/sec: 2,209,285 | bf16_mfu: 46.38 | epoch: 1 pq: 36 rg: 0 | total time: 12.68m | eta: 5.7m
step 03248/04692 (69.22%) | loss: 2.727128 | lrm: 0.62 | dt: 233.65ms | tok/sec: 2,243,862 | bf16_mfu: 47.11 | epoch: 1 pq: 36 rg: 0 | total time: 12.68m | eta: 5.7m
step 03249/04692 (69.25%) | loss: 2.725350 | lrm: 0.62 | dt: 233.42ms | tok/sec: 2,246,145 | bf16_mfu: 47.15 | epoch: 1 pq: 36 rg: 0 | total time: 12.68m | eta: 5.7m
Step 03250 | Validation bpb: 0.831034
step 03250/04692 (69.27%) | loss: 2.729757 | lrm: 0.61 | dt: 226.99ms | tok/sec: 2,309,747 | bf16_mfu: 48.49 | epoch: 1 pq: 36 rg: 0 | total time: 12.69m | eta: 5.6m
step 03251/04692 (69.29%) | loss: 2.734360 | lrm: 0.61 | dt: 228.75ms | tok/sec: 2,291,976 | bf16_mfu: 48.12 | epoch: 1 pq: 36 rg: 0 | total time: 12.69m | eta: 5.6m
step 03252/04692 (69.31%) | loss: 2.729244 | lrm: 0.61 | dt: 228.51ms | tok/sec: 2,294,329 | bf16_mfu: 48.16 | epoch: 1 pq: 36 rg: 0 | total time: 12.70m | eta: 5.6m
step 03253/04692 (69.33%) | loss: 2.731686 | lrm: 0.61 | dt: 245.93ms | tok/sec: 2,131,898 | bf16_mfu: 44.75 | epoch: 1 pq: 36 rg: 8 | total time: 12.70m | eta: 5.6m
step 03254/04692 (69.35%) | loss: 2.725090 | lrm: 0.61 | dt: 237.11ms | tok/sec: 2,211,115 | bf16_mfu: 46.42 | epoch: 1 pq: 36 rg: 8 | total time: 12.70m | eta: 5.6m
step 03255/04692 (69.37%) | loss: 2.721518 | lrm: 0.61 | dt: 232.54ms | tok/sec: 2,254,566 | bf16_mfu: 47.33 | epoch: 1 pq: 36 rg: 8 | total time: 12.71m | eta: 5.6m
step 03256/04692 (69.39%) | loss: 2.723193 | lrm: 0.61 | dt: 229.17ms | tok/sec: 2,287,806 | bf16_mfu: 48.03 | epoch: 1 pq: 36 rg: 8 | total time: 12.71m | eta: 5.6m
step 03257/04692 (69.42%) | loss: 2.727356 | lrm: 0.61 | dt: 238.58ms | tok/sec: 2,197,555 | bf16_mfu: 46.13 | epoch: 1 pq: 36 rg: 8 | total time: 12.72m | eta: 5.6m
step 03258/04692 (69.44%) | loss: 2.725796 | lrm: 0.61 | dt: 238.07ms | tok/sec: 2,202,227 | bf16_mfu: 46.23 | epoch: 1 pq: 36 rg: 8 | total time: 12.72m | eta: 5.6m
step 03259/04692 (69.46%) | loss: 2.730846 | lrm: 0.61 | dt: 233.79ms | tok/sec: 2,242,587 | bf16_mfu: 47.08 | epoch: 1 pq: 36 rg: 8 | total time: 12.72m | eta: 5.6m
step 03260/04692 (69.48%) | loss: 2.728577 | lrm: 0.61 | dt: 231.06ms | tok/sec: 2,269,048 | bf16_mfu: 47.63 | epoch: 1 pq: 36 rg: 8 | total time: 12.73m | eta: 5.6m
step 03261/04692 (69.50%) | loss: 2.730080 | lrm: 0.61 | dt: 233.02ms | tok/sec: 2,249,953 | bf16_mfu: 47.23 | epoch: 1 pq: 36 rg: 16 | total time: 12.73m | eta: 5.6m
step 03262/04692 (69.52%) | loss: 2.736805 | lrm: 0.61 | dt: 236.01ms | tok/sec: 2,221,451 | bf16_mfu: 46.63 | epoch: 1 pq: 36 rg: 16 | total time: 12.74m | eta: 5.6m
step 03263/04692 (69.54%) | loss: 2.733041 | lrm: 0.61 | dt: 236.31ms | tok/sec: 2,218,635 | bf16_mfu: 46.58 | epoch: 1 pq: 36 rg: 16 | total time: 12.74m | eta: 5.6m
step 03264/04692 (69.57%) | loss: 2.742785 | lrm: 0.61 | dt: 232.17ms | tok/sec: 2,258,192 | bf16_mfu: 47.41 | epoch: 1 pq: 36 rg: 16 | total time: 12.74m | eta: 5.6m
step 03265/04692 (69.59%) | loss: 2.733797 | lrm: 0.61 | dt: 230.64ms | tok/sec: 2,273,143 | bf16_mfu: 47.72 | epoch: 1 pq: 36 rg: 16 | total time: 12.75m | eta: 5.6m
step 03266/04692 (69.61%) | loss: 2.732380 | lrm: 0.61 | dt: 234.26ms | tok/sec: 2,238,089 | bf16_mfu: 46.98 | epoch: 1 pq: 36 rg: 16 | total time: 12.75m | eta: 5.6m
step 03267/04692 (69.63%) | loss: 2.741442 | lrm: 0.61 | dt: 237.41ms | tok/sec: 2,208,360 | bf16_mfu: 46.36 | epoch: 1 pq: 36 rg: 16 | total time: 12.76m | eta: 5.6m
step 03268/04692 (69.65%) | loss: 2.758179 | lrm: 0.61 | dt: 232.29ms | tok/sec: 2,257,079 | bf16_mfu: 47.38 | epoch: 1 pq: 36 rg: 16 | total time: 12.76m | eta: 5.6m
step 03269/04692 (69.67%) | loss: 2.743310 | lrm: 0.61 | dt: 231.12ms | tok/sec: 2,268,502 | bf16_mfu: 47.62 | epoch: 1 pq: 36 rg: 24 | total time: 12.76m | eta: 5.6m
step 03270/04692 (69.69%) | loss: 2.738695 | lrm: 0.61 | dt: 235.14ms | tok/sec: 2,229,701 | bf16_mfu: 46.81 | epoch: 1 pq: 36 rg: 24 | total time: 12.77m | eta: 5.6m
step 03271/04692 (69.71%) | loss: 2.744748 | lrm: 0.61 | dt: 237.03ms | tok/sec: 2,211,900 | bf16_mfu: 46.43 | epoch: 1 pq: 36 rg: 24 | total time: 12.77m | eta: 5.6m
step 03272/04692 (69.74%) | loss: 2.738227 | lrm: 0.61 | dt: 232.65ms | tok/sec: 2,253,524 | bf16_mfu: 47.31 | epoch: 1 pq: 36 rg: 24 | total time: 12.77m | eta: 5.6m
step 03273/04692 (69.76%) | loss: 2.740999 | lrm: 0.60 | dt: 232.88ms | tok/sec: 2,251,321 | bf16_mfu: 47.26 | epoch: 1 pq: 36 rg: 24 | total time: 12.78m | eta: 5.6m
step 03274/04692 (69.78%) | loss: 2.743412 | lrm: 0.60 | dt: 233.90ms | tok/sec: 2,241,547 | bf16_mfu: 47.06 | epoch: 1 pq: 36 rg: 24 | total time: 12.78m | eta: 5.6m
step 03275/04692 (69.80%) | loss: 2.746603 | lrm: 0.60 | dt: 236.01ms | tok/sec: 2,221,468 | bf16_mfu: 46.64 | epoch: 1 pq: 36 rg: 24 | total time: 12.79m | eta: 5.5m
step 03276/04692 (69.82%) | loss: 2.742683 | lrm: 0.60 | dt: 233.96ms | tok/sec: 2,240,903 | bf16_mfu: 47.04 | epoch: 1 pq: 36 rg: 24 | total time: 12.79m | eta: 5.5m
step 03277/04692 (69.84%) | loss: 2.728910 | lrm: 0.60 | dt: 231.99ms | tok/sec: 2,259,923 | bf16_mfu: 47.44 | epoch: 1 pq: 36 rg: 24 | total time: 12.79m | eta: 5.5m
step 03278/04692 (69.86%) | loss: 2.714088 | lrm: 0.60 | dt: 233.32ms | tok/sec: 2,247,051 | bf16_mfu: 47.17 | epoch: 1 pq: 36 rg: 32 | total time: 12.80m | eta: 5.5m
step 03279/04692 (69.88%) | loss: 2.724537 | lrm: 0.60 | dt: 236.00ms | tok/sec: 2,221,549 | bf16_mfu: 46.64 | epoch: 1 pq: 36 rg: 32 | total time: 12.80m | eta: 5.5m
step 03280/04692 (69.91%) | loss: 2.712374 | lrm: 0.60 | dt: 234.64ms | tok/sec: 2,234,423 | bf16_mfu: 46.91 | epoch: 1 pq: 36 rg: 32 | total time: 12.81m | eta: 5.5m
step 03281/04692 (69.93%) | loss: 2.704162 | lrm: 0.60 | dt: 232.33ms | tok/sec: 2,256,618 | bf16_mfu: 47.37 | epoch: 1 pq: 36 rg: 32 | total time: 12.81m | eta: 5.5m
step 03282/04692 (69.95%) | loss: 2.704215 | lrm: 0.60 | dt: 232.17ms | tok/sec: 2,258,224 | bf16_mfu: 47.41 | epoch: 1 pq: 36 rg: 32 | total time: 12.81m | eta: 5.5m
step 03283/04692 (69.97%) | loss: 2.696179 | lrm: 0.60 | dt: 235.48ms | tok/sec: 2,226,437 | bf16_mfu: 46.74 | epoch: 1 pq: 36 rg: 32 | total time: 12.82m | eta: 5.5m
step 03284/04692 (69.99%) | loss: 2.710624 | lrm: 0.60 | dt: 236.61ms | tok/sec: 2,215,854 | bf16_mfu: 46.52 | epoch: 1 pq: 36 rg: 32 | total time: 12.82m | eta: 5.5m
step 03285/04692 (70.01%) | loss: 2.705261 | lrm: 0.60 | dt: 232.70ms | tok/sec: 2,253,079 | bf16_mfu: 47.30 | epoch: 1 pq: 36 rg: 32 | total time: 12.83m | eta: 5.5m
step 03286/04692 (70.03%) | loss: 2.714344 | lrm: 0.60 | dt: 230.75ms | tok/sec: 2,272,124 | bf16_mfu: 47.70 | epoch: 1 pq: 36 rg: 40 | total time: 12.83m | eta: 5.5m
step 03287/04692 (70.06%) | loss: 2.714414 | lrm: 0.60 | dt: 235.39ms | tok/sec: 2,227,359 | bf16_mfu: 46.76 | epoch: 1 pq: 36 rg: 40 | total time: 12.83m | eta: 5.5m
step 03288/04692 (70.08%) | loss: 2.713039 | lrm: 0.60 | dt: 234.39ms | tok/sec: 2,236,789 | bf16_mfu: 46.96 | epoch: 1 pq: 36 rg: 40 | total time: 12.84m | eta: 5.5m
step 03289/04692 (70.10%) | loss: 2.727405 | lrm: 0.60 | dt: 232.96ms | tok/sec: 2,250,524 | bf16_mfu: 47.24 | epoch: 1 pq: 36 rg: 40 | total time: 12.84m | eta: 5.5m
step 03290/04692 (70.12%) | loss: 2.720930 | lrm: 0.60 | dt: 231.19ms | tok/sec: 2,267,826 | bf16_mfu: 47.61 | epoch: 1 pq: 36 rg: 40 | total time: 12.84m | eta: 5.5m
step 03291/04692 (70.14%) | loss: 2.711692 | lrm: 0.60 | dt: 234.85ms | tok/sec: 2,232,393 | bf16_mfu: 46.86 | epoch: 1 pq: 36 rg: 40 | total time: 12.85m | eta: 5.5m
step 03292/04692 (70.16%) | loss: 2.715070 | lrm: 0.60 | dt: 233.67ms | tok/sec: 2,243,681 | bf16_mfu: 47.10 | epoch: 1 pq: 36 rg: 40 | total time: 12.85m | eta: 5.5m
step 03293/04692 (70.18%) | loss: 2.708862 | lrm: 0.60 | dt: 234.18ms | tok/sec: 2,238,829 | bf16_mfu: 47.00 | epoch: 1 pq: 36 rg: 40 | total time: 12.86m | eta: 5.5m
step 03294/04692 (70.20%) | loss: 2.716284 | lrm: 0.60 | dt: 231.65ms | tok/sec: 2,263,252 | bf16_mfu: 47.51 | epoch: 1 pq: 36 rg: 48 | total time: 12.86m | eta: 5.5m
step 03295/04692 (70.23%) | loss: 2.726560 | lrm: 0.60 | dt: 234.01ms | tok/sec: 2,240,421 | bf16_mfu: 47.03 | epoch: 1 pq: 36 rg: 48 | total time: 12.86m | eta: 5.5m
step 03296/04692 (70.25%) | loss: 2.727943 | lrm: 0.60 | dt: 234.13ms | tok/sec: 2,239,317 | bf16_mfu: 47.01 | epoch: 1 pq: 36 rg: 48 | total time: 12.87m | eta: 5.5m
step 03297/04692 (70.27%) | loss: 2.722395 | lrm: 0.59 | dt: 233.88ms | tok/sec: 2,241,684 | bf16_mfu: 47.06 | epoch: 1 pq: 36 rg: 48 | total time: 12.87m | eta: 5.5m
step 03298/04692 (70.29%) | loss: 2.721539 | lrm: 0.59 | dt: 233.02ms | tok/sec: 2,249,992 | bf16_mfu: 47.23 | epoch: 1 pq: 36 rg: 48 | total time: 12.88m | eta: 5.5m
step 03299/04692 (70.31%) | loss: 2.720323 | lrm: 0.59 | dt: 234.86ms | tok/sec: 2,232,356 | bf16_mfu: 46.86 | epoch: 1 pq: 36 rg: 48 | total time: 12.88m | eta: 5.5m
step 03300/04692 (70.33%) | loss: 2.728679 | lrm: 0.59 | dt: 234.34ms | tok/sec: 2,237,305 | bf16_mfu: 46.97 | epoch: 1 pq: 36 rg: 48 | total time: 12.88m | eta: 5.5m
step 03301/04692 (70.35%) | loss: 2.726433 | lrm: 0.59 | dt: 234.04ms | tok/sec: 2,240,145 | bf16_mfu: 47.03 | epoch: 1 pq: 36 rg: 48 | total time: 12.89m | eta: 5.4m
step 03302/04692 (70.38%) | loss: 2.728178 | lrm: 0.59 | dt: 232.47ms | tok/sec: 2,255,288 | bf16_mfu: 47.34 | epoch: 1 pq: 36 rg: 56 | total time: 12.89m | eta: 5.4m
step 03303/04692 (70.40%) | loss: 2.738289 | lrm: 0.59 | dt: 235.14ms | tok/sec: 2,229,690 | bf16_mfu: 46.81 | epoch: 1 pq: 36 rg: 56 | total time: 12.90m | eta: 5.4m
step 03304/04692 (70.42%) | loss: 2.717759 | lrm: 0.59 | dt: 233.85ms | tok/sec: 2,241,979 | bf16_mfu: 47.07 | epoch: 1 pq: 36 rg: 56 | total time: 12.90m | eta: 5.4m
step 03305/04692 (70.44%) | loss: 2.716306 | lrm: 0.59 | dt: 232.91ms | tok/sec: 2,251,024 | bf16_mfu: 47.26 | epoch: 1 pq: 36 rg: 56 | total time: 12.90m | eta: 5.4m
step 03306/04692 (70.46%) | loss: 2.708229 | lrm: 0.59 | dt: 233.53ms | tok/sec: 2,245,026 | bf16_mfu: 47.13 | epoch: 1 pq: 36 rg: 56 | total time: 12.91m | eta: 5.4m
step 03307/04692 (70.48%) | loss: 2.699923 | lrm: 0.59 | dt: 233.73ms | tok/sec: 2,243,139 | bf16_mfu: 47.09 | epoch: 1 pq: 36 rg: 56 | total time: 12.91m | eta: 5.4m
step 03308/04692 (70.50%) | loss: 2.703510 | lrm: 0.59 | dt: 233.84ms | tok/sec: 2,242,116 | bf16_mfu: 47.07 | epoch: 1 pq: 36 rg: 56 | total time: 12.91m | eta: 5.4m
step 03309/04692 (70.52%) | loss: 2.702617 | lrm: 0.59 | dt: 232.11ms | tok/sec: 2,258,795 | bf16_mfu: 47.42 | epoch: 1 pq: 36 rg: 56 | total time: 12.92m | eta: 5.4m
step 03310/04692 (70.55%) | loss: 2.708107 | lrm: 0.59 | dt: 234.88ms | tok/sec: 2,232,191 | bf16_mfu: 46.86 | epoch: 1 pq: 36 rg: 64 | total time: 12.92m | eta: 5.4m
step 03311/04692 (70.57%) | loss: 2.712814 | lrm: 0.59 | dt: 232.98ms | tok/sec: 2,250,316 | bf16_mfu: 47.24 | epoch: 1 pq: 36 rg: 64 | total time: 12.93m | eta: 5.4m
step 03312/04692 (70.59%) | loss: 2.718243 | lrm: 0.59 | dt: 232.59ms | tok/sec: 2,254,164 | bf16_mfu: 47.32 | epoch: 1 pq: 36 rg: 64 | total time: 12.93m | eta: 5.4m
step 03313/04692 (70.61%) | loss: 2.718200 | lrm: 0.59 | dt: 233.34ms | tok/sec: 2,246,856 | bf16_mfu: 47.17 | epoch: 1 pq: 36 rg: 64 | total time: 12.93m | eta: 5.4m
step 03314/04692 (70.63%) | loss: 2.723617 | lrm: 0.59 | dt: 236.15ms | tok/sec: 2,220,132 | bf16_mfu: 46.61 | epoch: 1 pq: 36 rg: 64 | total time: 12.94m | eta: 5.4m
step 03315/04692 (70.65%) | loss: 2.709981 | lrm: 0.59 | dt: 234.12ms | tok/sec: 2,239,422 | bf16_mfu: 47.01 | epoch: 1 pq: 36 rg: 64 | total time: 12.94m | eta: 5.4m
step 03316/04692 (70.67%) | loss: 2.717852 | lrm: 0.59 | dt: 234.91ms | tok/sec: 2,231,828 | bf16_mfu: 46.85 | epoch: 1 pq: 36 rg: 64 | total time: 12.95m | eta: 5.4m
step 03317/04692 (70.69%) | loss: 2.716646 | lrm: 0.59 | dt: 234.39ms | tok/sec: 2,236,773 | bf16_mfu: 46.96 | epoch: 1 pq: 36 rg: 64 | total time: 12.95m | eta: 5.4m
step 03318/04692 (70.72%) | loss: 2.712225 | lrm: 0.59 | dt: 234.37ms | tok/sec: 2,237,000 | bf16_mfu: 46.96 | epoch: 1 pq: 36 rg: 64 | total time: 12.95m | eta: 5.4m
step 03319/04692 (70.74%) | loss: 2.710833 | lrm: 0.59 | dt: 234.10ms | tok/sec: 2,239,604 | bf16_mfu: 47.02 | epoch: 1 pq: 36 rg: 72 | total time: 12.96m | eta: 5.4m
step 03320/04692 (70.76%) | loss: 2.713127 | lrm: 0.58 | dt: 233.95ms | tok/sec: 2,241,067 | bf16_mfu: 47.05 | epoch: 1 pq: 36 rg: 72 | total time: 12.96m | eta: 5.4m
step 03321/04692 (70.78%) | loss: 2.714085 | lrm: 0.58 | dt: 233.64ms | tok/sec: 2,243,976 | bf16_mfu: 47.11 | epoch: 1 pq: 36 rg: 72 | total time: 12.97m | eta: 5.4m
step 03322/04692 (70.80%) | loss: 2.714979 | lrm: 0.58 | dt: 233.92ms | tok/sec: 2,241,310 | bf16_mfu: 47.05 | epoch: 1 pq: 36 rg: 72 | total time: 12.97m | eta: 5.4m
step 03323/04692 (70.82%) | loss: 2.723108 | lrm: 0.58 | dt: 234.58ms | tok/sec: 2,234,970 | bf16_mfu: 46.92 | epoch: 1 pq: 36 rg: 72 | total time: 12.97m | eta: 5.4m
step 03324/04692 (70.84%) | loss: 2.724599 | lrm: 0.58 | dt: 233.91ms | tok/sec: 2,241,453 | bf16_mfu: 47.05 | epoch: 1 pq: 36 rg: 72 | total time: 12.98m | eta: 5.4m
step 03325/04692 (70.87%) | loss: 2.733973 | lrm: 0.58 | dt: 231.74ms | tok/sec: 2,262,441 | bf16_mfu: 47.50 | epoch: 1 pq: 36 rg: 72 | total time: 12.98m | eta: 5.4m
step 03326/04692 (70.89%) | loss: 2.738242 | lrm: 0.58 | dt: 234.79ms | tok/sec: 2,232,991 | bf16_mfu: 46.88 | epoch: 1 pq: 36 rg: 72 | total time: 12.99m | eta: 5.3m
step 03327/04692 (70.91%) | loss: 2.741442 | lrm: 0.58 | dt: 235.35ms | tok/sec: 2,227,693 | bf16_mfu: 46.77 | epoch: 1 pq: 36 rg: 80 | total time: 12.99m | eta: 5.3m
step 03328/04692 (70.93%) | loss: 2.750066 | lrm: 0.58 | dt: 233.18ms | tok/sec: 2,248,455 | bf16_mfu: 47.20 | epoch: 1 pq: 36 rg: 80 | total time: 12.99m | eta: 5.3m
step 03329/04692 (70.95%) | loss: 2.749357 | lrm: 0.58 | dt: 233.25ms | tok/sec: 2,247,752 | bf16_mfu: 47.19 | epoch: 1 pq: 36 rg: 80 | total time: 13.00m | eta: 5.3m
step 03330/04692 (70.97%) | loss: 2.745672 | lrm: 0.58 | dt: 234.19ms | tok/sec: 2,238,747 | bf16_mfu: 47.00 | epoch: 1 pq: 36 rg: 80 | total time: 13.00m | eta: 5.3m
step 03331/04692 (70.99%) | loss: 2.741802 | lrm: 0.58 | dt: 232.94ms | tok/sec: 2,250,768 | bf16_mfu: 47.25 | epoch: 1 pq: 36 rg: 80 | total time: 13.00m | eta: 5.3m
step 03332/04692 (71.01%) | loss: 2.737586 | lrm: 0.58 | dt: 232.39ms | tok/sec: 2,256,084 | bf16_mfu: 47.36 | epoch: 1 pq: 36 rg: 80 | total time: 13.01m | eta: 5.3m
step 03333/04692 (71.04%) | loss: 2.733348 | lrm: 0.58 | dt: 233.43ms | tok/sec: 2,246,060 | bf16_mfu: 47.15 | epoch: 1 pq: 36 rg: 80 | total time: 13.01m | eta: 5.3m
step 03334/04692 (71.06%) | loss: 2.736242 | lrm: 0.58 | dt: 234.71ms | tok/sec: 2,233,771 | bf16_mfu: 46.89 | epoch: 1 pq: 36 rg: 80 | total time: 13.02m | eta: 5.3m
step 03335/04692 (71.08%) | loss: 2.736401 | lrm: 0.58 | dt: 233.89ms | tok/sec: 2,241,634 | bf16_mfu: 47.06 | epoch: 1 pq: 37 rg: 0 | total time: 13.02m | eta: 5.3m
step 03336/04692 (71.10%) | loss: 2.725929 | lrm: 0.58 | dt: 233.04ms | tok/sec: 2,249,769 | bf16_mfu: 47.23 | epoch: 1 pq: 37 rg: 0 | total time: 13.02m | eta: 5.3m
step 03337/04692 (71.12%) | loss: 2.727329 | lrm: 0.58 | dt: 235.00ms | tok/sec: 2,231,040 | bf16_mfu: 46.84 | epoch: 1 pq: 37 rg: 0 | total time: 13.03m | eta: 5.3m
step 03338/04692 (71.14%) | loss: 2.726768 | lrm: 0.58 | dt: 234.61ms | tok/sec: 2,234,679 | bf16_mfu: 46.91 | epoch: 1 pq: 37 rg: 0 | total time: 13.03m | eta: 5.3m
step 03339/04692 (71.16%) | loss: 2.731853 | lrm: 0.58 | dt: 233.25ms | tok/sec: 2,247,733 | bf16_mfu: 47.19 | epoch: 1 pq: 37 rg: 0 | total time: 13.04m | eta: 5.3m
step 03340/04692 (71.18%) | loss: 2.726829 | lrm: 0.58 | dt: 232.47ms | tok/sec: 2,255,302 | bf16_mfu: 47.35 | epoch: 1 pq: 37 rg: 0 | total time: 13.04m | eta: 5.3m
step 03341/04692 (71.21%) | loss: 2.728436 | lrm: 0.58 | dt: 233.55ms | tok/sec: 2,244,897 | bf16_mfu: 47.13 | epoch: 1 pq: 37 rg: 0 | total time: 13.04m | eta: 5.3m
step 03342/04692 (71.23%) | loss: 2.732015 | lrm: 0.58 | dt: 233.60ms | tok/sec: 2,244,414 | bf16_mfu: 47.12 | epoch: 1 pq: 37 rg: 0 | total time: 13.05m | eta: 5.3m
step 03343/04692 (71.25%) | loss: 2.728755 | lrm: 0.58 | dt: 234.70ms | tok/sec: 2,233,898 | bf16_mfu: 46.90 | epoch: 1 pq: 37 rg: 8 | total time: 13.05m | eta: 5.3m
step 03344/04692 (71.27%) | loss: 2.728631 | lrm: 0.57 | dt: 232.47ms | tok/sec: 2,255,292 | bf16_mfu: 47.35 | epoch: 1 pq: 37 rg: 8 | total time: 13.06m | eta: 5.3m
step 03345/04692 (71.29%) | loss: 2.724567 | lrm: 0.57 | dt: 235.16ms | tok/sec: 2,229,505 | bf16_mfu: 46.80 | epoch: 1 pq: 37 rg: 8 | total time: 13.06m | eta: 5.3m
step 03346/04692 (71.31%) | loss: 2.727935 | lrm: 0.57 | dt: 234.22ms | tok/sec: 2,238,476 | bf16_mfu: 46.99 | epoch: 1 pq: 37 rg: 8 | total time: 13.06m | eta: 5.3m
step 03347/04692 (71.33%) | loss: 2.711371 | lrm: 0.57 | dt: 234.50ms | tok/sec: 2,235,772 | bf16_mfu: 46.94 | epoch: 1 pq: 37 rg: 8 | total time: 13.07m | eta: 5.3m
step 03348/04692 (71.36%) | loss: 2.711084 | lrm: 0.57 | dt: 231.20ms | tok/sec: 2,267,637 | bf16_mfu: 47.60 | epoch: 1 pq: 37 rg: 8 | total time: 13.07m | eta: 5.3m
step 03349/04692 (71.38%) | loss: 2.708876 | lrm: 0.57 | dt: 236.60ms | tok/sec: 2,215,971 | bf16_mfu: 46.52 | epoch: 1 pq: 37 rg: 8 | total time: 13.07m | eta: 5.3m
step 03350/04692 (71.40%) | loss: 2.711193 | lrm: 0.57 | dt: 233.78ms | tok/sec: 2,242,624 | bf16_mfu: 47.08 | epoch: 1 pq: 37 rg: 8 | total time: 13.08m | eta: 5.3m
step 03351/04692 (71.42%) | loss: 2.727238 | lrm: 0.57 | dt: 506.63ms | tok/sec: 1,034,844 | bf16_mfu: 21.72 | epoch: 1 pq: 37 rg: 16 | total time: 13.09m | eta: 5.3m
step 03352/04692 (71.44%) | loss: 2.727047 | lrm: 0.57 | dt: 227.92ms | tok/sec: 2,300,339 | bf16_mfu: 48.29 | epoch: 1 pq: 37 rg: 16 | total time: 13.09m | eta: 5.2m
step 03353/04692 (71.46%) | loss: 2.734667 | lrm: 0.57 | dt: 228.53ms | tok/sec: 2,294,159 | bf16_mfu: 48.16 | epoch: 1 pq: 37 rg: 16 | total time: 13.09m | eta: 5.2m
step 03354/04692 (71.48%) | loss: 2.738437 | lrm: 0.57 | dt: 228.75ms | tok/sec: 2,291,957 | bf16_mfu: 48.11 | epoch: 1 pq: 37 rg: 16 | total time: 13.10m | eta: 5.2m
step 03355/04692 (71.50%) | loss: 2.741983 | lrm: 0.57 | dt: 238.30ms | tok/sec: 2,200,090 | bf16_mfu: 46.19 | epoch: 1 pq: 37 rg: 16 | total time: 13.10m | eta: 5.2m
step 03356/04692 (71.53%) | loss: 2.741215 | lrm: 0.57 | dt: 237.92ms | tok/sec: 2,203,668 | bf16_mfu: 46.26 | epoch: 1 pq: 37 rg: 16 | total time: 13.11m | eta: 5.2m
step 03357/04692 (71.55%) | loss: 2.739452 | lrm: 0.57 | dt: 230.39ms | tok/sec: 2,275,630 | bf16_mfu: 47.77 | epoch: 1 pq: 37 rg: 16 | total time: 13.11m | eta: 5.2m
step 03358/04692 (71.57%) | loss: 2.734477 | lrm: 0.57 | dt: 231.86ms | tok/sec: 2,261,236 | bf16_mfu: 47.47 | epoch: 1 pq: 37 rg: 16 | total time: 13.11m | eta: 5.2m
step 03359/04692 (71.59%) | loss: 2.738435 | lrm: 0.57 | dt: 232.55ms | tok/sec: 2,254,552 | bf16_mfu: 47.33 | epoch: 1 pq: 37 rg: 24 | total time: 13.12m | eta: 5.2m
step 03360/04692 (71.61%) | loss: 2.728555 | lrm: 0.57 | dt: 243.13ms | tok/sec: 2,156,427 | bf16_mfu: 45.27 | epoch: 1 pq: 37 rg: 24 | total time: 13.12m | eta: 5.2m
step 03361/04692 (71.63%) | loss: 2.727804 | lrm: 0.57 | dt: 230.78ms | tok/sec: 2,271,833 | bf16_mfu: 47.69 | epoch: 1 pq: 37 rg: 24 | total time: 13.13m | eta: 5.2m
step 03362/04692 (71.65%) | loss: 2.717834 | lrm: 0.57 | dt: 231.80ms | tok/sec: 2,261,792 | bf16_mfu: 47.48 | epoch: 1 pq: 37 rg: 24 | total time: 13.13m | eta: 5.2m
step 03363/04692 (71.68%) | loss: 2.716377 | lrm: 0.57 | dt: 230.99ms | tok/sec: 2,269,704 | bf16_mfu: 47.65 | epoch: 1 pq: 37 rg: 24 | total time: 13.13m | eta: 5.2m
step 03364/04692 (71.70%) | loss: 2.729246 | lrm: 0.57 | dt: 237.91ms | tok/sec: 2,203,737 | bf16_mfu: 46.26 | epoch: 1 pq: 37 rg: 24 | total time: 13.14m | eta: 5.2m
step 03365/04692 (71.72%) | loss: 2.730532 | lrm: 0.57 | dt: 234.57ms | tok/sec: 2,235,120 | bf16_mfu: 46.92 | epoch: 1 pq: 37 rg: 24 | total time: 13.14m | eta: 5.2m
step 03366/04692 (71.74%) | loss: 2.740396 | lrm: 0.57 | dt: 234.41ms | tok/sec: 2,236,595 | bf16_mfu: 46.95 | epoch: 1 pq: 37 rg: 24 | total time: 13.15m | eta: 5.2m
step 03367/04692 (71.76%) | loss: 2.753041 | lrm: 0.56 | dt: 230.20ms | tok/sec: 2,277,494 | bf16_mfu: 47.81 | epoch: 1 pq: 37 rg: 24 | total time: 13.15m | eta: 5.2m
step 03368/04692 (71.78%) | loss: 2.747523 | lrm: 0.56 | dt: 233.83ms | tok/sec: 2,242,148 | bf16_mfu: 47.07 | epoch: 1 pq: 37 rg: 32 | total time: 13.15m | eta: 5.2m
step 03369/04692 (71.80%) | loss: 2.741233 | lrm: 0.56 | dt: 237.33ms | tok/sec: 2,209,067 | bf16_mfu: 46.37 | epoch: 1 pq: 37 rg: 32 | total time: 13.16m | eta: 5.2m
step 03370/04692 (71.82%) | loss: 2.731869 | lrm: 0.56 | dt: 234.88ms | tok/sec: 2,232,118 | bf16_mfu: 46.86 | epoch: 1 pq: 37 rg: 32 | total time: 13.16m | eta: 5.2m
step 03371/04692 (71.85%) | loss: 2.728956 | lrm: 0.56 | dt: 233.33ms | tok/sec: 2,247,010 | bf16_mfu: 47.17 | epoch: 1 pq: 37 rg: 32 | total time: 13.16m | eta: 5.2m
step 03372/04692 (71.87%) | loss: 2.731670 | lrm: 0.56 | dt: 233.52ms | tok/sec: 2,245,110 | bf16_mfu: 47.13 | epoch: 1 pq: 37 rg: 32 | total time: 13.17m | eta: 5.2m
step 03373/04692 (71.89%) | loss: 2.716331 | lrm: 0.56 | dt: 235.30ms | tok/sec: 2,228,172 | bf16_mfu: 46.78 | epoch: 1 pq: 37 rg: 32 | total time: 13.17m | eta: 5.2m
step 03374/04692 (71.91%) | loss: 2.712200 | lrm: 0.56 | dt: 235.23ms | tok/sec: 2,228,824 | bf16_mfu: 46.79 | epoch: 1 pq: 37 rg: 32 | total time: 13.18m | eta: 5.2m
step 03375/04692 (71.93%) | loss: 2.708969 | lrm: 0.56 | dt: 232.65ms | tok/sec: 2,253,559 | bf16_mfu: 47.31 | epoch: 1 pq: 37 rg: 32 | total time: 13.18m | eta: 5.2m
step 03376/04692 (71.95%) | loss: 2.713828 | lrm: 0.56 | dt: 231.99ms | tok/sec: 2,259,967 | bf16_mfu: 47.44 | epoch: 1 pq: 37 rg: 40 | total time: 13.18m | eta: 5.2m
step 03377/04692 (71.97%) | loss: 2.715625 | lrm: 0.56 | dt: 232.67ms | tok/sec: 2,253,323 | bf16_mfu: 47.30 | epoch: 1 pq: 37 rg: 40 | total time: 13.19m | eta: 5.2m
step 03378/04692 (71.99%) | loss: 2.730109 | lrm: 0.56 | dt: 235.41ms | tok/sec: 2,227,122 | bf16_mfu: 46.75 | epoch: 1 pq: 37 rg: 40 | total time: 13.19m | eta: 5.1m
step 03379/04692 (72.02%) | loss: 2.719026 | lrm: 0.56 | dt: 232.24ms | tok/sec: 2,257,478 | bf16_mfu: 47.39 | epoch: 1 pq: 37 rg: 40 | total time: 13.20m | eta: 5.1m
step 03380/04692 (72.04%) | loss: 2.715527 | lrm: 0.56 | dt: 231.71ms | tok/sec: 2,262,730 | bf16_mfu: 47.50 | epoch: 1 pq: 37 rg: 40 | total time: 13.20m | eta: 5.1m
step 03381/04692 (72.06%) | loss: 2.721709 | lrm: 0.56 | dt: 234.82ms | tok/sec: 2,232,705 | bf16_mfu: 46.87 | epoch: 1 pq: 37 rg: 40 | total time: 13.20m | eta: 5.1m
step 03382/04692 (72.08%) | loss: 2.723911 | lrm: 0.56 | dt: 235.78ms | tok/sec: 2,223,598 | bf16_mfu: 46.68 | epoch: 1 pq: 37 rg: 40 | total time: 13.21m | eta: 5.1m
step 03383/04692 (72.10%) | loss: 2.719140 | lrm: 0.56 | dt: 233.27ms | tok/sec: 2,247,513 | bf16_mfu: 47.18 | epoch: 1 pq: 37 rg: 40 | total time: 13.21m | eta: 5.1m
step 03384/04692 (72.12%) | loss: 2.723112 | lrm: 0.56 | dt: 230.95ms | tok/sec: 2,270,165 | bf16_mfu: 47.66 | epoch: 1 pq: 37 rg: 40 | total time: 13.22m | eta: 5.1m
step 03385/04692 (72.14%) | loss: 2.722586 | lrm: 0.56 | dt: 235.08ms | tok/sec: 2,230,260 | bf16_mfu: 46.82 | epoch: 1 pq: 37 rg: 48 | total time: 13.22m | eta: 5.1m
step 03386/04692 (72.17%) | loss: 2.728786 | lrm: 0.56 | dt: 234.02ms | tok/sec: 2,240,357 | bf16_mfu: 47.03 | epoch: 1 pq: 37 rg: 48 | total time: 13.22m | eta: 5.1m
step 03387/04692 (72.19%) | loss: 2.719126 | lrm: 0.56 | dt: 233.10ms | tok/sec: 2,249,219 | bf16_mfu: 47.22 | epoch: 1 pq: 37 rg: 48 | total time: 13.23m | eta: 5.1m
step 03388/04692 (72.21%) | loss: 2.720129 | lrm: 0.56 | dt: 234.52ms | tok/sec: 2,235,606 | bf16_mfu: 46.93 | epoch: 1 pq: 37 rg: 48 | total time: 13.23m | eta: 5.1m
step 03389/04692 (72.23%) | loss: 2.722370 | lrm: 0.56 | dt: 234.67ms | tok/sec: 2,234,168 | bf16_mfu: 46.90 | epoch: 1 pq: 37 rg: 48 | total time: 13.23m | eta: 5.1m
step 03390/04692 (72.25%) | loss: 2.724580 | lrm: 0.55 | dt: 235.72ms | tok/sec: 2,224,160 | bf16_mfu: 46.69 | epoch: 1 pq: 37 rg: 48 | total time: 13.24m | eta: 5.1m
step 03391/04692 (72.27%) | loss: 2.719258 | lrm: 0.55 | dt: 234.21ms | tok/sec: 2,238,551 | bf16_mfu: 46.99 | epoch: 1 pq: 37 rg: 48 | total time: 13.24m | eta: 5.1m
step 03392/04692 (72.29%) | loss: 2.720218 | lrm: 0.55 | dt: 233.01ms | tok/sec: 2,250,109 | bf16_mfu: 47.24 | epoch: 1 pq: 37 rg: 48 | total time: 13.25m | eta: 5.1m
step 03393/04692 (72.31%) | loss: 2.719510 | lrm: 0.55 | dt: 232.96ms | tok/sec: 2,250,579 | bf16_mfu: 47.25 | epoch: 1 pq: 37 rg: 56 | total time: 13.25m | eta: 5.1m
step 03394/04692 (72.34%) | loss: 2.716102 | lrm: 0.55 | dt: 235.17ms | tok/sec: 2,229,423 | bf16_mfu: 46.80 | epoch: 1 pq: 37 rg: 56 | total time: 13.25m | eta: 5.1m
step 03395/04692 (72.36%) | loss: 2.718528 | lrm: 0.55 | dt: 233.59ms | tok/sec: 2,244,457 | bf16_mfu: 47.12 | epoch: 1 pq: 37 rg: 56 | total time: 13.26m | eta: 5.1m
step 03396/04692 (72.38%) | loss: 2.714475 | lrm: 0.55 | dt: 232.38ms | tok/sec: 2,256,125 | bf16_mfu: 47.36 | epoch: 1 pq: 37 rg: 56 | total time: 13.26m | eta: 5.1m
step 03397/04692 (72.40%) | loss: 2.706316 | lrm: 0.55 | dt: 233.72ms | tok/sec: 2,243,242 | bf16_mfu: 47.09 | epoch: 1 pq: 37 rg: 56 | total time: 13.27m | eta: 5.1m
step 03398/04692 (72.42%) | loss: 2.706526 | lrm: 0.55 | dt: 233.01ms | tok/sec: 2,250,029 | bf16_mfu: 47.23 | epoch: 1 pq: 37 rg: 56 | total time: 13.27m | eta: 5.1m
step 03399/04692 (72.44%) | loss: 2.700684 | lrm: 0.55 | dt: 237.15ms | tok/sec: 2,210,740 | bf16_mfu: 46.41 | epoch: 1 pq: 37 rg: 56 | total time: 13.27m | eta: 5.1m
step 03400/04692 (72.46%) | loss: 2.705828 | lrm: 0.55 | dt: 232.07ms | tok/sec: 2,259,222 | bf16_mfu: 47.43 | epoch: 1 pq: 37 rg: 56 | total time: 13.28m | eta: 5.1m
step 03401/04692 (72.49%) | loss: 2.703929 | lrm: 0.55 | dt: 233.40ms | tok/sec: 2,246,335 | bf16_mfu: 47.16 | epoch: 1 pq: 37 rg: 64 | total time: 13.28m | eta: 5.1m
step 03402/04692 (72.51%) | loss: 2.705743 | lrm: 0.55 | dt: 234.35ms | tok/sec: 2,237,201 | bf16_mfu: 46.97 | epoch: 1 pq: 37 rg: 64 | total time: 13.29m | eta: 5.1m
step 03403/04692 (72.53%) | loss: 2.702546 | lrm: 0.55 | dt: 234.44ms | tok/sec: 2,236,356 | bf16_mfu: 46.95 | epoch: 1 pq: 37 rg: 64 | total time: 13.29m | eta: 5.0m
step 03404/04692 (72.55%) | loss: 2.700747 | lrm: 0.55 | dt: 232.35ms | tok/sec: 2,256,412 | bf16_mfu: 47.37 | epoch: 1 pq: 37 rg: 64 | total time: 13.29m | eta: 5.0m
step 03405/04692 (72.57%) | loss: 2.707554 | lrm: 0.55 | dt: 234.42ms | tok/sec: 2,236,552 | bf16_mfu: 46.95 | epoch: 1 pq: 37 rg: 64 | total time: 13.30m | eta: 5.0m
step 03406/04692 (72.59%) | loss: 2.707878 | lrm: 0.55 | dt: 232.84ms | tok/sec: 2,251,681 | bf16_mfu: 47.27 | epoch: 1 pq: 37 rg: 64 | total time: 13.30m | eta: 5.0m
step 03407/04692 (72.61%) | loss: 2.709609 | lrm: 0.55 | dt: 231.66ms | tok/sec: 2,263,177 | bf16_mfu: 47.51 | epoch: 1 pq: 37 rg: 64 | total time: 13.31m | eta: 5.0m
step 03408/04692 (72.63%) | loss: 2.721918 | lrm: 0.55 | dt: 233.90ms | tok/sec: 2,241,479 | bf16_mfu: 47.06 | epoch: 1 pq: 37 rg: 64 | total time: 13.31m | eta: 5.0m
step 03409/04692 (72.66%) | loss: 2.730520 | lrm: 0.55 | dt: 237.44ms | tok/sec: 2,208,120 | bf16_mfu: 46.35 | epoch: 1 pq: 37 rg: 72 | total time: 13.31m | eta: 5.0m
step 03410/04692 (72.68%) | loss: 2.735058 | lrm: 0.55 | dt: 233.37ms | tok/sec: 2,246,574 | bf16_mfu: 47.16 | epoch: 1 pq: 37 rg: 72 | total time: 13.32m | eta: 5.0m
step 03411/04692 (72.70%) | loss: 2.736950 | lrm: 0.55 | dt: 234.98ms | tok/sec: 2,231,165 | bf16_mfu: 46.84 | epoch: 1 pq: 37 rg: 72 | total time: 13.32m | eta: 5.0m
step 03412/04692 (72.72%) | loss: 2.737981 | lrm: 0.55 | dt: 232.10ms | tok/sec: 2,258,930 | bf16_mfu: 47.42 | epoch: 1 pq: 37 rg: 72 | total time: 13.32m | eta: 5.0m
step 03413/04692 (72.74%) | loss: 2.740442 | lrm: 0.55 | dt: 235.96ms | tok/sec: 2,221,924 | bf16_mfu: 46.64 | epoch: 1 pq: 37 rg: 72 | total time: 13.33m | eta: 5.0m
step 03414/04692 (72.76%) | loss: 2.736698 | lrm: 0.54 | dt: 234.66ms | tok/sec: 2,234,273 | bf16_mfu: 46.90 | epoch: 1 pq: 37 rg: 72 | total time: 13.33m | eta: 5.0m
step 03415/04692 (72.78%) | loss: 2.731278 | lrm: 0.54 | dt: 233.03ms | tok/sec: 2,249,828 | bf16_mfu: 47.23 | epoch: 1 pq: 37 rg: 72 | total time: 13.34m | eta: 5.0m
step 03416/04692 (72.80%) | loss: 2.738036 | lrm: 0.54 | dt: 232.04ms | tok/sec: 2,259,508 | bf16_mfu: 47.43 | epoch: 1 pq: 37 rg: 72 | total time: 13.34m | eta: 5.0m
step 03417/04692 (72.83%) | loss: 2.747291 | lrm: 0.54 | dt: 235.82ms | tok/sec: 2,223,238 | bf16_mfu: 46.67 | epoch: 1 pq: 37 rg: 80 | total time: 13.34m | eta: 5.0m
step 03418/04692 (72.85%) | loss: 2.738842 | lrm: 0.54 | dt: 237.47ms | tok/sec: 2,207,794 | bf16_mfu: 46.35 | epoch: 1 pq: 37 rg: 80 | total time: 13.35m | eta: 5.0m
step 03419/04692 (72.87%) | loss: 2.740114 | lrm: 0.54 | dt: 233.70ms | tok/sec: 2,243,404 | bf16_mfu: 47.10 | epoch: 1 pq: 37 rg: 80 | total time: 13.35m | eta: 5.0m
step 03420/04692 (72.89%) | loss: 2.732958 | lrm: 0.54 | dt: 232.22ms | tok/sec: 2,257,728 | bf16_mfu: 47.40 | epoch: 1 pq: 37 rg: 80 | total time: 13.36m | eta: 5.0m
step 03421/04692 (72.91%) | loss: 2.732917 | lrm: 0.54 | dt: 234.42ms | tok/sec: 2,236,520 | bf16_mfu: 46.95 | epoch: 1 pq: 37 rg: 80 | total time: 13.36m | eta: 5.0m
step 03422/04692 (72.93%) | loss: 2.718916 | lrm: 0.54 | dt: 235.00ms | tok/sec: 2,231,000 | bf16_mfu: 46.84 | epoch: 1 pq: 37 rg: 80 | total time: 13.36m | eta: 5.0m
step 03423/04692 (72.95%) | loss: 2.721219 | lrm: 0.54 | dt: 233.26ms | tok/sec: 2,247,625 | bf16_mfu: 47.18 | epoch: 1 pq: 37 rg: 80 | total time: 13.37m | eta: 5.0m
step 03424/04692 (72.98%) | loss: 2.726655 | lrm: 0.54 | dt: 232.30ms | tok/sec: 2,256,966 | bf16_mfu: 47.38 | epoch: 1 pq: 37 rg: 80 | total time: 13.37m | eta: 5.0m
step 03425/04692 (73.00%) | loss: 2.714251 | lrm: 0.54 | dt: 233.42ms | tok/sec: 2,246,149 | bf16_mfu: 47.15 | epoch: 1 pq: 37 rg: 80 | total time: 13.38m | eta: 5.0m
step 03426/04692 (73.02%) | loss: 2.726597 | lrm: 0.54 | dt: 234.94ms | tok/sec: 2,231,548 | bf16_mfu: 46.85 | epoch: 1 pq: 38 rg: 0 | total time: 13.38m | eta: 5.0m
step 03427/04692 (73.04%) | loss: 2.728544 | lrm: 0.54 | dt: 233.37ms | tok/sec: 2,246,601 | bf16_mfu: 47.16 | epoch: 1 pq: 38 rg: 0 | total time: 13.38m | eta: 5.0m
step 03428/04692 (73.06%) | loss: 2.739566 | lrm: 0.54 | dt: 231.55ms | tok/sec: 2,264,226 | bf16_mfu: 47.53 | epoch: 1 pq: 38 rg: 0 | total time: 13.39m | eta: 5.0m
step 03429/04692 (73.08%) | loss: 2.738265 | lrm: 0.54 | dt: 234.35ms | tok/sec: 2,237,180 | bf16_mfu: 46.96 | epoch: 1 pq: 38 rg: 0 | total time: 13.39m | eta: 4.9m
step 03430/04692 (73.10%) | loss: 2.735576 | lrm: 0.54 | dt: 235.10ms | tok/sec: 2,230,070 | bf16_mfu: 46.82 | epoch: 1 pq: 38 rg: 0 | total time: 13.39m | eta: 4.9m
step 03431/04692 (73.12%) | loss: 2.731963 | lrm: 0.54 | dt: 235.12ms | tok/sec: 2,229,846 | bf16_mfu: 46.81 | epoch: 1 pq: 38 rg: 0 | total time: 13.40m | eta: 4.9m
step 03432/04692 (73.15%) | loss: 2.730165 | lrm: 0.54 | dt: 232.13ms | tok/sec: 2,258,614 | bf16_mfu: 47.41 | epoch: 1 pq: 38 rg: 0 | total time: 13.40m | eta: 4.9m
step 03433/04692 (73.17%) | loss: 2.729008 | lrm: 0.54 | dt: 235.27ms | tok/sec: 2,228,472 | bf16_mfu: 46.78 | epoch: 1 pq: 38 rg: 0 | total time: 13.41m | eta: 4.9m
step 03434/04692 (73.19%) | loss: 2.732784 | lrm: 0.54 | dt: 234.65ms | tok/sec: 2,234,302 | bf16_mfu: 46.90 | epoch: 1 pq: 38 rg: 8 | total time: 13.41m | eta: 4.9m
step 03435/04692 (73.21%) | loss: 2.745098 | lrm: 0.54 | dt: 233.15ms | tok/sec: 2,248,715 | bf16_mfu: 47.21 | epoch: 1 pq: 38 rg: 8 | total time: 13.41m | eta: 4.9m
step 03436/04692 (73.23%) | loss: 2.743673 | lrm: 0.54 | dt: 232.88ms | tok/sec: 2,251,319 | bf16_mfu: 47.26 | epoch: 1 pq: 38 rg: 8 | total time: 13.42m | eta: 4.9m
step 03437/04692 (73.25%) | loss: 2.738001 | lrm: 0.53 | dt: 235.19ms | tok/sec: 2,229,213 | bf16_mfu: 46.80 | epoch: 1 pq: 38 rg: 8 | total time: 13.42m | eta: 4.9m
step 03438/04692 (73.27%) | loss: 2.730714 | lrm: 0.53 | dt: 237.05ms | tok/sec: 2,211,738 | bf16_mfu: 46.43 | epoch: 1 pq: 38 rg: 8 | total time: 13.43m | eta: 4.9m
step 03439/04692 (73.29%) | loss: 2.734438 | lrm: 0.53 | dt: 234.01ms | tok/sec: 2,240,430 | bf16_mfu: 47.03 | epoch: 1 pq: 38 rg: 8 | total time: 13.43m | eta: 4.9m
step 03440/04692 (73.32%) | loss: 2.740664 | lrm: 0.53 | dt: 233.18ms | tok/sec: 2,248,437 | bf16_mfu: 47.20 | epoch: 1 pq: 38 rg: 8 | total time: 13.43m | eta: 4.9m
step 03441/04692 (73.34%) | loss: 2.741284 | lrm: 0.53 | dt: 233.88ms | tok/sec: 2,241,732 | bf16_mfu: 47.06 | epoch: 1 pq: 38 rg: 8 | total time: 13.44m | eta: 4.9m
step 03442/04692 (73.36%) | loss: 2.747468 | lrm: 0.53 | dt: 235.15ms | tok/sec: 2,229,559 | bf16_mfu: 46.80 | epoch: 1 pq: 38 rg: 16 | total time: 13.44m | eta: 4.9m
step 03443/04692 (73.38%) | loss: 2.745244 | lrm: 0.53 | dt: 234.68ms | tok/sec: 2,234,039 | bf16_mfu: 46.90 | epoch: 1 pq: 38 rg: 16 | total time: 13.45m | eta: 4.9m
step 03444/04692 (73.40%) | loss: 2.741430 | lrm: 0.53 | dt: 234.57ms | tok/sec: 2,235,070 | bf16_mfu: 46.92 | epoch: 1 pq: 38 rg: 16 | total time: 13.45m | eta: 4.9m
step 03445/04692 (73.42%) | loss: 2.736723 | lrm: 0.53 | dt: 232.68ms | tok/sec: 2,253,300 | bf16_mfu: 47.30 | epoch: 1 pq: 38 rg: 16 | total time: 13.45m | eta: 4.9m
step 03446/04692 (73.44%) | loss: 2.739884 | lrm: 0.53 | dt: 234.72ms | tok/sec: 2,233,671 | bf16_mfu: 46.89 | epoch: 1 pq: 38 rg: 16 | total time: 13.46m | eta: 4.9m
step 03447/04692 (73.47%) | loss: 2.734440 | lrm: 0.53 | dt: 234.61ms | tok/sec: 2,234,754 | bf16_mfu: 46.91 | epoch: 1 pq: 38 rg: 16 | total time: 13.46m | eta: 4.9m
step 03448/04692 (73.49%) | loss: 2.721509 | lrm: 0.53 | dt: 234.70ms | tok/sec: 2,233,844 | bf16_mfu: 46.89 | epoch: 1 pq: 38 rg: 16 | total time: 13.47m | eta: 4.9m
step 03449/04692 (73.51%) | loss: 2.727451 | lrm: 0.53 | dt: 232.42ms | tok/sec: 2,255,813 | bf16_mfu: 47.36 | epoch: 1 pq: 38 rg: 16 | total time: 13.47m | eta: 4.9m
step 03450/04692 (73.53%) | loss: 2.739627 | lrm: 0.53 | dt: 234.91ms | tok/sec: 2,231,878 | bf16_mfu: 46.85 | epoch: 1 pq: 38 rg: 24 | total time: 13.47m | eta: 4.9m
step 03451/04692 (73.55%) | loss: 2.739570 | lrm: 0.53 | dt: 234.92ms | tok/sec: 2,231,817 | bf16_mfu: 46.85 | epoch: 1 pq: 38 rg: 24 | total time: 13.48m | eta: 4.9m
step 03452/04692 (73.57%) | loss: 2.741491 | lrm: 0.53 | dt: 234.36ms | tok/sec: 2,237,073 | bf16_mfu: 46.96 | epoch: 1 pq: 38 rg: 24 | total time: 13.48m | eta: 4.9m
step 03453/04692 (73.59%) | loss: 2.732913 | lrm: 0.53 | dt: 232.10ms | tok/sec: 2,258,923 | bf16_mfu: 47.42 | epoch: 1 pq: 38 rg: 24 | total time: 13.48m | eta: 4.9m
step 03454/04692 (73.61%) | loss: 2.721689 | lrm: 0.53 | dt: 234.04ms | tok/sec: 2,240,141 | bf16_mfu: 47.03 | epoch: 1 pq: 38 rg: 24 | total time: 13.49m | eta: 4.8m
step 03455/04692 (73.64%) | loss: 2.719181 | lrm: 0.53 | dt: 234.01ms | tok/sec: 2,240,476 | bf16_mfu: 47.03 | epoch: 1 pq: 38 rg: 24 | total time: 13.49m | eta: 4.8m
step 03456/04692 (73.66%) | loss: 2.722099 | lrm: 0.53 | dt: 232.54ms | tok/sec: 2,254,589 | bf16_mfu: 47.33 | epoch: 1 pq: 38 rg: 24 | total time: 13.50m | eta: 4.8m
step 03457/04692 (73.68%) | loss: 2.731286 | lrm: 0.53 | dt: 232.40ms | tok/sec: 2,255,977 | bf16_mfu: 47.36 | epoch: 1 pq: 38 rg: 24 | total time: 13.50m | eta: 4.8m
step 03458/04692 (73.70%) | loss: 2.733837 | lrm: 0.53 | dt: 235.12ms | tok/sec: 2,229,900 | bf16_mfu: 46.81 | epoch: 1 pq: 38 rg: 24 | total time: 13.50m | eta: 4.8m
step 03459/04692 (73.72%) | loss: 2.736901 | lrm: 0.53 | dt: 233.88ms | tok/sec: 2,241,693 | bf16_mfu: 47.06 | epoch: 1 pq: 38 rg: 32 | total time: 13.51m | eta: 4.8m
step 03460/04692 (73.74%) | loss: 2.728674 | lrm: 0.53 | dt: 232.01ms | tok/sec: 2,259,812 | bf16_mfu: 47.44 | epoch: 1 pq: 38 rg: 32 | total time: 13.51m | eta: 4.8m
step 03461/04692 (73.76%) | loss: 2.737764 | lrm: 0.52 | dt: 233.78ms | tok/sec: 2,242,690 | bf16_mfu: 47.08 | epoch: 1 pq: 38 rg: 32 | total time: 13.52m | eta: 4.8m
step 03462/04692 (73.79%) | loss: 2.745407 | lrm: 0.52 | dt: 233.58ms | tok/sec: 2,244,599 | bf16_mfu: 47.12 | epoch: 1 pq: 38 rg: 32 | total time: 13.52m | eta: 4.8m
step 03463/04692 (73.81%) | loss: 2.742825 | lrm: 0.52 | dt: 236.52ms | tok/sec: 2,216,665 | bf16_mfu: 46.53 | epoch: 1 pq: 38 rg: 32 | total time: 13.52m | eta: 4.8m
step 03464/04692 (73.83%) | loss: 2.739644 | lrm: 0.52 | dt: 231.25ms | tok/sec: 2,267,239 | bf16_mfu: 47.60 | epoch: 1 pq: 38 rg: 32 | total time: 13.53m | eta: 4.8m
step 03465/04692 (73.85%) | loss: 2.727044 | lrm: 0.52 | dt: 233.07ms | tok/sec: 2,249,497 | bf16_mfu: 47.22 | epoch: 1 pq: 38 rg: 32 | total time: 13.53m | eta: 4.8m
step 03466/04692 (73.87%) | loss: 2.731209 | lrm: 0.52 | dt: 234.88ms | tok/sec: 2,232,164 | bf16_mfu: 46.86 | epoch: 1 pq: 38 rg: 32 | total time: 13.54m | eta: 4.8m
step 03467/04692 (73.89%) | loss: 2.714632 | lrm: 0.52 | dt: 232.87ms | tok/sec: 2,251,464 | bf16_mfu: 47.26 | epoch: 1 pq: 38 rg: 40 | total time: 13.54m | eta: 4.8m
step 03468/04692 (73.91%) | loss: 2.717826 | lrm: 0.52 | dt: 232.15ms | tok/sec: 2,258,415 | bf16_mfu: 47.41 | epoch: 1 pq: 38 rg: 40 | total time: 13.54m | eta: 4.8m
step 03469/04692 (73.93%) | loss: 2.725151 | lrm: 0.52 | dt: 236.50ms | tok/sec: 2,216,869 | bf16_mfu: 46.54 | epoch: 1 pq: 38 rg: 40 | total time: 13.55m | eta: 4.8m
step 03470/04692 (73.96%) | loss: 2.718647 | lrm: 0.52 | dt: 235.82ms | tok/sec: 2,223,259 | bf16_mfu: 46.67 | epoch: 1 pq: 38 rg: 40 | total time: 13.55m | eta: 4.8m
step 03471/04692 (73.98%) | loss: 2.719871 | lrm: 0.52 | dt: 234.08ms | tok/sec: 2,239,803 | bf16_mfu: 47.02 | epoch: 1 pq: 38 rg: 40 | total time: 13.55m | eta: 4.8m
step 03472/04692 (74.00%) | loss: 2.722405 | lrm: 0.52 | dt: 230.33ms | tok/sec: 2,276,261 | bf16_mfu: 47.79 | epoch: 1 pq: 38 rg: 40 | total time: 13.56m | eta: 4.8m
step 03473/04692 (74.02%) | loss: 2.718746 | lrm: 0.52 | dt: 235.88ms | tok/sec: 2,222,659 | bf16_mfu: 46.66 | epoch: 1 pq: 38 rg: 40 | total time: 13.56m | eta: 4.8m
step 03474/04692 (74.04%) | loss: 2.730724 | lrm: 0.52 | dt: 235.78ms | tok/sec: 2,223,670 | bf16_mfu: 46.68 | epoch: 1 pq: 38 rg: 40 | total time: 13.57m | eta: 4.8m
step 03475/04692 (74.06%) | loss: 2.729667 | lrm: 0.52 | dt: 232.97ms | tok/sec: 2,250,475 | bf16_mfu: 47.24 | epoch: 1 pq: 38 rg: 48 | total time: 13.57m | eta: 4.8m
step 03476/04692 (74.08%) | loss: 2.728894 | lrm: 0.52 | dt: 232.20ms | tok/sec: 2,257,939 | bf16_mfu: 47.40 | epoch: 1 pq: 38 rg: 48 | total time: 13.57m | eta: 4.8m
step 03477/04692 (74.10%) | loss: 2.732841 | lrm: 0.52 | dt: 234.39ms | tok/sec: 2,236,789 | bf16_mfu: 46.96 | epoch: 1 pq: 38 rg: 48 | total time: 13.58m | eta: 4.8m
step 03478/04692 (74.13%) | loss: 2.723793 | lrm: 0.52 | dt: 235.89ms | tok/sec: 2,222,589 | bf16_mfu: 46.66 | epoch: 1 pq: 38 rg: 48 | total time: 13.58m | eta: 4.8m
step 03479/04692 (74.15%) | loss: 2.715140 | lrm: 0.52 | dt: 235.49ms | tok/sec: 2,226,376 | bf16_mfu: 46.74 | epoch: 1 pq: 38 rg: 48 | total time: 13.59m | eta: 4.8m
step 03480/04692 (74.17%) | loss: 2.719569 | lrm: 0.52 | dt: 232.41ms | tok/sec: 2,255,905 | bf16_mfu: 47.36 | epoch: 1 pq: 38 rg: 48 | total time: 13.59m | eta: 4.7m
step 03481/04692 (74.19%) | loss: 2.718612 | lrm: 0.52 | dt: 233.05ms | tok/sec: 2,249,681 | bf16_mfu: 47.23 | epoch: 1 pq: 38 rg: 48 | total time: 13.59m | eta: 4.7m
step 03482/04692 (74.21%) | loss: 2.716973 | lrm: 0.52 | dt: 235.42ms | tok/sec: 2,227,010 | bf16_mfu: 46.75 | epoch: 1 pq: 38 rg: 48 | total time: 13.60m | eta: 4.7m
step 03483/04692 (74.23%) | loss: 2.719332 | lrm: 0.52 | dt: 235.03ms | tok/sec: 2,230,760 | bf16_mfu: 46.83 | epoch: 1 pq: 38 rg: 56 | total time: 13.60m | eta: 4.7m
step 03484/04692 (74.25%) | loss: 2.718870 | lrm: 0.51 | dt: 232.24ms | tok/sec: 2,257,561 | bf16_mfu: 47.39 | epoch: 1 pq: 38 rg: 56 | total time: 13.61m | eta: 4.7m
step 03485/04692 (74.28%) | loss: 2.714339 | lrm: 0.51 | dt: 232.85ms | tok/sec: 2,251,641 | bf16_mfu: 47.27 | epoch: 1 pq: 38 rg: 56 | total time: 13.61m | eta: 4.7m
step 03486/04692 (74.30%) | loss: 2.707304 | lrm: 0.51 | dt: 234.03ms | tok/sec: 2,240,282 | bf16_mfu: 47.03 | epoch: 1 pq: 38 rg: 56 | total time: 13.61m | eta: 4.7m
step 03487/04692 (74.32%) | loss: 2.703563 | lrm: 0.51 | dt: 236.09ms | tok/sec: 2,220,748 | bf16_mfu: 46.62 | epoch: 1 pq: 38 rg: 56 | total time: 13.62m | eta: 4.7m
step 03488/04692 (74.34%) | loss: 2.718396 | lrm: 0.51 | dt: 232.66ms | tok/sec: 2,253,420 | bf16_mfu: 47.31 | epoch: 1 pq: 38 rg: 56 | total time: 13.62m | eta: 4.7m
step 03489/04692 (74.36%) | loss: 2.723661 | lrm: 0.51 | dt: 232.95ms | tok/sec: 2,250,671 | bf16_mfu: 47.25 | epoch: 1 pq: 38 rg: 56 | total time: 13.62m | eta: 4.7m
step 03490/04692 (74.38%) | loss: 2.729675 | lrm: 0.51 | dt: 234.42ms | tok/sec: 2,236,568 | bf16_mfu: 46.95 | epoch: 1 pq: 38 rg: 56 | total time: 13.63m | eta: 4.7m
step 03491/04692 (74.40%) | loss: 2.723866 | lrm: 0.51 | dt: 235.48ms | tok/sec: 2,226,468 | bf16_mfu: 46.74 | epoch: 1 pq: 38 rg: 64 | total time: 13.63m | eta: 4.7m
step 03492/04692 (74.42%) | loss: 2.725763 | lrm: 0.51 | dt: 231.68ms | tok/sec: 2,262,972 | bf16_mfu: 47.51 | epoch: 1 pq: 38 rg: 64 | total time: 13.64m | eta: 4.7m
step 03493/04692 (74.45%) | loss: 2.725302 | lrm: 0.51 | dt: 233.00ms | tok/sec: 2,250,155 | bf16_mfu: 47.24 | epoch: 1 pq: 38 rg: 64 | total time: 13.64m | eta: 4.7m
step 03494/04692 (74.47%) | loss: 2.731242 | lrm: 0.51 | dt: 233.61ms | tok/sec: 2,244,295 | bf16_mfu: 47.11 | epoch: 1 pq: 38 rg: 64 | total time: 13.64m | eta: 4.7m
step 03495/04692 (74.49%) | loss: 2.714745 | lrm: 0.51 | dt: 234.32ms | tok/sec: 2,237,506 | bf16_mfu: 46.97 | epoch: 1 pq: 38 rg: 64 | total time: 13.65m | eta: 4.7m
step 03496/04692 (74.51%) | loss: 2.723107 | lrm: 0.51 | dt: 233.26ms | tok/sec: 2,247,690 | bf16_mfu: 47.19 | epoch: 1 pq: 38 rg: 64 | total time: 13.65m | eta: 4.7m
step 03497/04692 (74.53%) | loss: 2.722471 | lrm: 0.51 | dt: 235.27ms | tok/sec: 2,228,452 | bf16_mfu: 46.78 | epoch: 1 pq: 38 rg: 64 | total time: 13.66m | eta: 4.7m
step 03498/04692 (74.55%) | loss: 2.719590 | lrm: 0.51 | dt: 234.22ms | tok/sec: 2,238,396 | bf16_mfu: 46.99 | epoch: 1 pq: 38 rg: 64 | total time: 13.66m | eta: 4.7m
step 03499/04692 (74.57%) | loss: 2.718382 | lrm: 0.51 | dt: 234.22ms | tok/sec: 2,238,480 | bf16_mfu: 46.99 | epoch: 1 pq: 38 rg: 64 | total time: 13.66m | eta: 4.7m
Step 03500 | Validation bpb: 0.822871
2026-03-06 21:22:44,668 - nanochat.checkpoint_manager - [32m[1mINFO[0m - Saved optimizer state to: /data/.cache/nanochat/base_checkpoints/part3/d16_baseline/optim_003500_rank7.pt
2026-03-06 21:22:44,800 - nanochat.checkpoint_manager - [32m[1mINFO[0m - Saved optimizer state to: /data/.cache/nanochat/base_checkpoints/part3/d16_baseline/optim_003500_rank3.pt
2026-03-06 21:22:44,813 - nanochat.checkpoint_manager - [32m[1mINFO[0m - Saved optimizer state to: /data/.cache/nanochat/base_checkpoints/part3/d16_baseline/optim_003500_rank5.pt
2026-03-06 21:22:44,820 - nanochat.checkpoint_manager - [32m[1mINFO[0m - Saved optimizer state to: /data/.cache/nanochat/base_checkpoints/part3/d16_baseline/optim_003500_rank6.pt
2026-03-06 21:22:44,849 - nanochat.checkpoint_manager - [32m[1mINFO[0m - Saved optimizer state to: /data/.cache/nanochat/base_checkpoints/part3/d16_baseline/optim_003500_rank1.pt
2026-03-06 21:22:44,850 - nanochat.checkpoint_manager - [32m[1mINFO[0m - Saved optimizer state to: /data/.cache/nanochat/base_checkpoints/part3/d16_baseline/optim_003500_rank2.pt
2026-03-06 21:22:44,851 - nanochat.checkpoint_manager - [32m[1mINFO[0m - Saved optimizer state to: /data/.cache/nanochat/base_checkpoints/part3/d16_baseline/optim_003500_rank4.pt
2026-03-06 21:22:47,303 - nanochat.checkpoint_manager - [32m[1mINFO[0m - Saved model parameters to: /data/.cache/nanochat/base_checkpoints/part3/d16_baseline/model_003500.pt
2026-03-06 21:22:47,306 - nanochat.checkpoint_manager - [32m[1mINFO[0m - Saved metadata to: /data/.cache/nanochat/base_checkpoints/part3/d16_baseline/meta_003500.json
2026-03-06 21:22:47,836 - nanochat.checkpoint_manager - [32m[1mINFO[0m - Saved optimizer state to: /data/.cache/nanochat/base_checkpoints/part3/d16_baseline/optim_003500_rank0.pt
step 03500/04692 (74.60%) | loss: 2.708570 | lrm: 0.51 | dt: 226.03ms | tok/sec: 2,319,566 | bf16_mfu: 48.69 | epoch: 1 pq: 38 rg: 72 | total time: 13.67m | eta: 4.7m
step 03501/04692 (74.62%) | loss: 2.693061 | lrm: 0.51 | dt: 228.91ms | tok/sec: 2,290,413 | bf16_mfu: 48.08 | epoch: 1 pq: 38 rg: 72 | total time: 13.67m | eta: 4.7m
step 03502/04692 (74.64%) | loss: 2.681771 | lrm: 0.51 | dt: 229.24ms | tok/sec: 2,287,087 | bf16_mfu: 48.01 | epoch: 1 pq: 38 rg: 72 | total time: 13.68m | eta: 4.7m
step 03503/04692 (74.66%) | loss: 2.689510 | lrm: 0.51 | dt: 236.98ms | tok/sec: 2,212,372 | bf16_mfu: 46.44 | epoch: 1 pq: 38 rg: 72 | total time: 13.68m | eta: 4.7m
step 03504/04692 (74.68%) | loss: 2.693138 | lrm: 0.51 | dt: 238.34ms | tok/sec: 2,199,788 | bf16_mfu: 46.18 | epoch: 1 pq: 38 rg: 72 | total time: 13.68m | eta: 4.7m
step 03505/04692 (74.70%) | loss: 2.695230 | lrm: 0.51 | dt: 232.72ms | tok/sec: 2,252,908 | bf16_mfu: 47.30 | epoch: 1 pq: 38 rg: 72 | total time: 13.69m | eta: 4.6m
step 03506/04692 (74.72%) | loss: 2.692744 | lrm: 0.51 | dt: 229.97ms | tok/sec: 2,279,850 | bf16_mfu: 47.86 | epoch: 1 pq: 38 rg: 72 | total time: 13.69m | eta: 4.6m
step 03507/04692 (74.74%) | loss: 2.691534 | lrm: 0.51 | dt: 231.87ms | tok/sec: 2,261,125 | bf16_mfu: 47.47 | epoch: 1 pq: 38 rg: 72 | total time: 13.69m | eta: 4.6m
step 03508/04692 (74.77%) | loss: 2.682183 | lrm: 0.50 | dt: 237.38ms | tok/sec: 2,208,624 | bf16_mfu: 46.37 | epoch: 1 pq: 38 rg: 80 | total time: 13.70m | eta: 4.6m
step 03509/04692 (74.79%) | loss: 2.694427 | lrm: 0.50 | dt: 237.70ms | tok/sec: 2,205,631 | bf16_mfu: 46.30 | epoch: 1 pq: 38 rg: 80 | total time: 13.70m | eta: 4.6m
step 03510/04692 (74.81%) | loss: 2.683419 | lrm: 0.50 | dt: 233.45ms | tok/sec: 2,245,798 | bf16_mfu: 47.15 | epoch: 1 pq: 38 rg: 80 | total time: 13.71m | eta: 4.6m
step 03511/04692 (74.83%) | loss: 2.677029 | lrm: 0.50 | dt: 230.99ms | tok/sec: 2,269,732 | bf16_mfu: 47.65 | epoch: 1 pq: 38 rg: 80 | total time: 13.71m | eta: 4.6m
step 03512/04692 (74.85%) | loss: 2.683649 | lrm: 0.50 | dt: 231.41ms | tok/sec: 2,265,653 | bf16_mfu: 47.56 | epoch: 1 pq: 38 rg: 80 | total time: 13.71m | eta: 4.6m
step 03513/04692 (74.87%) | loss: 2.678629 | lrm: 0.50 | dt: 236.10ms | tok/sec: 2,220,589 | bf16_mfu: 46.62 | epoch: 1 pq: 38 rg: 80 | total time: 13.72m | eta: 4.6m
step 03514/04692 (74.89%) | loss: 2.668940 | lrm: 0.50 | dt: 233.16ms | tok/sec: 2,248,630 | bf16_mfu: 47.21 | epoch: 1 pq: 38 rg: 80 | total time: 13.72m | eta: 4.6m
step 03515/04692 (74.91%) | loss: 2.672687 | lrm: 0.50 | dt: 232.28ms | tok/sec: 2,257,133 | bf16_mfu: 47.38 | epoch: 1 pq: 38 rg: 80 | total time: 13.73m | eta: 4.6m
step 03516/04692 (74.94%) | loss: 2.678781 | lrm: 0.50 | dt: 232.35ms | tok/sec: 2,256,459 | bf16_mfu: 47.37 | epoch: 1 pq: 39 rg: 0 | total time: 13.73m | eta: 4.6m
step 03517/04692 (74.96%) | loss: 2.681465 | lrm: 0.50 | dt: 237.75ms | tok/sec: 2,205,217 | bf16_mfu: 46.29 | epoch: 1 pq: 39 rg: 0 | total time: 13.73m | eta: 4.6m
step 03518/04692 (74.98%) | loss: 2.695950 | lrm: 0.50 | dt: 234.12ms | tok/sec: 2,239,420 | bf16_mfu: 47.01 | epoch: 1 pq: 39 rg: 0 | total time: 13.74m | eta: 4.6m
step 03519/04692 (75.00%) | loss: 2.708035 | lrm: 0.50 | dt: 231.23ms | tok/sec: 2,267,387 | bf16_mfu: 47.60 | epoch: 1 pq: 39 rg: 0 | total time: 13.74m | eta: 4.6m
step 03520/04692 (75.02%) | loss: 2.708363 | lrm: 0.50 | dt: 233.46ms | tok/sec: 2,245,718 | bf16_mfu: 47.14 | epoch: 1 pq: 39 rg: 0 | total time: 13.75m | eta: 4.6m
step 03521/04692 (75.04%) | loss: 2.709783 | lrm: 0.50 | dt: 236.22ms | tok/sec: 2,219,477 | bf16_mfu: 46.59 | epoch: 1 pq: 39 rg: 0 | total time: 13.75m | eta: 4.6m
step 03522/04692 (75.06%) | loss: 2.713728 | lrm: 0.50 | dt: 233.97ms | tok/sec: 2,240,814 | bf16_mfu: 47.04 | epoch: 1 pq: 39 rg: 0 | total time: 13.75m | eta: 4.6m
step 03523/04692 (75.09%) | loss: 2.708805 | lrm: 0.50 | dt: 231.58ms | tok/sec: 2,263,972 | bf16_mfu: 47.53 | epoch: 1 pq: 39 rg: 0 | total time: 13.76m | eta: 4.6m
step 03524/04692 (75.11%) | loss: 2.705020 | lrm: 0.50 | dt: 231.21ms | tok/sec: 2,267,564 | bf16_mfu: 47.60 | epoch: 1 pq: 39 rg: 8 | total time: 13.76m | eta: 4.6m
step 03525/04692 (75.13%) | loss: 2.692668 | lrm: 0.50 | dt: 234.89ms | tok/sec: 2,232,037 | bf16_mfu: 46.86 | epoch: 1 pq: 39 rg: 8 | total time: 13.76m | eta: 4.6m
step 03526/04692 (75.15%) | loss: 2.689198 | lrm: 0.50 | dt: 233.92ms | tok/sec: 2,241,351 | bf16_mfu: 47.05 | epoch: 1 pq: 39 rg: 8 | total time: 13.77m | eta: 4.6m
step 03527/04692 (75.17%) | loss: 2.691137 | lrm: 0.50 | dt: 230.87ms | tok/sec: 2,270,913 | bf16_mfu: 47.67 | epoch: 1 pq: 39 rg: 8 | total time: 13.77m | eta: 4.6m
step 03528/04692 (75.19%) | loss: 2.690315 | lrm: 0.50 | dt: 234.38ms | tok/sec: 2,236,884 | bf16_mfu: 46.96 | epoch: 1 pq: 39 rg: 8 | total time: 13.78m | eta: 4.6m
step 03529/04692 (75.21%) | loss: 2.689746 | lrm: 0.50 | dt: 234.19ms | tok/sec: 2,238,724 | bf16_mfu: 47.00 | epoch: 1 pq: 39 rg: 8 | total time: 13.78m | eta: 4.6m
step 03530/04692 (75.23%) | loss: 2.689719 | lrm: 0.50 | dt: 232.77ms | tok/sec: 2,252,384 | bf16_mfu: 47.28 | epoch: 1 pq: 39 rg: 8 | total time: 13.78m | eta: 4.6m
step 03531/04692 (75.26%) | loss: 2.696918 | lrm: 0.49 | dt: 234.40ms | tok/sec: 2,236,707 | bf16_mfu: 46.95 | epoch: 1 pq: 39 rg: 8 | total time: 13.79m | eta: 4.5m
step 03532/04692 (75.28%) | loss: 2.694167 | lrm: 0.49 | dt: 235.18ms | tok/sec: 2,229,340 | bf16_mfu: 46.80 | epoch: 1 pq: 39 rg: 16 | total time: 13.79m | eta: 4.5m
step 03533/04692 (75.30%) | loss: 2.709937 | lrm: 0.49 | dt: 233.13ms | tok/sec: 2,248,943 | bf16_mfu: 47.21 | epoch: 1 pq: 39 rg: 16 | total time: 13.80m | eta: 4.5m
step 03534/04692 (75.32%) | loss: 2.715738 | lrm: 0.49 | dt: 231.23ms | tok/sec: 2,267,368 | bf16_mfu: 47.60 | epoch: 1 pq: 39 rg: 16 | total time: 13.80m | eta: 4.5m
step 03535/04692 (75.34%) | loss: 2.713583 | lrm: 0.49 | dt: 235.17ms | tok/sec: 2,229,425 | bf16_mfu: 46.80 | epoch: 1 pq: 39 rg: 16 | total time: 13.80m | eta: 4.5m
step 03536/04692 (75.36%) | loss: 2.706509 | lrm: 0.49 | dt: 235.07ms | tok/sec: 2,230,307 | bf16_mfu: 46.82 | epoch: 1 pq: 39 rg: 16 | total time: 13.81m | eta: 4.5m
step 03537/04692 (75.38%) | loss: 2.698248 | lrm: 0.49 | dt: 232.72ms | tok/sec: 2,252,855 | bf16_mfu: 47.29 | epoch: 1 pq: 39 rg: 16 | total time: 13.81m | eta: 4.5m
step 03538/04692 (75.40%) | loss: 2.692260 | lrm: 0.49 | dt: 233.24ms | tok/sec: 2,247,894 | bf16_mfu: 47.19 | epoch: 1 pq: 39 rg: 16 | total time: 13.82m | eta: 4.5m
step 03539/04692 (75.43%) | loss: 2.696176 | lrm: 0.49 | dt: 235.36ms | tok/sec: 2,227,639 | bf16_mfu: 46.76 | epoch: 1 pq: 39 rg: 16 | total time: 13.82m | eta: 4.5m
step 03540/04692 (75.45%) | loss: 2.704826 | lrm: 0.49 | dt: 234.69ms | tok/sec: 2,233,926 | bf16_mfu: 46.90 | epoch: 1 pq: 39 rg: 16 | total time: 13.82m | eta: 4.5m
step 03541/04692 (75.47%) | loss: 2.693012 | lrm: 0.49 | dt: 232.88ms | tok/sec: 2,251,309 | bf16_mfu: 47.26 | epoch: 1 pq: 39 rg: 24 | total time: 13.83m | eta: 4.5m
step 03542/04692 (75.49%) | loss: 2.690932 | lrm: 0.49 | dt: 231.83ms | tok/sec: 2,261,508 | bf16_mfu: 47.48 | epoch: 1 pq: 39 rg: 24 | total time: 13.83m | eta: 4.5m
step 03543/04692 (75.51%) | loss: 2.693134 | lrm: 0.49 | dt: 235.69ms | tok/sec: 2,224,466 | bf16_mfu: 46.70 | epoch: 1 pq: 39 rg: 24 | total time: 13.84m | eta: 4.5m
step 03544/04692 (75.53%) | loss: 2.690754 | lrm: 0.49 | dt: 234.44ms | tok/sec: 2,236,366 | bf16_mfu: 46.95 | epoch: 1 pq: 39 rg: 24 | total time: 13.84m | eta: 4.5m
step 03545/04692 (75.55%) | loss: 2.691516 | lrm: 0.49 | dt: 235.77ms | tok/sec: 2,223,701 | bf16_mfu: 46.68 | epoch: 1 pq: 39 rg: 24 | total time: 13.84m | eta: 4.5m
step 03546/04692 (75.58%) | loss: 2.692188 | lrm: 0.49 | dt: 233.22ms | tok/sec: 2,248,080 | bf16_mfu: 47.19 | epoch: 1 pq: 39 rg: 24 | total time: 13.85m | eta: 4.5m
step 03547/04692 (75.60%) | loss: 2.693042 | lrm: 0.49 | dt: 233.57ms | tok/sec: 2,244,666 | bf16_mfu: 47.12 | epoch: 1 pq: 39 rg: 24 | total time: 13.85m | eta: 4.5m
step 03548/04692 (75.62%) | loss: 2.678418 | lrm: 0.49 | dt: 235.43ms | tok/sec: 2,226,978 | bf16_mfu: 46.75 | epoch: 1 pq: 39 rg: 24 | total time: 13.85m | eta: 4.5m
step 03549/04692 (75.64%) | loss: 2.688089 | lrm: 0.49 | dt: 235.20ms | tok/sec: 2,229,127 | bf16_mfu: 46.80 | epoch: 1 pq: 39 rg: 32 | total time: 13.86m | eta: 4.5m
step 03550/04692 (75.66%) | loss: 2.687862 | lrm: 0.49 | dt: 234.03ms | tok/sec: 2,240,261 | bf16_mfu: 47.03 | epoch: 1 pq: 39 rg: 32 | total time: 13.86m | eta: 4.5m
step 03551/04692 (75.68%) | loss: 2.680521 | lrm: 0.49 | dt: 232.16ms | tok/sec: 2,258,294 | bf16_mfu: 47.41 | epoch: 1 pq: 39 rg: 32 | total time: 13.87m | eta: 4.5m
step 03552/04692 (75.70%) | loss: 2.678829 | lrm: 0.49 | dt: 234.24ms | tok/sec: 2,238,223 | bf16_mfu: 46.99 | epoch: 1 pq: 39 rg: 32 | total time: 13.87m | eta: 4.5m
step 03553/04692 (75.72%) | loss: 2.684117 | lrm: 0.49 | dt: 234.07ms | tok/sec: 2,239,864 | bf16_mfu: 47.02 | epoch: 1 pq: 39 rg: 32 | total time: 13.87m | eta: 4.5m
step 03554/04692 (75.75%) | loss: 2.680518 | lrm: 0.49 | dt: 234.71ms | tok/sec: 2,233,801 | bf16_mfu: 46.89 | epoch: 1 pq: 39 rg: 32 | total time: 13.88m | eta: 4.5m
step 03555/04692 (75.77%) | loss: 2.683739 | lrm: 0.48 | dt: 232.07ms | tok/sec: 2,259,203 | bf16_mfu: 47.43 | epoch: 1 pq: 39 rg: 32 | total time: 13.88m | eta: 4.5m
step 03556/04692 (75.79%) | loss: 2.686001 | lrm: 0.48 | dt: 235.20ms | tok/sec: 2,229,116 | bf16_mfu: 46.80 | epoch: 1 pq: 39 rg: 32 | total time: 13.89m | eta: 4.4m
step 03557/04692 (75.81%) | loss: 2.690332 | lrm: 0.48 | dt: 233.62ms | tok/sec: 2,244,235 | bf16_mfu: 47.11 | epoch: 1 pq: 39 rg: 40 | total time: 13.89m | eta: 4.4m
step 03558/04692 (75.83%) | loss: 2.687651 | lrm: 0.48 | dt: 234.50ms | tok/sec: 2,235,777 | bf16_mfu: 46.94 | epoch: 1 pq: 39 rg: 40 | total time: 13.89m | eta: 4.4m
step 03559/04692 (75.85%) | loss: 2.692918 | lrm: 0.48 | dt: 233.59ms | tok/sec: 2,244,494 | bf16_mfu: 47.12 | epoch: 1 pq: 39 rg: 40 | total time: 13.90m | eta: 4.4m
step 03560/04692 (75.87%) | loss: 2.695464 | lrm: 0.48 | dt: 234.14ms | tok/sec: 2,239,253 | bf16_mfu: 47.01 | epoch: 1 pq: 39 rg: 40 | total time: 13.90m | eta: 4.4m
step 03561/04692 (75.90%) | loss: 2.695195 | lrm: 0.48 | dt: 234.51ms | tok/sec: 2,235,702 | bf16_mfu: 46.93 | epoch: 1 pq: 39 rg: 40 | total time: 13.91m | eta: 4.4m
step 03562/04692 (75.92%) | loss: 2.694898 | lrm: 0.48 | dt: 235.11ms | tok/sec: 2,229,979 | bf16_mfu: 46.81 | epoch: 1 pq: 39 rg: 40 | total time: 13.91m | eta: 4.4m
step 03563/04692 (75.94%) | loss: 2.691619 | lrm: 0.48 | dt: 233.88ms | tok/sec: 2,241,700 | bf16_mfu: 47.06 | epoch: 1 pq: 39 rg: 40 | total time: 13.91m | eta: 4.4m
step 03564/04692 (75.96%) | loss: 2.697762 | lrm: 0.48 | dt: 233.03ms | tok/sec: 2,249,893 | bf16_mfu: 47.23 | epoch: 1 pq: 39 rg: 40 | total time: 13.92m | eta: 4.4m
step 03565/04692 (75.98%) | loss: 2.700861 | lrm: 0.48 | dt: 233.50ms | tok/sec: 2,245,335 | bf16_mfu: 47.14 | epoch: 1 pq: 39 rg: 48 | total time: 13.92m | eta: 4.4m
step 03566/04692 (76.00%) | loss: 2.703182 | lrm: 0.48 | dt: 233.38ms | tok/sec: 2,246,535 | bf16_mfu: 47.16 | epoch: 1 pq: 39 rg: 48 | total time: 13.92m | eta: 4.4m
step 03567/04692 (76.02%) | loss: 2.702054 | lrm: 0.48 | dt: 232.85ms | tok/sec: 2,251,648 | bf16_mfu: 47.27 | epoch: 1 pq: 39 rg: 48 | total time: 13.93m | eta: 4.4m
step 03568/04692 (76.04%) | loss: 2.705572 | lrm: 0.48 | dt: 234.70ms | tok/sec: 2,233,860 | bf16_mfu: 46.90 | epoch: 1 pq: 39 rg: 48 | total time: 13.93m | eta: 4.4m
step 03569/04692 (76.07%) | loss: 2.701272 | lrm: 0.48 | dt: 235.76ms | tok/sec: 2,223,789 | bf16_mfu: 46.68 | epoch: 1 pq: 39 rg: 48 | total time: 13.94m | eta: 4.4m
step 03570/04692 (76.09%) | loss: 2.694564 | lrm: 0.48 | dt: 232.91ms | tok/sec: 2,251,014 | bf16_mfu: 47.26 | epoch: 1 pq: 39 rg: 48 | total time: 13.94m | eta: 4.4m
step 03571/04692 (76.11%) | loss: 2.695446 | lrm: 0.48 | dt: 232.39ms | tok/sec: 2,256,095 | bf16_mfu: 47.36 | epoch: 1 pq: 39 rg: 48 | total time: 13.94m | eta: 4.4m
step 03572/04692 (76.13%) | loss: 2.680665 | lrm: 0.48 | dt: 234.68ms | tok/sec: 2,234,078 | bf16_mfu: 46.90 | epoch: 1 pq: 39 rg: 48 | total time: 13.95m | eta: 4.4m
step 03573/04692 (76.15%) | loss: 2.676975 | lrm: 0.48 | dt: 235.18ms | tok/sec: 2,229,301 | bf16_mfu: 46.80 | epoch: 1 pq: 39 rg: 56 | total time: 13.95m | eta: 4.4m
step 03574/04692 (76.17%) | loss: 2.686794 | lrm: 0.48 | dt: 235.14ms | tok/sec: 2,229,658 | bf16_mfu: 46.81 | epoch: 1 pq: 39 rg: 56 | total time: 13.96m | eta: 4.4m
step 03575/04692 (76.19%) | loss: 2.689762 | lrm: 0.48 | dt: 234.21ms | tok/sec: 2,238,581 | bf16_mfu: 46.99 | epoch: 1 pq: 39 rg: 56 | total time: 13.96m | eta: 4.4m
step 03576/04692 (76.21%) | loss: 2.687521 | lrm: 0.48 | dt: 233.08ms | tok/sec: 2,249,414 | bf16_mfu: 47.22 | epoch: 1 pq: 39 rg: 56 | total time: 13.96m | eta: 4.4m
step 03577/04692 (76.24%) | loss: 2.683757 | lrm: 0.48 | dt: 235.30ms | tok/sec: 2,228,147 | bf16_mfu: 46.78 | epoch: 1 pq: 39 rg: 56 | total time: 13.97m | eta: 4.4m
step 03578/04692 (76.26%) | loss: 2.695323 | lrm: 0.47 | dt: 234.38ms | tok/sec: 2,236,921 | bf16_mfu: 46.96 | epoch: 1 pq: 39 rg: 56 | total time: 13.97m | eta: 4.4m
step 03579/04692 (76.28%) | loss: 2.690678 | lrm: 0.47 | dt: 233.20ms | tok/sec: 2,248,202 | bf16_mfu: 47.20 | epoch: 1 pq: 39 rg: 56 | total time: 13.98m | eta: 4.4m
step 03580/04692 (76.30%) | loss: 2.690751 | lrm: 0.47 | dt: 233.15ms | tok/sec: 2,248,683 | bf16_mfu: 47.21 | epoch: 1 pq: 39 rg: 56 | total time: 13.98m | eta: 4.4m
step 03581/04692 (76.32%) | loss: 2.694545 | lrm: 0.47 | dt: 234.85ms | tok/sec: 2,232,393 | bf16_mfu: 46.86 | epoch: 1 pq: 39 rg: 56 | total time: 13.98m | eta: 4.4m
step 03582/04692 (76.34%) | loss: 2.699676 | lrm: 0.47 | dt: 234.05ms | tok/sec: 2,240,115 | bf16_mfu: 47.03 | epoch: 1 pq: 39 rg: 64 | total time: 13.99m | eta: 4.3m
step 03583/04692 (76.36%) | loss: 2.703281 | lrm: 0.47 | dt: 234.28ms | tok/sec: 2,237,909 | bf16_mfu: 46.98 | epoch: 1 pq: 39 rg: 64 | total time: 13.99m | eta: 4.3m
step 03584/04692 (76.39%) | loss: 2.715980 | lrm: 0.47 | dt: 233.66ms | tok/sec: 2,243,805 | bf16_mfu: 47.10 | epoch: 1 pq: 39 rg: 64 | total time: 13.99m | eta: 4.3m
step 03585/04692 (76.41%) | loss: 2.706647 | lrm: 0.47 | dt: 232.96ms | tok/sec: 2,250,586 | bf16_mfu: 47.25 | epoch: 1 pq: 39 rg: 64 | total time: 14.00m | eta: 4.3m
step 03586/04692 (76.43%) | loss: 2.702662 | lrm: 0.47 | dt: 233.57ms | tok/sec: 2,244,677 | bf16_mfu: 47.12 | epoch: 1 pq: 39 rg: 64 | total time: 14.00m | eta: 4.3m
step 03587/04692 (76.45%) | loss: 2.702876 | lrm: 0.47 | dt: 235.42ms | tok/sec: 2,227,023 | bf16_mfu: 46.75 | epoch: 1 pq: 39 rg: 64 | total time: 14.01m | eta: 4.3m
step 03588/04692 (76.47%) | loss: 2.717437 | lrm: 0.47 | dt: 232.61ms | tok/sec: 2,253,905 | bf16_mfu: 47.32 | epoch: 1 pq: 39 rg: 64 | total time: 14.01m | eta: 4.3m
step 03589/04692 (76.49%) | loss: 2.709078 | lrm: 0.47 | dt: 235.03ms | tok/sec: 2,230,746 | bf16_mfu: 46.83 | epoch: 1 pq: 39 rg: 64 | total time: 14.01m | eta: 4.3m
step 03590/04692 (76.51%) | loss: 2.708082 | lrm: 0.47 | dt: 233.70ms | tok/sec: 2,243,399 | bf16_mfu: 47.10 | epoch: 1 pq: 39 rg: 72 | total time: 14.02m | eta: 4.3m
step 03591/04692 (76.53%) | loss: 2.705739 | lrm: 0.47 | dt: 234.46ms | tok/sec: 2,236,120 | bf16_mfu: 46.94 | epoch: 1 pq: 39 rg: 72 | total time: 14.02m | eta: 4.3m
step 03592/04692 (76.56%) | loss: 2.711845 | lrm: 0.47 | dt: 232.05ms | tok/sec: 2,259,384 | bf16_mfu: 47.43 | epoch: 1 pq: 39 rg: 72 | total time: 14.03m | eta: 4.3m
step 03593/04692 (76.58%) | loss: 2.705739 | lrm: 0.47 | dt: 234.41ms | tok/sec: 2,236,675 | bf16_mfu: 46.95 | epoch: 1 pq: 39 rg: 72 | total time: 14.03m | eta: 4.3m
step 03594/04692 (76.60%) | loss: 2.699222 | lrm: 0.47 | dt: 233.38ms | tok/sec: 2,246,489 | bf16_mfu: 47.16 | epoch: 1 pq: 39 rg: 72 | total time: 14.03m | eta: 4.3m
step 03595/04692 (76.62%) | loss: 2.693518 | lrm: 0.47 | dt: 233.98ms | tok/sec: 2,240,736 | bf16_mfu: 47.04 | epoch: 1 pq: 39 rg: 72 | total time: 14.04m | eta: 4.3m
step 03596/04692 (76.64%) | loss: 2.685699 | lrm: 0.47 | dt: 232.18ms | tok/sec: 2,258,136 | bf16_mfu: 47.40 | epoch: 1 pq: 39 rg: 72 | total time: 14.04m | eta: 4.3m
step 03597/04692 (76.66%) | loss: 2.679719 | lrm: 0.47 | dt: 235.30ms | tok/sec: 2,228,127 | bf16_mfu: 46.77 | epoch: 1 pq: 39 rg: 72 | total time: 14.05m | eta: 4.3m
step 03598/04692 (76.68%) | loss: 2.687438 | lrm: 0.47 | dt: 233.91ms | tok/sec: 2,241,428 | bf16_mfu: 47.05 | epoch: 1 pq: 39 rg: 80 | total time: 14.05m | eta: 4.3m
step 03599/04692 (76.71%) | loss: 2.686891 | lrm: 0.47 | dt: 232.90ms | tok/sec: 2,251,118 | bf16_mfu: 47.26 | epoch: 1 pq: 39 rg: 80 | total time: 14.05m | eta: 4.3m
step 03600/04692 (76.73%) | loss: 2.689299 | lrm: 0.47 | dt: 233.31ms | tok/sec: 2,247,187 | bf16_mfu: 47.17 | epoch: 1 pq: 39 rg: 80 | total time: 14.06m | eta: 4.3m
step 03601/04692 (76.75%) | loss: 2.690684 | lrm: 0.47 | dt: 236.35ms | tok/sec: 2,218,242 | bf16_mfu: 46.57 | epoch: 1 pq: 39 rg: 80 | total time: 14.06m | eta: 4.3m
step 03602/04692 (76.77%) | loss: 2.690257 | lrm: 0.46 | dt: 234.72ms | tok/sec: 2,233,696 | bf16_mfu: 46.89 | epoch: 1 pq: 39 rg: 80 | total time: 14.07m | eta: 4.3m
step 03603/04692 (76.79%) | loss: 2.686993 | lrm: 0.46 | dt: 234.72ms | tok/sec: 2,233,665 | bf16_mfu: 46.89 | epoch: 1 pq: 39 rg: 80 | total time: 14.07m | eta: 4.3m
step 03604/04692 (76.81%) | loss: 2.695286 | lrm: 0.46 | dt: 231.39ms | tok/sec: 2,265,817 | bf16_mfu: 47.57 | epoch: 1 pq: 39 rg: 80 | total time: 14.07m | eta: 4.3m
step 03605/04692 (76.83%) | loss: 2.685715 | lrm: 0.46 | dt: 235.08ms | tok/sec: 2,230,262 | bf16_mfu: 46.82 | epoch: 1 pq: 39 rg: 80 | total time: 14.08m | eta: 4.3m
step 03606/04692 (76.85%) | loss: 2.675421 | lrm: 0.46 | dt: 234.58ms | tok/sec: 2,235,020 | bf16_mfu: 46.92 | epoch: 1 pq: 40 rg: 0 | total time: 14.08m | eta: 4.3m
step 03607/04692 (76.88%) | loss: 2.684879 | lrm: 0.46 | dt: 235.05ms | tok/sec: 2,230,561 | bf16_mfu: 46.83 | epoch: 1 pq: 40 rg: 0 | total time: 14.08m | eta: 4.2m
step 03608/04692 (76.90%) | loss: 2.676637 | lrm: 0.46 | dt: 233.61ms | tok/sec: 2,244,244 | bf16_mfu: 47.11 | epoch: 1 pq: 40 rg: 0 | total time: 14.09m | eta: 4.2m
step 03609/04692 (76.92%) | loss: 2.664860 | lrm: 0.46 | dt: 234.23ms | tok/sec: 2,238,373 | bf16_mfu: 46.99 | epoch: 1 pq: 40 rg: 0 | total time: 14.09m | eta: 4.2m
step 03610/04692 (76.94%) | loss: 2.679545 | lrm: 0.46 | dt: 234.35ms | tok/sec: 2,237,210 | bf16_mfu: 46.97 | epoch: 1 pq: 40 rg: 0 | total time: 14.10m | eta: 4.2m
step 03611/04692 (76.96%) | loss: 2.669188 | lrm: 0.46 | dt: 233.73ms | tok/sec: 2,243,150 | bf16_mfu: 47.09 | epoch: 1 pq: 40 rg: 0 | total time: 14.10m | eta: 4.2m
step 03612/04692 (76.98%) | loss: 2.674922 | lrm: 0.46 | dt: 232.96ms | tok/sec: 2,250,528 | bf16_mfu: 47.25 | epoch: 1 pq: 40 rg: 0 | total time: 14.10m | eta: 4.2m
step 03613/04692 (77.00%) | loss: 2.672334 | lrm: 0.46 | dt: 235.46ms | tok/sec: 2,226,629 | bf16_mfu: 46.74 | epoch: 1 pq: 40 rg: 0 | total time: 14.11m | eta: 4.2m
step 03614/04692 (77.02%) | loss: 2.678026 | lrm: 0.46 | dt: 235.40ms | tok/sec: 2,227,251 | bf16_mfu: 46.76 | epoch: 1 pq: 40 rg: 8 | total time: 14.11m | eta: 4.2m
step 03615/04692 (77.05%) | loss: 2.689749 | lrm: 0.46 | dt: 233.92ms | tok/sec: 2,241,278 | bf16_mfu: 47.05 | epoch: 1 pq: 40 rg: 8 | total time: 14.12m | eta: 4.2m
step 03616/04692 (77.07%) | loss: 2.695598 | lrm: 0.46 | dt: 231.89ms | tok/sec: 2,260,966 | bf16_mfu: 47.46 | epoch: 1 pq: 40 rg: 8 | total time: 14.12m | eta: 4.2m
step 03617/04692 (77.09%) | loss: 2.698588 | lrm: 0.46 | dt: 236.10ms | tok/sec: 2,220,614 | bf16_mfu: 46.62 | epoch: 1 pq: 40 rg: 8 | total time: 14.12m | eta: 4.2m
step 03618/04692 (77.11%) | loss: 2.696599 | lrm: 0.46 | dt: 235.85ms | tok/sec: 2,222,984 | bf16_mfu: 46.67 | epoch: 1 pq: 40 rg: 8 | total time: 14.13m | eta: 4.2m
step 03619/04692 (77.13%) | loss: 2.708823 | lrm: 0.46 | dt: 234.52ms | tok/sec: 2,235,593 | bf16_mfu: 46.93 | epoch: 1 pq: 40 rg: 8 | total time: 14.13m | eta: 4.2m
step 03620/04692 (77.15%) | loss: 2.703102 | lrm: 0.46 | dt: 232.75ms | tok/sec: 2,252,569 | bf16_mfu: 47.29 | epoch: 1 pq: 40 rg: 8 | total time: 14.14m | eta: 4.2m
step 03621/04692 (77.17%) | loss: 2.708525 | lrm: 0.46 | dt: 233.86ms | tok/sec: 2,241,872 | bf16_mfu: 47.06 | epoch: 1 pq: 40 rg: 8 | total time: 14.14m | eta: 4.2m
step 03622/04692 (77.20%) | loss: 2.700458 | lrm: 0.46 | dt: 235.93ms | tok/sec: 2,222,216 | bf16_mfu: 46.65 | epoch: 1 pq: 40 rg: 8 | total time: 14.14m | eta: 4.2m
step 03623/04692 (77.22%) | loss: 2.708385 | lrm: 0.46 | dt: 235.21ms | tok/sec: 2,229,034 | bf16_mfu: 46.79 | epoch: 1 pq: 40 rg: 16 | total time: 14.15m | eta: 4.2m
step 03624/04692 (77.24%) | loss: 2.713394 | lrm: 0.46 | dt: 232.44ms | tok/sec: 2,255,628 | bf16_mfu: 47.35 | epoch: 1 pq: 40 rg: 16 | total time: 14.15m | eta: 4.2m
step 03625/04692 (77.26%) | loss: 2.716714 | lrm: 0.45 | dt: 232.60ms | tok/sec: 2,254,014 | bf16_mfu: 47.32 | epoch: 1 pq: 40 rg: 16 | total time: 14.15m | eta: 4.2m
step 03626/04692 (77.28%) | loss: 2.706346 | lrm: 0.45 | dt: 235.69ms | tok/sec: 2,224,482 | bf16_mfu: 46.70 | epoch: 1 pq: 40 rg: 16 | total time: 14.16m | eta: 4.2m
step 03627/04692 (77.30%) | loss: 2.704517 | lrm: 0.45 | dt: 234.38ms | tok/sec: 2,236,928 | bf16_mfu: 46.96 | epoch: 1 pq: 40 rg: 16 | total time: 14.16m | eta: 4.2m
step 03628/04692 (77.32%) | loss: 2.694615 | lrm: 0.45 | dt: 233.79ms | tok/sec: 2,242,599 | bf16_mfu: 47.08 | epoch: 1 pq: 40 rg: 16 | total time: 14.17m | eta: 4.2m
step 03629/04692 (77.34%) | loss: 2.690304 | lrm: 0.45 | dt: 232.21ms | tok/sec: 2,257,775 | bf16_mfu: 47.40 | epoch: 1 pq: 40 rg: 16 | total time: 14.17m | eta: 4.2m
step 03630/04692 (77.37%) | loss: 2.685739 | lrm: 0.45 | dt: 235.42ms | tok/sec: 2,226,987 | bf16_mfu: 46.75 | epoch: 1 pq: 40 rg: 16 | total time: 14.17m | eta: 4.2m
step 03631/04692 (77.39%) | loss: 2.676787 | lrm: 0.45 | dt: 234.74ms | tok/sec: 2,233,513 | bf16_mfu: 46.89 | epoch: 1 pq: 40 rg: 24 | total time: 14.18m | eta: 4.2m
step 03632/04692 (77.41%) | loss: 2.680607 | lrm: 0.45 | dt: 232.87ms | tok/sec: 2,251,409 | bf16_mfu: 47.26 | epoch: 1 pq: 40 rg: 24 | total time: 14.18m | eta: 4.2m
step 03633/04692 (77.43%) | loss: 2.668838 | lrm: 0.45 | dt: 231.22ms | tok/sec: 2,267,492 | bf16_mfu: 47.60 | epoch: 1 pq: 40 rg: 24 | total time: 14.19m | eta: 4.1m
step 03634/04692 (77.45%) | loss: 2.684036 | lrm: 0.45 | dt: 234.80ms | tok/sec: 2,232,941 | bf16_mfu: 46.88 | epoch: 1 pq: 40 rg: 24 | total time: 14.19m | eta: 4.1m
step 03635/04692 (77.47%) | loss: 2.679432 | lrm: 0.45 | dt: 233.74ms | tok/sec: 2,243,063 | bf16_mfu: 47.09 | epoch: 1 pq: 40 rg: 24 | total time: 14.19m | eta: 4.1m
step 03636/04692 (77.49%) | loss: 2.676022 | lrm: 0.45 | dt: 231.52ms | tok/sec: 2,264,585 | bf16_mfu: 47.54 | epoch: 1 pq: 40 rg: 24 | total time: 14.20m | eta: 4.1m
step 03637/04692 (77.51%) | loss: 2.674917 | lrm: 0.45 | dt: 235.13ms | tok/sec: 2,229,755 | bf16_mfu: 46.81 | epoch: 1 pq: 40 rg: 24 | total time: 14.20m | eta: 4.1m
step 03638/04692 (77.54%) | loss: 2.669658 | lrm: 0.45 | dt: 234.22ms | tok/sec: 2,238,412 | bf16_mfu: 46.99 | epoch: 1 pq: 40 rg: 24 | total time: 14.21m | eta: 4.1m
step 03639/04692 (77.56%) | loss: 2.677552 | lrm: 0.45 | dt: 234.39ms | tok/sec: 2,236,775 | bf16_mfu: 46.96 | epoch: 1 pq: 40 rg: 32 | total time: 14.21m | eta: 4.1m
step 03640/04692 (77.58%) | loss: 2.681584 | lrm: 0.45 | dt: 234.31ms | tok/sec: 2,237,599 | bf16_mfu: 46.97 | epoch: 1 pq: 40 rg: 32 | total time: 14.21m | eta: 4.1m
step 03641/04692 (77.60%) | loss: 2.678245 | lrm: 0.45 | dt: 234.06ms | tok/sec: 2,239,965 | bf16_mfu: 47.02 | epoch: 1 pq: 40 rg: 32 | total time: 14.22m | eta: 4.1m
step 03642/04692 (77.62%) | loss: 2.676216 | lrm: 0.45 | dt: 235.75ms | tok/sec: 2,223,902 | bf16_mfu: 46.69 | epoch: 1 pq: 40 rg: 32 | total time: 14.22m | eta: 4.1m
step 03643/04692 (77.64%) | loss: 2.680746 | lrm: 0.45 | dt: 234.27ms | tok/sec: 2,238,007 | bf16_mfu: 46.98 | epoch: 1 pq: 40 rg: 32 | total time: 14.23m | eta: 4.1m
step 03644/04692 (77.66%) | loss: 2.679100 | lrm: 0.45 | dt: 233.94ms | tok/sec: 2,241,147 | bf16_mfu: 47.05 | epoch: 1 pq: 40 rg: 32 | total time: 14.23m | eta: 4.1m
step 03645/04692 (77.69%) | loss: 2.671907 | lrm: 0.45 | dt: 233.35ms | tok/sec: 2,246,810 | bf16_mfu: 47.17 | epoch: 1 pq: 40 rg: 32 | total time: 14.23m | eta: 4.1m
step 03646/04692 (77.71%) | loss: 2.656883 | lrm: 0.45 | dt: 234.31ms | tok/sec: 2,237,581 | bf16_mfu: 46.97 | epoch: 1 pq: 40 rg: 32 | total time: 14.24m | eta: 4.1m
step 03647/04692 (77.73%) | loss: 2.651633 | lrm: 0.45 | dt: 233.29ms | tok/sec: 2,247,400 | bf16_mfu: 47.18 | epoch: 1 pq: 40 rg: 40 | total time: 14.24m | eta: 4.1m
step 03648/04692 (77.75%) | loss: 2.654610 | lrm: 0.45 | dt: 233.54ms | tok/sec: 2,244,950 | bf16_mfu: 47.13 | epoch: 1 pq: 40 rg: 40 | total time: 14.24m | eta: 4.1m
step 03649/04692 (77.77%) | loss: 2.655970 | lrm: 0.44 | dt: 233.82ms | tok/sec: 2,242,308 | bf16_mfu: 47.07 | epoch: 1 pq: 40 rg: 40 | total time: 14.25m | eta: 4.1m
step 03650/04692 (77.79%) | loss: 2.648254 | lrm: 0.44 | dt: 235.82ms | tok/sec: 2,223,245 | bf16_mfu: 46.67 | epoch: 1 pq: 40 rg: 40 | total time: 14.25m | eta: 4.1m
step 03651/04692 (77.81%) | loss: 2.651421 | lrm: 0.44 | dt: 233.89ms | tok/sec: 2,241,602 | bf16_mfu: 47.06 | epoch: 1 pq: 40 rg: 40 | total time: 14.26m | eta: 4.1m
step 03652/04692 (77.83%) | loss: 2.653983 | lrm: 0.44 | dt: 233.62ms | tok/sec: 2,244,224 | bf16_mfu: 47.11 | epoch: 1 pq: 40 rg: 40 | total time: 14.26m | eta: 4.1m
step 03653/04692 (77.86%) | loss: 2.658766 | lrm: 0.44 | dt: 232.39ms | tok/sec: 2,256,111 | bf16_mfu: 47.36 | epoch: 1 pq: 40 rg: 40 | total time: 14.26m | eta: 4.1m
step 03654/04692 (77.88%) | loss: 2.666100 | lrm: 0.44 | dt: 236.44ms | tok/sec: 2,217,445 | bf16_mfu: 46.55 | epoch: 1 pq: 40 rg: 40 | total time: 14.27m | eta: 4.1m
step 03655/04692 (77.90%) | loss: 2.674564 | lrm: 0.44 | dt: 234.37ms | tok/sec: 2,237,005 | bf16_mfu: 46.96 | epoch: 1 pq: 40 rg: 48 | total time: 14.27m | eta: 4.1m
step 03656/04692 (77.92%) | loss: 2.671974 | lrm: 0.44 | dt: 234.79ms | tok/sec: 2,233,036 | bf16_mfu: 46.88 | epoch: 1 pq: 40 rg: 48 | total time: 14.28m | eta: 4.1m
step 03657/04692 (77.94%) | loss: 2.674621 | lrm: 0.44 | dt: 230.68ms | tok/sec: 2,272,805 | bf16_mfu: 47.71 | epoch: 1 pq: 40 rg: 48 | total time: 14.28m | eta: 4.1m
step 03658/04692 (77.96%) | loss: 2.680264 | lrm: 0.44 | dt: 235.42ms | tok/sec: 2,227,066 | bf16_mfu: 46.75 | epoch: 1 pq: 40 rg: 48 | total time: 14.28m | eta: 4.0m
step 03659/04692 (77.98%) | loss: 2.680559 | lrm: 0.44 | dt: 234.75ms | tok/sec: 2,233,381 | bf16_mfu: 46.89 | epoch: 1 pq: 40 rg: 48 | total time: 14.29m | eta: 4.0m
step 03660/04692 (78.01%) | loss: 2.687630 | lrm: 0.44 | dt: 233.59ms | tok/sec: 2,244,455 | bf16_mfu: 47.12 | epoch: 1 pq: 40 rg: 48 | total time: 14.29m | eta: 4.0m
step 03661/04692 (78.03%) | loss: 2.689666 | lrm: 0.44 | dt: 232.95ms | tok/sec: 2,250,644 | bf16_mfu: 47.25 | epoch: 1 pq: 40 rg: 48 | total time: 14.30m | eta: 4.0m
step 03662/04692 (78.05%) | loss: 2.680649 | lrm: 0.44 | dt: 235.40ms | tok/sec: 2,227,228 | bf16_mfu: 46.76 | epoch: 1 pq: 40 rg: 48 | total time: 14.30m | eta: 4.0m
step 03663/04692 (78.07%) | loss: 2.684244 | lrm: 0.44 | dt: 235.26ms | tok/sec: 2,228,506 | bf16_mfu: 46.78 | epoch: 1 pq: 40 rg: 48 | total time: 14.30m | eta: 4.0m
step 03664/04692 (78.09%) | loss: 2.689716 | lrm: 0.44 | dt: 235.44ms | tok/sec: 2,226,802 | bf16_mfu: 46.75 | epoch: 1 pq: 40 rg: 56 | total time: 14.31m | eta: 4.0m
step 03665/04692 (78.11%) | loss: 2.670993 | lrm: 0.44 | dt: 233.84ms | tok/sec: 2,242,061 | bf16_mfu: 47.07 | epoch: 1 pq: 40 rg: 56 | total time: 14.31m | eta: 4.0m
step 03666/04692 (78.13%) | loss: 2.676041 | lrm: 0.44 | dt: 232.00ms | tok/sec: 2,259,840 | bf16_mfu: 47.44 | epoch: 1 pq: 40 rg: 56 | total time: 14.31m | eta: 4.0m
step 03667/04692 (78.15%) | loss: 2.686770 | lrm: 0.44 | dt: 235.91ms | tok/sec: 2,222,429 | bf16_mfu: 46.66 | epoch: 1 pq: 40 rg: 56 | total time: 14.32m | eta: 4.0m
step 03668/04692 (78.18%) | loss: 2.687659 | lrm: 0.44 | dt: 235.28ms | tok/sec: 2,228,312 | bf16_mfu: 46.78 | epoch: 1 pq: 40 rg: 56 | total time: 14.32m | eta: 4.0m
step 03669/04692 (78.20%) | loss: 2.685147 | lrm: 0.44 | dt: 233.75ms | tok/sec: 2,242,946 | bf16_mfu: 47.09 | epoch: 1 pq: 40 rg: 56 | total time: 14.33m | eta: 4.0m
step 03670/04692 (78.22%) | loss: 2.697698 | lrm: 0.44 | dt: 232.82ms | tok/sec: 2,251,923 | bf16_mfu: 47.27 | epoch: 1 pq: 40 rg: 56 | total time: 14.33m | eta: 4.0m
step 03671/04692 (78.24%) | loss: 2.697204 | lrm: 0.44 | dt: 237.48ms | tok/sec: 2,207,719 | bf16_mfu: 46.35 | epoch: 1 pq: 40 rg: 56 | total time: 14.33m | eta: 4.0m
step 03672/04692 (78.26%) | loss: 2.702243 | lrm: 0.43 | dt: 235.84ms | tok/sec: 2,223,094 | bf16_mfu: 46.67 | epoch: 1 pq: 40 rg: 64 | total time: 14.34m | eta: 4.0m
step 03673/04692 (78.28%) | loss: 2.705826 | lrm: 0.43 | dt: 233.85ms | tok/sec: 2,242,009 | bf16_mfu: 47.07 | epoch: 1 pq: 40 rg: 64 | total time: 14.34m | eta: 4.0m
step 03674/04692 (78.30%) | loss: 2.714614 | lrm: 0.43 | dt: 233.34ms | tok/sec: 2,246,868 | bf16_mfu: 47.17 | epoch: 1 pq: 40 rg: 64 | total time: 14.35m | eta: 4.0m
step 03675/04692 (78.32%) | loss: 2.709049 | lrm: 0.43 | dt: 232.89ms | tok/sec: 2,251,259 | bf16_mfu: 47.26 | epoch: 1 pq: 40 rg: 64 | total time: 14.35m | eta: 4.0m
step 03676/04692 (78.35%) | loss: 2.709797 | lrm: 0.43 | dt: 235.56ms | tok/sec: 2,225,718 | bf16_mfu: 46.72 | epoch: 1 pq: 40 rg: 64 | total time: 14.35m | eta: 4.0m
step 03677/04692 (78.37%) | loss: 2.713106 | lrm: 0.43 | dt: 234.51ms | tok/sec: 2,235,681 | bf16_mfu: 46.93 | epoch: 1 pq: 40 rg: 64 | total time: 14.36m | eta: 4.0m
step 03678/04692 (78.39%) | loss: 2.719316 | lrm: 0.43 | dt: 233.25ms | tok/sec: 2,247,704 | bf16_mfu: 47.19 | epoch: 1 pq: 40 rg: 64 | total time: 14.36m | eta: 4.0m
step 03679/04692 (78.41%) | loss: 2.719389 | lrm: 0.43 | dt: 233.35ms | tok/sec: 2,246,801 | bf16_mfu: 47.17 | epoch: 1 pq: 40 rg: 64 | total time: 14.37m | eta: 4.0m
step 03680/04692 (78.43%) | loss: 2.714141 | lrm: 0.43 | dt: 299.66ms | tok/sec: 1,749,636 | bf16_mfu: 36.73 | epoch: 1 pq: 40 rg: 72 | total time: 14.37m | eta: 4.0m
step 03681/04692 (78.45%) | loss: 2.710666 | lrm: 0.43 | dt: 230.25ms | tok/sec: 2,277,083 | bf16_mfu: 47.80 | epoch: 1 pq: 40 rg: 72 | total time: 14.37m | eta: 4.0m
step 03682/04692 (78.47%) | loss: 2.707592 | lrm: 0.43 | dt: 228.15ms | tok/sec: 2,297,993 | bf16_mfu: 48.24 | epoch: 1 pq: 40 rg: 72 | total time: 14.38m | eta: 4.0m
step 03683/04692 (78.50%) | loss: 2.713123 | lrm: 0.43 | dt: 229.17ms | tok/sec: 2,287,765 | bf16_mfu: 48.03 | epoch: 1 pq: 40 rg: 72 | total time: 14.38m | eta: 4.0m
step 03684/04692 (78.52%) | loss: 2.717309 | lrm: 0.43 | dt: 237.87ms | tok/sec: 2,204,066 | bf16_mfu: 46.27 | epoch: 1 pq: 40 rg: 72 | total time: 14.39m | eta: 3.9m
step 03685/04692 (78.54%) | loss: 2.718322 | lrm: 0.43 | dt: 238.80ms | tok/sec: 2,195,470 | bf16_mfu: 46.09 | epoch: 1 pq: 40 rg: 72 | total time: 14.39m | eta: 3.9m
step 03686/04692 (78.56%) | loss: 2.702691 | lrm: 0.43 | dt: 231.35ms | tok/sec: 2,266,246 | bf16_mfu: 47.58 | epoch: 1 pq: 40 rg: 72 | total time: 14.39m | eta: 3.9m
step 03687/04692 (78.58%) | loss: 2.702650 | lrm: 0.43 | dt: 232.03ms | tok/sec: 2,259,603 | bf16_mfu: 47.44 | epoch: 1 pq: 40 rg: 72 | total time: 14.40m | eta: 3.9m
step 03688/04692 (78.60%) | loss: 2.703502 | lrm: 0.43 | dt: 234.62ms | tok/sec: 2,234,641 | bf16_mfu: 46.91 | epoch: 1 pq: 40 rg: 80 | total time: 14.40m | eta: 3.9m
step 03689/04692 (78.62%) | loss: 2.698198 | lrm: 0.43 | dt: 241.49ms | tok/sec: 2,171,070 | bf16_mfu: 45.58 | epoch: 1 pq: 40 rg: 80 | total time: 14.41m | eta: 3.9m
step 03690/04692 (78.64%) | loss: 2.701239 | lrm: 0.43 | dt: 233.07ms | tok/sec: 2,249,453 | bf16_mfu: 47.22 | epoch: 1 pq: 40 rg: 80 | total time: 14.41m | eta: 3.9m
step 03691/04692 (78.67%) | loss: 2.692843 | lrm: 0.43 | dt: 228.84ms | tok/sec: 2,291,083 | bf16_mfu: 48.10 | epoch: 1 pq: 40 rg: 80 | total time: 14.41m | eta: 3.9m
step 03692/04692 (78.69%) | loss: 2.689885 | lrm: 0.43 | dt: 232.86ms | tok/sec: 2,251,510 | bf16_mfu: 47.27 | epoch: 1 pq: 40 rg: 80 | total time: 14.42m | eta: 3.9m
step 03693/04692 (78.71%) | loss: 2.696424 | lrm: 0.43 | dt: 239.51ms | tok/sec: 2,189,019 | bf16_mfu: 45.95 | epoch: 1 pq: 40 rg: 80 | total time: 14.42m | eta: 3.9m
step 03694/04692 (78.73%) | loss: 2.690093 | lrm: 0.43 | dt: 235.84ms | tok/sec: 2,223,029 | bf16_mfu: 46.67 | epoch: 1 pq: 40 rg: 80 | total time: 14.43m | eta: 3.9m
step 03695/04692 (78.75%) | loss: 2.688355 | lrm: 0.42 | dt: 233.01ms | tok/sec: 2,250,031 | bf16_mfu: 47.23 | epoch: 1 pq: 40 rg: 80 | total time: 14.43m | eta: 3.9m
step 03696/04692 (78.77%) | loss: 2.691373 | lrm: 0.42 | dt: 230.60ms | tok/sec: 2,273,604 | bf16_mfu: 47.73 | epoch: 1 pq: 40 rg: 80 | total time: 14.43m | eta: 3.9m
step 03697/04692 (78.79%) | loss: 2.702487 | lrm: 0.42 | dt: 236.30ms | tok/sec: 2,218,759 | bf16_mfu: 46.58 | epoch: 1 pq: 41 rg: 0 | total time: 14.44m | eta: 3.9m
step 03698/04692 (78.82%) | loss: 2.699943 | lrm: 0.42 | dt: 237.35ms | tok/sec: 2,208,963 | bf16_mfu: 46.37 | epoch: 1 pq: 41 rg: 0 | total time: 14.44m | eta: 3.9m
step 03699/04692 (78.84%) | loss: 2.693919 | lrm: 0.42 | dt: 234.04ms | tok/sec: 2,240,204 | bf16_mfu: 47.03 | epoch: 1 pq: 41 rg: 0 | total time: 14.44m | eta: 3.9m
step 03700/04692 (78.86%) | loss: 2.696323 | lrm: 0.42 | dt: 232.81ms | tok/sec: 2,252,001 | bf16_mfu: 47.28 | epoch: 1 pq: 41 rg: 0 | total time: 14.45m | eta: 3.9m
step 03701/04692 (78.88%) | loss: 2.695696 | lrm: 0.42 | dt: 230.61ms | tok/sec: 2,273,507 | bf16_mfu: 47.73 | epoch: 1 pq: 41 rg: 0 | total time: 14.45m | eta: 3.9m
step 03702/04692 (78.90%) | loss: 2.703838 | lrm: 0.42 | dt: 236.10ms | tok/sec: 2,220,643 | bf16_mfu: 46.62 | epoch: 1 pq: 41 rg: 0 | total time: 14.46m | eta: 3.9m
step 03703/04692 (78.92%) | loss: 2.716315 | lrm: 0.42 | dt: 236.38ms | tok/sec: 2,218,011 | bf16_mfu: 46.56 | epoch: 1 pq: 41 rg: 0 | total time: 14.46m | eta: 3.9m
step 03704/04692 (78.94%) | loss: 2.699296 | lrm: 0.42 | dt: 232.47ms | tok/sec: 2,255,306 | bf16_mfu: 47.35 | epoch: 1 pq: 41 rg: 0 | total time: 14.46m | eta: 3.9m
step 03705/04692 (78.96%) | loss: 2.697846 | lrm: 0.42 | dt: 232.84ms | tok/sec: 2,251,715 | bf16_mfu: 47.27 | epoch: 1 pq: 41 rg: 8 | total time: 14.47m | eta: 3.9m
step 03706/04692 (78.99%) | loss: 2.697496 | lrm: 0.42 | dt: 235.81ms | tok/sec: 2,223,353 | bf16_mfu: 46.67 | epoch: 1 pq: 41 rg: 8 | total time: 14.47m | eta: 3.9m
step 03707/04692 (79.01%) | loss: 2.697543 | lrm: 0.42 | dt: 236.61ms | tok/sec: 2,215,866 | bf16_mfu: 46.52 | epoch: 1 pq: 41 rg: 8 | total time: 14.48m | eta: 3.9m
step 03708/04692 (79.03%) | loss: 2.680301 | lrm: 0.42 | dt: 234.41ms | tok/sec: 2,236,670 | bf16_mfu: 46.95 | epoch: 1 pq: 41 rg: 8 | total time: 14.48m | eta: 3.9m
step 03709/04692 (79.05%) | loss: 2.677610 | lrm: 0.42 | dt: 232.91ms | tok/sec: 2,251,024 | bf16_mfu: 47.26 | epoch: 1 pq: 41 rg: 8 | total time: 14.48m | eta: 3.8m
step 03710/04692 (79.07%) | loss: 2.666858 | lrm: 0.42 | dt: 234.12ms | tok/sec: 2,239,358 | bf16_mfu: 47.01 | epoch: 1 pq: 41 rg: 8 | total time: 14.49m | eta: 3.8m
step 03711/04692 (79.09%) | loss: 2.670018 | lrm: 0.42 | dt: 234.98ms | tok/sec: 2,231,208 | bf16_mfu: 46.84 | epoch: 1 pq: 41 rg: 8 | total time: 14.49m | eta: 3.8m
step 03712/04692 (79.11%) | loss: 2.687298 | lrm: 0.42 | dt: 233.49ms | tok/sec: 2,245,406 | bf16_mfu: 47.14 | epoch: 1 pq: 41 rg: 8 | total time: 14.50m | eta: 3.8m
step 03713/04692 (79.13%) | loss: 2.684685 | lrm: 0.42 | dt: 233.71ms | tok/sec: 2,243,335 | bf16_mfu: 47.09 | epoch: 1 pq: 41 rg: 16 | total time: 14.50m | eta: 3.8m
step 03714/04692 (79.16%) | loss: 2.676718 | lrm: 0.42 | dt: 235.36ms | tok/sec: 2,227,601 | bf16_mfu: 46.76 | epoch: 1 pq: 41 rg: 16 | total time: 14.50m | eta: 3.8m
step 03715/04692 (79.18%) | loss: 2.688541 | lrm: 0.42 | dt: 232.65ms | tok/sec: 2,253,538 | bf16_mfu: 47.31 | epoch: 1 pq: 41 rg: 16 | total time: 14.51m | eta: 3.8m
step 03716/04692 (79.20%) | loss: 2.703781 | lrm: 0.42 | dt: 233.75ms | tok/sec: 2,242,967 | bf16_mfu: 47.09 | epoch: 1 pq: 41 rg: 16 | total time: 14.51m | eta: 3.8m
step 03717/04692 (79.22%) | loss: 2.704207 | lrm: 0.42 | dt: 233.18ms | tok/sec: 2,248,457 | bf16_mfu: 47.20 | epoch: 1 pq: 41 rg: 16 | total time: 14.51m | eta: 3.8m
step 03718/04692 (79.24%) | loss: 2.707332 | lrm: 0.42 | dt: 233.34ms | tok/sec: 2,246,851 | bf16_mfu: 47.17 | epoch: 1 pq: 41 rg: 16 | total time: 14.52m | eta: 3.8m
step 03719/04692 (79.26%) | loss: 2.694223 | lrm: 0.41 | dt: 233.67ms | tok/sec: 2,243,697 | bf16_mfu: 47.10 | epoch: 1 pq: 41 rg: 16 | total time: 14.52m | eta: 3.8m
step 03720/04692 (79.28%) | loss: 2.688271 | lrm: 0.41 | dt: 234.14ms | tok/sec: 2,239,235 | bf16_mfu: 47.01 | epoch: 1 pq: 41 rg: 16 | total time: 14.53m | eta: 3.8m
step 03721/04692 (79.31%) | loss: 2.685757 | lrm: 0.41 | dt: 234.44ms | tok/sec: 2,236,322 | bf16_mfu: 46.95 | epoch: 1 pq: 41 rg: 16 | total time: 14.53m | eta: 3.8m
step 03722/04692 (79.33%) | loss: 2.686895 | lrm: 0.41 | dt: 233.45ms | tok/sec: 2,245,826 | bf16_mfu: 47.15 | epoch: 1 pq: 41 rg: 24 | total time: 14.53m | eta: 3.8m
step 03723/04692 (79.35%) | loss: 2.682244 | lrm: 0.41 | dt: 234.93ms | tok/sec: 2,231,638 | bf16_mfu: 46.85 | epoch: 1 pq: 41 rg: 24 | total time: 14.54m | eta: 3.8m
step 03724/04692 (79.37%) | loss: 2.662290 | lrm: 0.41 | dt: 233.88ms | tok/sec: 2,241,668 | bf16_mfu: 47.06 | epoch: 1 pq: 41 rg: 24 | total time: 14.54m | eta: 3.8m
step 03725/04692 (79.39%) | loss: 2.659512 | lrm: 0.41 | dt: 234.65ms | tok/sec: 2,234,386 | bf16_mfu: 46.91 | epoch: 1 pq: 41 rg: 24 | total time: 14.55m | eta: 3.8m
step 03726/04692 (79.41%) | loss: 2.654005 | lrm: 0.41 | dt: 233.73ms | tok/sec: 2,243,180 | bf16_mfu: 47.09 | epoch: 1 pq: 41 rg: 24 | total time: 14.55m | eta: 3.8m
step 03727/04692 (79.43%) | loss: 2.667118 | lrm: 0.41 | dt: 235.64ms | tok/sec: 2,224,946 | bf16_mfu: 46.71 | epoch: 1 pq: 41 rg: 24 | total time: 14.55m | eta: 3.8m
step 03728/04692 (79.45%) | loss: 2.672689 | lrm: 0.41 | dt: 233.17ms | tok/sec: 2,248,506 | bf16_mfu: 47.20 | epoch: 1 pq: 41 rg: 24 | total time: 14.56m | eta: 3.8m
step 03729/04692 (79.48%) | loss: 2.671347 | lrm: 0.41 | dt: 234.08ms | tok/sec: 2,239,828 | bf16_mfu: 47.02 | epoch: 1 pq: 41 rg: 24 | total time: 14.56m | eta: 3.8m
step 03730/04692 (79.50%) | loss: 2.666465 | lrm: 0.41 | dt: 231.69ms | tok/sec: 2,262,839 | bf16_mfu: 47.50 | epoch: 1 pq: 41 rg: 32 | total time: 14.57m | eta: 3.8m
step 03731/04692 (79.52%) | loss: 2.672429 | lrm: 0.41 | dt: 237.68ms | tok/sec: 2,205,901 | bf16_mfu: 46.31 | epoch: 1 pq: 41 rg: 32 | total time: 14.57m | eta: 3.8m
step 03732/04692 (79.54%) | loss: 2.674514 | lrm: 0.41 | dt: 235.62ms | tok/sec: 2,225,099 | bf16_mfu: 46.71 | epoch: 1 pq: 41 rg: 32 | total time: 14.57m | eta: 3.8m
step 03733/04692 (79.56%) | loss: 2.658921 | lrm: 0.41 | dt: 234.11ms | tok/sec: 2,239,499 | bf16_mfu: 47.01 | epoch: 1 pq: 41 rg: 32 | total time: 14.58m | eta: 3.8m
step 03734/04692 (79.58%) | loss: 2.651628 | lrm: 0.41 | dt: 231.73ms | tok/sec: 2,262,532 | bf16_mfu: 47.50 | epoch: 1 pq: 41 rg: 32 | total time: 14.58m | eta: 3.8m
step 03735/04692 (79.60%) | loss: 2.657419 | lrm: 0.41 | dt: 234.14ms | tok/sec: 2,239,194 | bf16_mfu: 47.01 | epoch: 1 pq: 41 rg: 32 | total time: 14.59m | eta: 3.7m
step 03736/04692 (79.62%) | loss: 2.671863 | lrm: 0.41 | dt: 235.28ms | tok/sec: 2,228,359 | bf16_mfu: 46.78 | epoch: 1 pq: 41 rg: 32 | total time: 14.59m | eta: 3.7m
step 03737/04692 (79.65%) | loss: 2.675509 | lrm: 0.41 | dt: 233.96ms | tok/sec: 2,240,914 | bf16_mfu: 47.04 | epoch: 1 pq: 41 rg: 32 | total time: 14.59m | eta: 3.7m
step 03738/04692 (79.67%) | loss: 2.667970 | lrm: 0.41 | dt: 232.26ms | tok/sec: 2,257,350 | bf16_mfu: 47.39 | epoch: 1 pq: 41 rg: 40 | total time: 14.60m | eta: 3.7m
step 03739/04692 (79.69%) | loss: 2.689120 | lrm: 0.41 | dt: 233.26ms | tok/sec: 2,247,676 | bf16_mfu: 47.19 | epoch: 1 pq: 41 rg: 40 | total time: 14.60m | eta: 3.7m
step 03740/04692 (79.71%) | loss: 2.688156 | lrm: 0.41 | dt: 238.20ms | tok/sec: 2,201,083 | bf16_mfu: 46.21 | epoch: 1 pq: 41 rg: 40 | total time: 14.60m | eta: 3.7m
step 03741/04692 (79.73%) | loss: 2.682508 | lrm: 0.41 | dt: 235.51ms | tok/sec: 2,226,178 | bf16_mfu: 46.73 | epoch: 1 pq: 41 rg: 40 | total time: 14.61m | eta: 3.7m
step 03742/04692 (79.75%) | loss: 2.688418 | lrm: 0.40 | dt: 233.63ms | tok/sec: 2,244,114 | bf16_mfu: 47.11 | epoch: 1 pq: 41 rg: 40 | total time: 14.61m | eta: 3.7m
step 03743/04692 (79.77%) | loss: 2.684756 | lrm: 0.40 | dt: 233.37ms | tok/sec: 2,246,583 | bf16_mfu: 47.16 | epoch: 1 pq: 41 rg: 40 | total time: 14.62m | eta: 3.7m
step 03744/04692 (79.80%) | loss: 2.680214 | lrm: 0.40 | dt: 235.50ms | tok/sec: 2,226,243 | bf16_mfu: 46.74 | epoch: 1 pq: 41 rg: 40 | total time: 14.62m | eta: 3.7m
step 03745/04692 (79.82%) | loss: 2.675310 | lrm: 0.40 | dt: 234.94ms | tok/sec: 2,231,586 | bf16_mfu: 46.85 | epoch: 1 pq: 41 rg: 40 | total time: 14.62m | eta: 3.7m
step 03746/04692 (79.84%) | loss: 2.677905 | lrm: 0.40 | dt: 235.67ms | tok/sec: 2,224,639 | bf16_mfu: 46.70 | epoch: 1 pq: 41 rg: 48 | total time: 14.63m | eta: 3.7m
step 03747/04692 (79.86%) | loss: 2.670602 | lrm: 0.40 | dt: 232.82ms | tok/sec: 2,251,941 | bf16_mfu: 47.27 | epoch: 1 pq: 41 rg: 48 | total time: 14.63m | eta: 3.7m
step 03748/04692 (79.88%) | loss: 2.662271 | lrm: 0.40 | dt: 234.12ms | tok/sec: 2,239,390 | bf16_mfu: 47.01 | epoch: 1 pq: 41 rg: 48 | total time: 14.64m | eta: 3.7m
step 03749/04692 (79.90%) | loss: 2.660751 | lrm: 0.40 | dt: 235.83ms | tok/sec: 2,223,182 | bf16_mfu: 46.67 | epoch: 1 pq: 41 rg: 48 | total time: 14.64m | eta: 3.7m
Step 03750 | Validation bpb: 0.814997
step 03750/04692 (79.92%) | loss: 2.670115 | lrm: 0.40 | dt: 228.01ms | tok/sec: 2,299,403 | bf16_mfu: 48.27 | epoch: 1 pq: 41 rg: 48 | total time: 14.64m | eta: 3.7m
step 03751/04692 (79.94%) | loss: 2.672646 | lrm: 0.40 | dt: 230.05ms | tok/sec: 2,279,056 | bf16_mfu: 47.84 | epoch: 1 pq: 41 rg: 48 | total time: 14.65m | eta: 3.7m
step 03752/04692 (79.97%) | loss: 2.680032 | lrm: 0.40 | dt: 229.26ms | tok/sec: 2,286,849 | bf16_mfu: 48.01 | epoch: 1 pq: 41 rg: 48 | total time: 14.65m | eta: 3.7m
step 03753/04692 (79.99%) | loss: 2.673108 | lrm: 0.40 | dt: 245.95ms | tok/sec: 2,131,677 | bf16_mfu: 44.75 | epoch: 1 pq: 41 rg: 48 | total time: 14.66m | eta: 3.7m
step 03754/04692 (80.01%) | loss: 2.673612 | lrm: 0.40 | dt: 234.43ms | tok/sec: 2,236,461 | bf16_mfu: 46.95 | epoch: 1 pq: 41 rg: 48 | total time: 14.66m | eta: 3.7m
step 03755/04692 (80.03%) | loss: 2.664034 | lrm: 0.40 | dt: 230.01ms | tok/sec: 2,279,430 | bf16_mfu: 47.85 | epoch: 1 pq: 41 rg: 56 | total time: 14.66m | eta: 3.7m
step 03756/04692 (80.05%) | loss: 2.653464 | lrm: 0.40 | dt: 230.48ms | tok/sec: 2,274,792 | bf16_mfu: 47.75 | epoch: 1 pq: 41 rg: 56 | total time: 14.67m | eta: 3.7m
step 03757/04692 (80.07%) | loss: 2.650002 | lrm: 0.40 | dt: 238.21ms | tok/sec: 2,200,920 | bf16_mfu: 46.20 | epoch: 1 pq: 41 rg: 56 | total time: 14.67m | eta: 3.7m
step 03758/04692 (80.09%) | loss: 2.650695 | lrm: 0.40 | dt: 236.21ms | tok/sec: 2,219,554 | bf16_mfu: 46.59 | epoch: 1 pq: 41 rg: 56 | total time: 14.67m | eta: 3.7m
step 03759/04692 (80.12%) | loss: 2.659947 | lrm: 0.40 | dt: 231.12ms | tok/sec: 2,268,435 | bf16_mfu: 47.62 | epoch: 1 pq: 41 rg: 56 | total time: 14.68m | eta: 3.7m
step 03760/04692 (80.14%) | loss: 2.662595 | lrm: 0.40 | dt: 232.79ms | tok/sec: 2,252,165 | bf16_mfu: 47.28 | epoch: 1 pq: 41 rg: 56 | total time: 14.68m | eta: 3.6m
step 03761/04692 (80.16%) | loss: 2.673691 | lrm: 0.40 | dt: 235.01ms | tok/sec: 2,230,936 | bf16_mfu: 46.83 | epoch: 1 pq: 41 rg: 56 | total time: 14.69m | eta: 3.6m
step 03762/04692 (80.18%) | loss: 2.670550 | lrm: 0.40 | dt: 832.34ms | tok/sec: 629,894 | bf16_mfu: 13.22 | epoch: 1 pq: 41 rg: 56 | total time: 14.70m | eta: 3.6m
step 03763/04692 (80.20%) | loss: 2.666996 | lrm: 0.40 | dt: 228.25ms | tok/sec: 2,296,961 | bf16_mfu: 48.22 | epoch: 1 pq: 41 rg: 64 | total time: 14.70m | eta: 3.6m
step 03764/04692 (80.22%) | loss: 2.675377 | lrm: 0.40 | dt: 229.12ms | tok/sec: 2,288,246 | bf16_mfu: 48.04 | epoch: 1 pq: 41 rg: 64 | total time: 14.71m | eta: 3.6m
step 03765/04692 (80.24%) | loss: 2.679053 | lrm: 0.40 | dt: 229.99ms | tok/sec: 2,279,621 | bf16_mfu: 47.86 | epoch: 1 pq: 41 rg: 64 | total time: 14.71m | eta: 3.6m
step 03766/04692 (80.26%) | loss: 2.686292 | lrm: 0.39 | dt: 241.79ms | tok/sec: 2,168,326 | bf16_mfu: 45.52 | epoch: 1 pq: 41 rg: 64 | total time: 14.72m | eta: 3.6m
step 03767/04692 (80.29%) | loss: 2.687193 | lrm: 0.39 | dt: 238.58ms | tok/sec: 2,197,489 | bf16_mfu: 46.13 | epoch: 1 pq: 41 rg: 64 | total time: 14.72m | eta: 3.6m
step 03768/04692 (80.31%) | loss: 2.686800 | lrm: 0.39 | dt: 231.42ms | tok/sec: 2,265,539 | bf16_mfu: 47.56 | epoch: 1 pq: 41 rg: 64 | total time: 14.72m | eta: 3.6m
step 03769/04692 (80.33%) | loss: 2.690489 | lrm: 0.39 | dt: 228.46ms | tok/sec: 2,294,901 | bf16_mfu: 48.18 | epoch: 1 pq: 41 rg: 64 | total time: 14.73m | eta: 3.6m
step 03770/04692 (80.35%) | loss: 2.697141 | lrm: 0.39 | dt: 235.63ms | tok/sec: 2,225,092 | bf16_mfu: 46.71 | epoch: 1 pq: 41 rg: 64 | total time: 14.73m | eta: 3.6m
step 03771/04692 (80.37%) | loss: 2.680212 | lrm: 0.39 | dt: 240.16ms | tok/sec: 2,183,108 | bf16_mfu: 45.83 | epoch: 1 pq: 41 rg: 72 | total time: 14.74m | eta: 3.6m
step 03772/04692 (80.39%) | loss: 2.677532 | lrm: 0.39 | dt: 232.15ms | tok/sec: 2,258,380 | bf16_mfu: 47.41 | epoch: 1 pq: 41 rg: 72 | total time: 14.74m | eta: 3.6m
step 03773/04692 (80.41%) | loss: 2.688550 | lrm: 0.39 | dt: 229.55ms | tok/sec: 2,283,952 | bf16_mfu: 47.95 | epoch: 1 pq: 41 rg: 72 | total time: 14.74m | eta: 3.6m
step 03774/04692 (80.43%) | loss: 2.695429 | lrm: 0.39 | dt: 233.72ms | tok/sec: 2,243,184 | bf16_mfu: 47.09 | epoch: 1 pq: 41 rg: 72 | total time: 14.75m | eta: 3.6m
step 03775/04692 (80.46%) | loss: 2.697484 | lrm: 0.39 | dt: 237.45ms | tok/sec: 2,208,009 | bf16_mfu: 46.35 | epoch: 1 pq: 41 rg: 72 | total time: 14.75m | eta: 3.6m
step 03776/04692 (80.48%) | loss: 2.700966 | lrm: 0.39 | dt: 234.33ms | tok/sec: 2,237,403 | bf16_mfu: 46.97 | epoch: 1 pq: 41 rg: 72 | total time: 14.75m | eta: 3.6m
step 03777/04692 (80.50%) | loss: 2.696584 | lrm: 0.39 | dt: 230.62ms | tok/sec: 2,273,366 | bf16_mfu: 47.72 | epoch: 1 pq: 41 rg: 72 | total time: 14.76m | eta: 3.6m
step 03778/04692 (80.52%) | loss: 2.693796 | lrm: 0.39 | dt: 232.77ms | tok/sec: 2,252,389 | bf16_mfu: 47.28 | epoch: 1 pq: 41 rg: 72 | total time: 14.76m | eta: 3.6m
step 03779/04692 (80.54%) | loss: 2.705074 | lrm: 0.39 | dt: 235.55ms | tok/sec: 2,225,804 | bf16_mfu: 46.73 | epoch: 1 pq: 41 rg: 80 | total time: 14.77m | eta: 3.6m
step 03780/04692 (80.56%) | loss: 2.704409 | lrm: 0.39 | dt: 235.70ms | tok/sec: 2,224,392 | bf16_mfu: 46.70 | epoch: 1 pq: 41 rg: 80 | total time: 14.77m | eta: 3.6m
step 03781/04692 (80.58%) | loss: 2.703773 | lrm: 0.39 | dt: 232.92ms | tok/sec: 2,250,897 | bf16_mfu: 47.25 | epoch: 1 pq: 41 rg: 80 | total time: 14.77m | eta: 3.6m
step 03782/04692 (80.61%) | loss: 2.695699 | lrm: 0.39 | dt: 231.79ms | tok/sec: 2,261,904 | bf16_mfu: 47.48 | epoch: 1 pq: 41 rg: 80 | total time: 14.78m | eta: 3.6m
step 03783/04692 (80.63%) | loss: 2.691636 | lrm: 0.39 | dt: 234.05ms | tok/sec: 2,240,045 | bf16_mfu: 47.03 | epoch: 1 pq: 41 rg: 80 | total time: 14.78m | eta: 3.6m
step 03784/04692 (80.65%) | loss: 2.686344 | lrm: 0.39 | dt: 235.38ms | tok/sec: 2,227,364 | bf16_mfu: 46.76 | epoch: 1 pq: 41 rg: 80 | total time: 14.79m | eta: 3.6m
step 03785/04692 (80.67%) | loss: 2.685738 | lrm: 0.39 | dt: 232.30ms | tok/sec: 2,256,903 | bf16_mfu: 47.38 | epoch: 1 pq: 41 rg: 80 | total time: 14.79m | eta: 3.6m
step 03786/04692 (80.69%) | loss: 2.681000 | lrm: 0.39 | dt: 233.92ms | tok/sec: 2,241,346 | bf16_mfu: 47.05 | epoch: 1 pq: 41 rg: 80 | total time: 14.79m | eta: 3.5m
step 03787/04692 (80.71%) | loss: 2.676191 | lrm: 0.39 | dt: 232.30ms | tok/sec: 2,256,973 | bf16_mfu: 47.38 | epoch: 1 pq: 42 rg: 0 | total time: 14.80m | eta: 3.5m
step 03788/04692 (80.73%) | loss: 2.671929 | lrm: 0.39 | dt: 234.85ms | tok/sec: 2,232,472 | bf16_mfu: 46.87 | epoch: 1 pq: 42 rg: 0 | total time: 14.80m | eta: 3.5m
step 03789/04692 (80.75%) | loss: 2.662031 | lrm: 0.38 | dt: 234.32ms | tok/sec: 2,237,467 | bf16_mfu: 46.97 | epoch: 1 pq: 42 rg: 0 | total time: 14.81m | eta: 3.5m
step 03790/04692 (80.78%) | loss: 2.657943 | lrm: 0.38 | dt: 234.90ms | tok/sec: 2,231,935 | bf16_mfu: 46.85 | epoch: 1 pq: 42 rg: 0 | total time: 14.81m | eta: 3.5m
step 03791/04692 (80.80%) | loss: 2.652126 | lrm: 0.38 | dt: 231.48ms | tok/sec: 2,264,951 | bf16_mfu: 47.55 | epoch: 1 pq: 42 rg: 0 | total time: 14.81m | eta: 3.5m
step 03792/04692 (80.82%) | loss: 2.673344 | lrm: 0.38 | dt: 233.37ms | tok/sec: 2,246,569 | bf16_mfu: 47.16 | epoch: 1 pq: 42 rg: 0 | total time: 14.82m | eta: 3.5m
step 03793/04692 (80.84%) | loss: 2.683473 | lrm: 0.38 | dt: 234.87ms | tok/sec: 2,232,225 | bf16_mfu: 46.86 | epoch: 1 pq: 42 rg: 0 | total time: 14.82m | eta: 3.5m
step 03794/04692 (80.86%) | loss: 2.676889 | lrm: 0.38 | dt: 235.50ms | tok/sec: 2,226,232 | bf16_mfu: 46.74 | epoch: 1 pq: 42 rg: 0 | total time: 14.83m | eta: 3.5m
step 03795/04692 (80.88%) | loss: 2.688979 | lrm: 0.38 | dt: 233.42ms | tok/sec: 2,246,149 | bf16_mfu: 47.15 | epoch: 1 pq: 42 rg: 8 | total time: 14.83m | eta: 3.5m
step 03796/04692 (80.90%) | loss: 2.683584 | lrm: 0.38 | dt: 234.85ms | tok/sec: 2,232,393 | bf16_mfu: 46.86 | epoch: 1 pq: 42 rg: 8 | total time: 14.83m | eta: 3.5m
step 03797/04692 (80.92%) | loss: 2.689906 | lrm: 0.38 | dt: 234.62ms | tok/sec: 2,234,659 | bf16_mfu: 46.91 | epoch: 1 pq: 42 rg: 8 | total time: 14.84m | eta: 3.5m
step 03798/04692 (80.95%) | loss: 2.681123 | lrm: 0.38 | dt: 235.84ms | tok/sec: 2,223,034 | bf16_mfu: 46.67 | epoch: 1 pq: 42 rg: 8 | total time: 14.84m | eta: 3.5m
step 03799/04692 (80.97%) | loss: 2.677203 | lrm: 0.38 | dt: 232.49ms | tok/sec: 2,255,110 | bf16_mfu: 47.34 | epoch: 1 pq: 42 rg: 8 | total time: 14.84m | eta: 3.5m
step 03800/04692 (80.99%) | loss: 2.674041 | lrm: 0.38 | dt: 233.63ms | tok/sec: 2,244,079 | bf16_mfu: 47.11 | epoch: 1 pq: 42 rg: 8 | total time: 14.85m | eta: 3.5m
step 03801/04692 (81.01%) | loss: 2.673845 | lrm: 0.38 | dt: 232.71ms | tok/sec: 2,252,979 | bf16_mfu: 47.30 | epoch: 1 pq: 42 rg: 8 | total time: 14.85m | eta: 3.5m
step 03802/04692 (81.03%) | loss: 2.666171 | lrm: 0.38 | dt: 235.27ms | tok/sec: 2,228,431 | bf16_mfu: 46.78 | epoch: 1 pq: 42 rg: 8 | total time: 14.86m | eta: 3.5m
step 03803/04692 (81.05%) | loss: 2.666230 | lrm: 0.38 | dt: 233.76ms | tok/sec: 2,242,841 | bf16_mfu: 47.08 | epoch: 1 pq: 42 rg: 8 | total time: 14.86m | eta: 3.5m
step 03804/04692 (81.07%) | loss: 2.667445 | lrm: 0.38 | dt: 232.91ms | tok/sec: 2,251,047 | bf16_mfu: 47.26 | epoch: 1 pq: 42 rg: 16 | total time: 14.86m | eta: 3.5m
step 03805/04692 (81.10%) | loss: 2.685147 | lrm: 0.38 | dt: 233.48ms | tok/sec: 2,245,544 | bf16_mfu: 47.14 | epoch: 1 pq: 42 rg: 16 | total time: 14.87m | eta: 3.5m
step 03806/04692 (81.12%) | loss: 2.663953 | lrm: 0.38 | dt: 233.97ms | tok/sec: 2,240,798 | bf16_mfu: 47.04 | epoch: 1 pq: 42 rg: 16 | total time: 14.87m | eta: 3.5m
step 03807/04692 (81.14%) | loss: 2.653026 | lrm: 0.38 | dt: 235.14ms | tok/sec: 2,229,651 | bf16_mfu: 46.81 | epoch: 1 pq: 42 rg: 16 | total time: 14.88m | eta: 3.5m
step 03808/04692 (81.16%) | loss: 2.659329 | lrm: 0.38 | dt: 233.04ms | tok/sec: 2,249,762 | bf16_mfu: 47.23 | epoch: 1 pq: 42 rg: 16 | total time: 14.88m | eta: 3.5m
step 03809/04692 (81.18%) | loss: 2.649475 | lrm: 0.38 | dt: 233.77ms | tok/sec: 2,242,786 | bf16_mfu: 47.08 | epoch: 1 pq: 42 rg: 16 | total time: 14.88m | eta: 3.5m
step 03810/04692 (81.20%) | loss: 2.657215 | lrm: 0.38 | dt: 236.07ms | tok/sec: 2,220,863 | bf16_mfu: 46.62 | epoch: 1 pq: 42 rg: 16 | total time: 14.89m | eta: 3.5m
step 03811/04692 (81.22%) | loss: 2.642766 | lrm: 0.38 | dt: 234.19ms | tok/sec: 2,238,774 | bf16_mfu: 47.00 | epoch: 1 pq: 42 rg: 16 | total time: 14.89m | eta: 3.5m
step 03812/04692 (81.24%) | loss: 2.653402 | lrm: 0.38 | dt: 234.45ms | tok/sec: 2,236,200 | bf16_mfu: 46.94 | epoch: 1 pq: 42 rg: 24 | total time: 14.90m | eta: 3.4m
step 03813/04692 (81.27%) | loss: 2.663816 | lrm: 0.37 | dt: 232.72ms | tok/sec: 2,252,852 | bf16_mfu: 47.29 | epoch: 1 pq: 42 rg: 24 | total time: 14.90m | eta: 3.4m
step 03814/04692 (81.29%) | loss: 2.672377 | lrm: 0.37 | dt: 234.65ms | tok/sec: 2,234,350 | bf16_mfu: 46.91 | epoch: 1 pq: 42 rg: 24 | total time: 14.90m | eta: 3.4m
step 03815/04692 (81.31%) | loss: 2.677498 | lrm: 0.37 | dt: 234.11ms | tok/sec: 2,239,484 | bf16_mfu: 47.01 | epoch: 1 pq: 42 rg: 24 | total time: 14.91m | eta: 3.4m
step 03816/04692 (81.33%) | loss: 2.677210 | lrm: 0.37 | dt: 235.03ms | tok/sec: 2,230,742 | bf16_mfu: 46.83 | epoch: 1 pq: 42 rg: 24 | total time: 14.91m | eta: 3.4m
step 03817/04692 (81.35%) | loss: 2.688184 | lrm: 0.37 | dt: 232.85ms | tok/sec: 2,251,660 | bf16_mfu: 47.27 | epoch: 1 pq: 42 rg: 24 | total time: 14.91m | eta: 3.4m
step 03818/04692 (81.37%) | loss: 2.695012 | lrm: 0.37 | dt: 233.10ms | tok/sec: 2,249,212 | bf16_mfu: 47.22 | epoch: 1 pq: 42 rg: 24 | total time: 14.92m | eta: 3.4m
step 03819/04692 (81.39%) | loss: 2.692602 | lrm: 0.37 | dt: 235.93ms | tok/sec: 2,222,216 | bf16_mfu: 46.65 | epoch: 1 pq: 42 rg: 24 | total time: 14.92m | eta: 3.4m
step 03820/04692 (81.42%) | loss: 2.688828 | lrm: 0.37 | dt: 234.48ms | tok/sec: 2,235,922 | bf16_mfu: 46.94 | epoch: 1 pq: 42 rg: 32 | total time: 14.93m | eta: 3.4m
step 03821/04692 (81.44%) | loss: 2.704630 | lrm: 0.37 | dt: 233.34ms | tok/sec: 2,246,881 | bf16_mfu: 47.17 | epoch: 1 pq: 42 rg: 32 | total time: 14.93m | eta: 3.4m
step 03822/04692 (81.46%) | loss: 2.709537 | lrm: 0.37 | dt: 231.82ms | tok/sec: 2,261,657 | bf16_mfu: 47.48 | epoch: 1 pq: 42 rg: 32 | total time: 14.93m | eta: 3.4m
step 03823/04692 (81.48%) | loss: 2.705473 | lrm: 0.37 | dt: 234.10ms | tok/sec: 2,239,595 | bf16_mfu: 47.02 | epoch: 1 pq: 42 rg: 32 | total time: 14.94m | eta: 3.4m
step 03824/04692 (81.50%) | loss: 2.711757 | lrm: 0.37 | dt: 236.35ms | tok/sec: 2,218,309 | bf16_mfu: 46.57 | epoch: 1 pq: 42 rg: 32 | total time: 14.94m | eta: 3.4m
step 03825/04692 (81.52%) | loss: 2.709180 | lrm: 0.37 | dt: 236.82ms | tok/sec: 2,213,838 | bf16_mfu: 46.47 | epoch: 1 pq: 42 rg: 32 | total time: 14.95m | eta: 3.4m
step 03826/04692 (81.54%) | loss: 2.701401 | lrm: 0.37 | dt: 232.18ms | tok/sec: 2,258,067 | bf16_mfu: 47.40 | epoch: 1 pq: 42 rg: 32 | total time: 14.95m | eta: 3.4m
step 03827/04692 (81.56%) | loss: 2.703666 | lrm: 0.37 | dt: 235.70ms | tok/sec: 2,224,403 | bf16_mfu: 46.70 | epoch: 1 pq: 42 rg: 32 | total time: 14.95m | eta: 3.4m
step 03828/04692 (81.59%) | loss: 2.708438 | lrm: 0.37 | dt: 234.90ms | tok/sec: 2,231,996 | bf16_mfu: 46.86 | epoch: 1 pq: 42 rg: 32 | total time: 14.96m | eta: 3.4m
step 03829/04692 (81.61%) | loss: 2.715376 | lrm: 0.37 | dt: 235.34ms | tok/sec: 2,227,790 | bf16_mfu: 46.77 | epoch: 1 pq: 42 rg: 40 | total time: 14.96m | eta: 3.4m
step 03830/04692 (81.63%) | loss: 2.711069 | lrm: 0.37 | dt: 232.41ms | tok/sec: 2,255,848 | bf16_mfu: 47.36 | epoch: 1 pq: 42 rg: 40 | total time: 14.97m | eta: 3.4m
step 03831/04692 (81.65%) | loss: 2.700460 | lrm: 0.37 | dt: 233.09ms | tok/sec: 2,249,274 | bf16_mfu: 47.22 | epoch: 1 pq: 42 rg: 40 | total time: 14.97m | eta: 3.4m
step 03832/04692 (81.67%) | loss: 2.701259 | lrm: 0.37 | dt: 235.04ms | tok/sec: 2,230,610 | bf16_mfu: 46.83 | epoch: 1 pq: 42 rg: 40 | total time: 14.97m | eta: 3.4m
step 03833/04692 (81.69%) | loss: 2.707852 | lrm: 0.37 | dt: 235.33ms | tok/sec: 2,227,887 | bf16_mfu: 46.77 | epoch: 1 pq: 42 rg: 40 | total time: 14.98m | eta: 3.4m
step 03834/04692 (81.71%) | loss: 2.703058 | lrm: 0.37 | dt: 232.72ms | tok/sec: 2,252,852 | bf16_mfu: 47.29 | epoch: 1 pq: 42 rg: 40 | total time: 14.98m | eta: 3.4m
step 03835/04692 (81.73%) | loss: 2.709883 | lrm: 0.37 | dt: 233.59ms | tok/sec: 2,244,464 | bf16_mfu: 47.12 | epoch: 1 pq: 42 rg: 40 | total time: 14.99m | eta: 3.4m
step 03836/04692 (81.76%) | loss: 2.707314 | lrm: 0.36 | dt: 233.82ms | tok/sec: 2,242,285 | bf16_mfu: 47.07 | epoch: 1 pq: 42 rg: 40 | total time: 14.99m | eta: 3.4m
step 03837/04692 (81.78%) | loss: 2.706768 | lrm: 0.36 | dt: 234.74ms | tok/sec: 2,233,451 | bf16_mfu: 46.89 | epoch: 1 pq: 42 rg: 48 | total time: 14.99m | eta: 3.3m
step 03838/04692 (81.80%) | loss: 2.709106 | lrm: 0.36 | dt: 233.27ms | tok/sec: 2,247,524 | bf16_mfu: 47.18 | epoch: 1 pq: 42 rg: 48 | total time: 15.00m | eta: 3.3m
step 03839/04692 (81.82%) | loss: 2.707119 | lrm: 0.36 | dt: 235.27ms | tok/sec: 2,228,422 | bf16_mfu: 46.78 | epoch: 1 pq: 42 rg: 48 | total time: 15.00m | eta: 3.3m
step 03840/04692 (81.84%) | loss: 2.703785 | lrm: 0.36 | dt: 233.55ms | tok/sec: 2,244,831 | bf16_mfu: 47.13 | epoch: 1 pq: 42 rg: 48 | total time: 15.00m | eta: 3.3m
step 03841/04692 (81.86%) | loss: 2.698712 | lrm: 0.36 | dt: 233.47ms | tok/sec: 2,245,651 | bf16_mfu: 47.14 | epoch: 1 pq: 42 rg: 48 | total time: 15.01m | eta: 3.3m
step 03842/04692 (81.88%) | loss: 2.708276 | lrm: 0.36 | dt: 233.48ms | tok/sec: 2,245,564 | bf16_mfu: 47.14 | epoch: 1 pq: 42 rg: 48 | total time: 15.01m | eta: 3.3m
step 03843/04692 (81.91%) | loss: 2.695269 | lrm: 0.36 | dt: 233.95ms | tok/sec: 2,240,983 | bf16_mfu: 47.04 | epoch: 1 pq: 42 rg: 48 | total time: 15.02m | eta: 3.3m
step 03844/04692 (81.93%) | loss: 2.692808 | lrm: 0.36 | dt: 291.37ms | tok/sec: 1,799,411 | bf16_mfu: 37.77 | epoch: 1 pq: 42 rg: 48 | total time: 15.02m | eta: 3.3m
step 03845/04692 (81.95%) | loss: 2.688974 | lrm: 0.36 | dt: 227.79ms | tok/sec: 2,301,644 | bf16_mfu: 48.32 | epoch: 1 pq: 42 rg: 48 | total time: 15.02m | eta: 3.3m
step 03846/04692 (81.97%) | loss: 2.688457 | lrm: 0.36 | dt: 229.65ms | tok/sec: 2,283,029 | bf16_mfu: 47.93 | epoch: 1 pq: 42 rg: 56 | total time: 15.03m | eta: 3.3m
step 03847/04692 (81.99%) | loss: 2.685080 | lrm: 0.36 | dt: 228.49ms | tok/sec: 2,294,552 | bf16_mfu: 48.17 | epoch: 1 pq: 42 rg: 56 | total time: 15.03m | eta: 3.3m
step 03848/04692 (82.01%) | loss: 2.677916 | lrm: 0.36 | dt: 241.73ms | tok/sec: 2,168,922 | bf16_mfu: 45.53 | epoch: 1 pq: 42 rg: 56 | total time: 15.04m | eta: 3.3m
step 03849/04692 (82.03%) | loss: 2.675727 | lrm: 0.36 | dt: 238.60ms | tok/sec: 2,197,313 | bf16_mfu: 46.13 | epoch: 1 pq: 42 rg: 56 | total time: 15.04m | eta: 3.3m
step 03850/04692 (82.05%) | loss: 2.661137 | lrm: 0.36 | dt: 229.83ms | tok/sec: 2,281,222 | bf16_mfu: 47.89 | epoch: 1 pq: 42 rg: 56 | total time: 15.04m | eta: 3.3m
step 03851/04692 (82.08%) | loss: 2.665566 | lrm: 0.36 | dt: 230.55ms | tok/sec: 2,274,046 | bf16_mfu: 47.74 | epoch: 1 pq: 42 rg: 56 | total time: 15.05m | eta: 3.3m
step 03852/04692 (82.10%) | loss: 2.661635 | lrm: 0.36 | dt: 234.51ms | tok/sec: 2,235,627 | bf16_mfu: 46.93 | epoch: 1 pq: 42 rg: 56 | total time: 15.05m | eta: 3.3m
step 03853/04692 (82.12%) | loss: 2.662988 | lrm: 0.36 | dt: 241.75ms | tok/sec: 2,168,721 | bf16_mfu: 45.53 | epoch: 1 pq: 42 rg: 56 | total time: 15.06m | eta: 3.3m
step 03854/04692 (82.14%) | loss: 2.664695 | lrm: 0.36 | dt: 232.88ms | tok/sec: 2,251,286 | bf16_mfu: 47.26 | epoch: 1 pq: 42 rg: 64 | total time: 15.06m | eta: 3.3m
step 03855/04692 (82.16%) | loss: 2.654266 | lrm: 0.36 | dt: 229.94ms | tok/sec: 2,280,132 | bf16_mfu: 47.87 | epoch: 1 pq: 42 rg: 64 | total time: 15.06m | eta: 3.3m
step 03856/04692 (82.18%) | loss: 2.658374 | lrm: 0.36 | dt: 233.21ms | tok/sec: 2,248,163 | bf16_mfu: 47.20 | epoch: 1 pq: 42 rg: 64 | total time: 15.07m | eta: 3.3m
step 03857/04692 (82.20%) | loss: 2.650972 | lrm: 0.36 | dt: 237.97ms | tok/sec: 2,203,180 | bf16_mfu: 46.25 | epoch: 1 pq: 42 rg: 64 | total time: 15.07m | eta: 3.3m
step 03858/04692 (82.23%) | loss: 2.651727 | lrm: 0.36 | dt: 237.66ms | tok/sec: 2,206,040 | bf16_mfu: 46.31 | epoch: 1 pq: 42 rg: 64 | total time: 15.08m | eta: 3.3m
step 03859/04692 (82.25%) | loss: 2.662291 | lrm: 0.36 | dt: 231.13ms | tok/sec: 2,268,322 | bf16_mfu: 47.62 | epoch: 1 pq: 42 rg: 64 | total time: 15.08m | eta: 3.3m
step 03860/04692 (82.27%) | loss: 2.664472 | lrm: 0.35 | dt: 232.41ms | tok/sec: 2,255,903 | bf16_mfu: 47.36 | epoch: 1 pq: 42 rg: 64 | total time: 15.08m | eta: 3.3m
step 03861/04692 (82.29%) | loss: 2.672005 | lrm: 0.35 | dt: 239.25ms | tok/sec: 2,191,421 | bf16_mfu: 46.00 | epoch: 1 pq: 42 rg: 64 | total time: 15.09m | eta: 3.3m
step 03862/04692 (82.31%) | loss: 2.664972 | lrm: 0.35 | dt: 236.66ms | tok/sec: 2,215,397 | bf16_mfu: 46.51 | epoch: 1 pq: 42 rg: 72 | total time: 15.09m | eta: 3.3m
step 03863/04692 (82.33%) | loss: 2.666348 | lrm: 0.35 | dt: 235.70ms | tok/sec: 2,224,365 | bf16_mfu: 46.70 | epoch: 1 pq: 42 rg: 72 | total time: 15.10m | eta: 3.2m
step 03864/04692 (82.35%) | loss: 2.676732 | lrm: 0.35 | dt: 231.74ms | tok/sec: 2,262,378 | bf16_mfu: 47.49 | epoch: 1 pq: 42 rg: 72 | total time: 15.10m | eta: 3.2m
step 03865/04692 (82.37%) | loss: 2.682826 | lrm: 0.35 | dt: 234.91ms | tok/sec: 2,231,828 | bf16_mfu: 46.85 | epoch: 1 pq: 42 rg: 72 | total time: 15.10m | eta: 3.2m
step 03866/04692 (82.40%) | loss: 2.685151 | lrm: 0.35 | dt: 236.18ms | tok/sec: 2,219,847 | bf16_mfu: 46.60 | epoch: 1 pq: 42 rg: 72 | total time: 15.11m | eta: 3.2m
step 03867/04692 (82.42%) | loss: 2.671112 | lrm: 0.35 | dt: 235.21ms | tok/sec: 2,229,039 | bf16_mfu: 46.79 | epoch: 1 pq: 42 rg: 72 | total time: 15.11m | eta: 3.2m
step 03868/04692 (82.44%) | loss: 2.662970 | lrm: 0.35 | dt: 232.54ms | tok/sec: 2,254,571 | bf16_mfu: 47.33 | epoch: 1 pq: 42 rg: 72 | total time: 15.11m | eta: 3.2m
step 03869/04692 (82.46%) | loss: 2.666841 | lrm: 0.35 | dt: 234.14ms | tok/sec: 2,239,201 | bf16_mfu: 47.01 | epoch: 1 pq: 42 rg: 72 | total time: 15.12m | eta: 3.2m
step 03870/04692 (82.48%) | loss: 2.659578 | lrm: 0.35 | dt: 234.01ms | tok/sec: 2,240,419 | bf16_mfu: 47.03 | epoch: 1 pq: 42 rg: 80 | total time: 15.12m | eta: 3.2m
step 03871/04692 (82.50%) | loss: 2.662508 | lrm: 0.35 | dt: 235.70ms | tok/sec: 2,224,360 | bf16_mfu: 46.70 | epoch: 1 pq: 42 rg: 80 | total time: 15.13m | eta: 3.2m
step 03872/04692 (82.52%) | loss: 2.666141 | lrm: 0.35 | dt: 232.08ms | tok/sec: 2,259,106 | bf16_mfu: 47.43 | epoch: 1 pq: 42 rg: 80 | total time: 15.13m | eta: 3.2m
step 03873/04692 (82.54%) | loss: 2.662126 | lrm: 0.35 | dt: 232.95ms | tok/sec: 2,250,667 | bf16_mfu: 47.25 | epoch: 1 pq: 42 rg: 80 | total time: 15.13m | eta: 3.2m
step 03874/04692 (82.57%) | loss: 2.654765 | lrm: 0.35 | dt: 235.22ms | tok/sec: 2,228,928 | bf16_mfu: 46.79 | epoch: 1 pq: 42 rg: 80 | total time: 15.14m | eta: 3.2m
step 03875/04692 (82.59%) | loss: 2.648982 | lrm: 0.35 | dt: 235.93ms | tok/sec: 2,222,261 | bf16_mfu: 46.65 | epoch: 1 pq: 42 rg: 80 | total time: 15.14m | eta: 3.2m
step 03876/04692 (82.61%) | loss: 2.654277 | lrm: 0.35 | dt: 234.70ms | tok/sec: 2,233,894 | bf16_mfu: 46.90 | epoch: 1 pq: 42 rg: 80 | total time: 15.15m | eta: 3.2m
step 03877/04692 (82.63%) | loss: 2.661236 | lrm: 0.35 | dt: 232.90ms | tok/sec: 2,251,169 | bf16_mfu: 47.26 | epoch: 1 pq: 42 rg: 80 | total time: 15.15m | eta: 3.2m
step 03878/04692 (82.65%) | loss: 2.666123 | lrm: 0.35 | dt: 233.77ms | tok/sec: 2,242,750 | bf16_mfu: 47.08 | epoch: 1 pq: 42 rg: 80 | total time: 15.15m | eta: 3.2m
step 03879/04692 (82.67%) | loss: 2.668313 | lrm: 0.35 | dt: 233.89ms | tok/sec: 2,241,625 | bf16_mfu: 47.06 | epoch: 1 pq: 43 rg: 0 | total time: 15.16m | eta: 3.2m
step 03880/04692 (82.69%) | loss: 2.669369 | lrm: 0.35 | dt: 234.53ms | tok/sec: 2,235,454 | bf16_mfu: 46.93 | epoch: 1 pq: 43 rg: 0 | total time: 15.16m | eta: 3.2m
step 03881/04692 (82.72%) | loss: 2.663623 | lrm: 0.35 | dt: 233.75ms | tok/sec: 2,242,965 | bf16_mfu: 47.09 | epoch: 1 pq: 43 rg: 0 | total time: 15.17m | eta: 3.2m
step 03882/04692 (82.74%) | loss: 2.649152 | lrm: 0.35 | dt: 232.94ms | tok/sec: 2,250,724 | bf16_mfu: 47.25 | epoch: 1 pq: 43 rg: 0 | total time: 15.17m | eta: 3.2m
step 03883/04692 (82.76%) | loss: 2.646105 | lrm: 0.34 | dt: 229.14ms | tok/sec: 2,288,115 | bf16_mfu: 48.03 | epoch: 1 pq: 43 rg: 0 | total time: 15.17m | eta: 3.2m
step 03884/04692 (82.78%) | loss: 2.653051 | lrm: 0.34 | dt: 228.88ms | tok/sec: 2,290,685 | bf16_mfu: 48.09 | epoch: 1 pq: 43 rg: 0 | total time: 15.18m | eta: 3.2m
step 03885/04692 (82.80%) | loss: 2.639104 | lrm: 0.34 | dt: 229.93ms | tok/sec: 2,280,195 | bf16_mfu: 47.87 | epoch: 1 pq: 43 rg: 0 | total time: 15.18m | eta: 3.2m
step 03886/04692 (82.82%) | loss: 2.639594 | lrm: 0.34 | dt: 238.79ms | tok/sec: 2,195,648 | bf16_mfu: 46.09 | epoch: 1 pq: 43 rg: 0 | total time: 15.18m | eta: 3.2m
step 03887/04692 (82.84%) | loss: 2.638556 | lrm: 0.34 | dt: 238.99ms | tok/sec: 2,193,736 | bf16_mfu: 46.05 | epoch: 1 pq: 43 rg: 8 | total time: 15.19m | eta: 3.2m
step 03888/04692 (82.86%) | loss: 2.645707 | lrm: 0.34 | dt: 234.66ms | tok/sec: 2,234,268 | bf16_mfu: 46.90 | epoch: 1 pq: 43 rg: 8 | total time: 15.19m | eta: 3.1m
step 03889/04692 (82.89%) | loss: 2.646790 | lrm: 0.34 | dt: 230.14ms | tok/sec: 2,278,126 | bf16_mfu: 47.82 | epoch: 1 pq: 43 rg: 8 | total time: 15.20m | eta: 3.1m
step 03890/04692 (82.91%) | loss: 2.636299 | lrm: 0.34 | dt: 234.51ms | tok/sec: 2,235,640 | bf16_mfu: 46.93 | epoch: 1 pq: 43 rg: 8 | total time: 15.20m | eta: 3.1m
step 03891/04692 (82.93%) | loss: 2.640964 | lrm: 0.34 | dt: 243.31ms | tok/sec: 2,154,781 | bf16_mfu: 45.24 | epoch: 1 pq: 43 rg: 8 | total time: 15.20m | eta: 3.1m
step 03892/04692 (82.95%) | loss: 2.642149 | lrm: 0.34 | dt: 236.60ms | tok/sec: 2,215,930 | bf16_mfu: 46.52 | epoch: 1 pq: 43 rg: 8 | total time: 15.21m | eta: 3.1m
step 03893/04692 (82.97%) | loss: 2.647659 | lrm: 0.34 | dt: 232.50ms | tok/sec: 2,254,987 | bf16_mfu: 47.34 | epoch: 1 pq: 43 rg: 8 | total time: 15.21m | eta: 3.1m
step 03894/04692 (82.99%) | loss: 2.650850 | lrm: 0.34 | dt: 231.54ms | tok/sec: 2,264,314 | bf16_mfu: 47.53 | epoch: 1 pq: 43 rg: 8 | total time: 15.22m | eta: 3.1m
step 03895/04692 (83.01%) | loss: 2.647507 | lrm: 0.34 | dt: 236.41ms | tok/sec: 2,217,711 | bf16_mfu: 46.56 | epoch: 1 pq: 43 rg: 8 | total time: 15.22m | eta: 3.1m
step 03896/04692 (83.03%) | loss: 2.646894 | lrm: 0.34 | dt: 236.49ms | tok/sec: 2,216,924 | bf16_mfu: 46.54 | epoch: 1 pq: 43 rg: 16 | total time: 15.22m | eta: 3.1m
step 03897/04692 (83.06%) | loss: 2.655123 | lrm: 0.34 | dt: 235.49ms | tok/sec: 2,226,367 | bf16_mfu: 46.74 | epoch: 1 pq: 43 rg: 16 | total time: 15.23m | eta: 3.1m
step 03898/04692 (83.08%) | loss: 2.663606 | lrm: 0.34 | dt: 230.89ms | tok/sec: 2,270,751 | bf16_mfu: 47.67 | epoch: 1 pq: 43 rg: 16 | total time: 15.23m | eta: 3.1m
step 03899/04692 (83.10%) | loss: 2.665641 | lrm: 0.34 | dt: 233.93ms | tok/sec: 2,241,207 | bf16_mfu: 47.05 | epoch: 1 pq: 43 rg: 16 | total time: 15.24m | eta: 3.1m
step 03900/04692 (83.12%) | loss: 2.664635 | lrm: 0.34 | dt: 236.93ms | tok/sec: 2,212,846 | bf16_mfu: 46.45 | epoch: 1 pq: 43 rg: 16 | total time: 15.24m | eta: 3.1m
step 03901/04692 (83.14%) | loss: 2.670857 | lrm: 0.34 | dt: 237.90ms | tok/sec: 2,203,776 | bf16_mfu: 46.26 | epoch: 1 pq: 43 rg: 16 | total time: 15.24m | eta: 3.1m
step 03902/04692 (83.16%) | loss: 2.673451 | lrm: 0.34 | dt: 233.49ms | tok/sec: 2,245,436 | bf16_mfu: 47.14 | epoch: 1 pq: 43 rg: 16 | total time: 15.25m | eta: 3.1m
step 03903/04692 (83.18%) | loss: 2.666154 | lrm: 0.34 | dt: 233.09ms | tok/sec: 2,249,304 | bf16_mfu: 47.22 | epoch: 1 pq: 43 rg: 16 | total time: 15.25m | eta: 3.1m
step 03904/04692 (83.21%) | loss: 2.668244 | lrm: 0.34 | dt: 234.92ms | tok/sec: 2,231,740 | bf16_mfu: 46.85 | epoch: 1 pq: 43 rg: 24 | total time: 15.26m | eta: 3.1m
step 03905/04692 (83.23%) | loss: 2.651864 | lrm: 0.34 | dt: 233.29ms | tok/sec: 2,247,350 | bf16_mfu: 47.18 | epoch: 1 pq: 43 rg: 24 | total time: 15.26m | eta: 3.1m
step 03906/04692 (83.25%) | loss: 2.656835 | lrm: 0.34 | dt: 234.18ms | tok/sec: 2,238,868 | bf16_mfu: 47.00 | epoch: 1 pq: 43 rg: 24 | total time: 15.26m | eta: 3.1m
step 03907/04692 (83.27%) | loss: 2.653176 | lrm: 0.33 | dt: 233.42ms | tok/sec: 2,246,067 | bf16_mfu: 47.15 | epoch: 1 pq: 43 rg: 24 | total time: 15.27m | eta: 3.1m
step 03908/04692 (83.29%) | loss: 2.658246 | lrm: 0.33 | dt: 232.82ms | tok/sec: 2,251,946 | bf16_mfu: 47.27 | epoch: 1 pq: 43 rg: 24 | total time: 15.27m | eta: 3.1m
step 03909/04692 (83.31%) | loss: 2.653894 | lrm: 0.33 | dt: 236.02ms | tok/sec: 2,221,408 | bf16_mfu: 46.63 | epoch: 1 pq: 43 rg: 24 | total time: 15.27m | eta: 3.1m
step 03910/04692 (83.33%) | loss: 2.663182 | lrm: 0.33 | dt: 235.53ms | tok/sec: 2,226,029 | bf16_mfu: 46.73 | epoch: 1 pq: 43 rg: 24 | total time: 15.28m | eta: 3.1m
step 03911/04692 (83.35%) | loss: 2.674631 | lrm: 0.33 | dt: 233.70ms | tok/sec: 2,243,393 | bf16_mfu: 47.10 | epoch: 1 pq: 43 rg: 24 | total time: 15.28m | eta: 3.1m
step 03912/04692 (83.38%) | loss: 2.667334 | lrm: 0.33 | dt: 232.52ms | tok/sec: 2,254,832 | bf16_mfu: 47.34 | epoch: 1 pq: 43 rg: 32 | total time: 15.29m | eta: 3.1m
step 03913/04692 (83.40%) | loss: 2.675010 | lrm: 0.33 | dt: 234.73ms | tok/sec: 2,233,544 | bf16_mfu: 46.89 | epoch: 1 pq: 43 rg: 32 | total time: 15.29m | eta: 3.1m
step 03914/04692 (83.42%) | loss: 2.674214 | lrm: 0.33 | dt: 234.34ms | tok/sec: 2,237,273 | bf16_mfu: 46.97 | epoch: 1 pq: 43 rg: 32 | total time: 15.29m | eta: 3.0m
step 03915/04692 (83.44%) | loss: 2.678887 | lrm: 0.33 | dt: 233.84ms | tok/sec: 2,242,082 | bf16_mfu: 47.07 | epoch: 1 pq: 43 rg: 32 | total time: 15.30m | eta: 3.0m
step 03916/04692 (83.46%) | loss: 2.689055 | lrm: 0.33 | dt: 231.63ms | tok/sec: 2,263,471 | bf16_mfu: 47.52 | epoch: 1 pq: 43 rg: 32 | total time: 15.30m | eta: 3.0m
step 03917/04692 (83.48%) | loss: 2.679967 | lrm: 0.33 | dt: 234.99ms | tok/sec: 2,231,120 | bf16_mfu: 46.84 | epoch: 1 pq: 43 rg: 32 | total time: 15.31m | eta: 3.0m
step 03918/04692 (83.50%) | loss: 2.677200 | lrm: 0.33 | dt: 233.19ms | tok/sec: 2,248,331 | bf16_mfu: 47.20 | epoch: 1 pq: 43 rg: 32 | total time: 15.31m | eta: 3.0m
step 03919/04692 (83.53%) | loss: 2.671098 | lrm: 0.33 | dt: 233.43ms | tok/sec: 2,246,035 | bf16_mfu: 47.15 | epoch: 1 pq: 43 rg: 32 | total time: 15.31m | eta: 3.0m
step 03920/04692 (83.55%) | loss: 2.670445 | lrm: 0.33 | dt: 234.37ms | tok/sec: 2,237,007 | bf16_mfu: 46.96 | epoch: 1 pq: 43 rg: 40 | total time: 15.32m | eta: 3.0m
step 03921/04692 (83.57%) | loss: 2.667481 | lrm: 0.33 | dt: 235.78ms | tok/sec: 2,223,672 | bf16_mfu: 46.68 | epoch: 1 pq: 43 rg: 40 | total time: 15.32m | eta: 3.0m
step 03922/04692 (83.59%) | loss: 2.659654 | lrm: 0.33 | dt: 233.48ms | tok/sec: 2,245,574 | bf16_mfu: 47.14 | epoch: 1 pq: 43 rg: 40 | total time: 15.33m | eta: 3.0m
step 03923/04692 (83.61%) | loss: 2.665953 | lrm: 0.33 | dt: 235.49ms | tok/sec: 2,226,396 | bf16_mfu: 46.74 | epoch: 1 pq: 43 rg: 40 | total time: 15.33m | eta: 3.0m
step 03924/04692 (83.63%) | loss: 2.670801 | lrm: 0.33 | dt: 232.58ms | tok/sec: 2,254,201 | bf16_mfu: 47.32 | epoch: 1 pq: 43 rg: 40 | total time: 15.33m | eta: 3.0m
step 03925/04692 (83.65%) | loss: 2.669660 | lrm: 0.33 | dt: 235.53ms | tok/sec: 2,225,957 | bf16_mfu: 46.73 | epoch: 1 pq: 43 rg: 40 | total time: 15.34m | eta: 3.0m
step 03926/04692 (83.67%) | loss: 2.662959 | lrm: 0.33 | dt: 236.15ms | tok/sec: 2,220,132 | bf16_mfu: 46.61 | epoch: 1 pq: 43 rg: 40 | total time: 15.34m | eta: 3.0m
step 03927/04692 (83.70%) | loss: 2.662533 | lrm: 0.33 | dt: 234.77ms | tok/sec: 2,233,200 | bf16_mfu: 46.88 | epoch: 1 pq: 43 rg: 40 | total time: 15.35m | eta: 3.0m
step 03928/04692 (83.72%) | loss: 2.662148 | lrm: 0.33 | dt: 234.24ms | tok/sec: 2,238,262 | bf16_mfu: 46.99 | epoch: 1 pq: 43 rg: 40 | total time: 15.35m | eta: 3.0m
step 03929/04692 (83.74%) | loss: 2.658141 | lrm: 0.33 | dt: 232.63ms | tok/sec: 2,253,697 | bf16_mfu: 47.31 | epoch: 1 pq: 43 rg: 48 | total time: 15.35m | eta: 3.0m
step 03930/04692 (83.76%) | loss: 2.663585 | lrm: 0.32 | dt: 233.69ms | tok/sec: 2,243,553 | bf16_mfu: 47.10 | epoch: 1 pq: 43 rg: 48 | total time: 15.36m | eta: 3.0m
step 03931/04692 (83.78%) | loss: 2.659185 | lrm: 0.32 | dt: 235.58ms | tok/sec: 2,225,565 | bf16_mfu: 46.72 | epoch: 1 pq: 43 rg: 48 | total time: 15.36m | eta: 3.0m
step 03932/04692 (83.80%) | loss: 2.668312 | lrm: 0.32 | dt: 233.68ms | tok/sec: 2,243,571 | bf16_mfu: 47.10 | epoch: 1 pq: 43 rg: 48 | total time: 15.36m | eta: 3.0m
step 03933/04692 (83.82%) | loss: 2.672250 | lrm: 0.32 | dt: 232.75ms | tok/sec: 2,252,575 | bf16_mfu: 47.29 | epoch: 1 pq: 43 rg: 48 | total time: 15.37m | eta: 3.0m
step 03934/04692 (83.84%) | loss: 2.659172 | lrm: 0.32 | dt: 234.38ms | tok/sec: 2,236,946 | bf16_mfu: 46.96 | epoch: 1 pq: 43 rg: 48 | total time: 15.37m | eta: 3.0m
step 03935/04692 (83.87%) | loss: 2.665343 | lrm: 0.32 | dt: 234.81ms | tok/sec: 2,232,835 | bf16_mfu: 46.87 | epoch: 1 pq: 43 rg: 48 | total time: 15.38m | eta: 3.0m
step 03936/04692 (83.89%) | loss: 2.669509 | lrm: 0.32 | dt: 234.48ms | tok/sec: 2,235,990 | bf16_mfu: 46.94 | epoch: 1 pq: 43 rg: 48 | total time: 15.38m | eta: 3.0m
step 03937/04692 (83.91%) | loss: 2.677444 | lrm: 0.32 | dt: 233.23ms | tok/sec: 2,247,933 | bf16_mfu: 47.19 | epoch: 1 pq: 43 rg: 56 | total time: 15.38m | eta: 3.0m
step 03938/04692 (83.93%) | loss: 2.686592 | lrm: 0.32 | dt: 235.60ms | tok/sec: 2,225,313 | bf16_mfu: 46.72 | epoch: 1 pq: 43 rg: 56 | total time: 15.39m | eta: 3.0m
step 03939/04692 (83.95%) | loss: 2.692074 | lrm: 0.32 | dt: 235.65ms | tok/sec: 2,224,901 | bf16_mfu: 46.71 | epoch: 1 pq: 43 rg: 56 | total time: 15.39m | eta: 2.9m
step 03940/04692 (83.97%) | loss: 2.683990 | lrm: 0.32 | dt: 235.32ms | tok/sec: 2,227,971 | bf16_mfu: 46.77 | epoch: 1 pq: 43 rg: 56 | total time: 15.40m | eta: 2.9m
step 03941/04692 (83.99%) | loss: 2.674002 | lrm: 0.32 | dt: 233.87ms | tok/sec: 2,241,785 | bf16_mfu: 47.06 | epoch: 1 pq: 43 rg: 56 | total time: 15.40m | eta: 2.9m
step 03942/04692 (84.02%) | loss: 2.670706 | lrm: 0.32 | dt: 231.82ms | tok/sec: 2,261,587 | bf16_mfu: 47.48 | epoch: 1 pq: 43 rg: 56 | total time: 15.40m | eta: 2.9m
step 03943/04692 (84.04%) | loss: 2.672840 | lrm: 0.32 | dt: 234.20ms | tok/sec: 2,238,619 | bf16_mfu: 47.00 | epoch: 1 pq: 43 rg: 56 | total time: 15.41m | eta: 2.9m
step 03944/04692 (84.06%) | loss: 2.654261 | lrm: 0.32 | dt: 234.29ms | tok/sec: 2,237,758 | bf16_mfu: 46.98 | epoch: 1 pq: 43 rg: 56 | total time: 15.41m | eta: 2.9m
step 03945/04692 (84.08%) | loss: 2.649221 | lrm: 0.32 | dt: 234.31ms | tok/sec: 2,237,542 | bf16_mfu: 46.97 | epoch: 1 pq: 43 rg: 64 | total time: 15.42m | eta: 2.9m
step 03946/04692 (84.10%) | loss: 2.649880 | lrm: 0.32 | dt: 233.17ms | tok/sec: 2,248,538 | bf16_mfu: 47.20 | epoch: 1 pq: 43 rg: 64 | total time: 15.42m | eta: 2.9m
step 03947/04692 (84.12%) | loss: 2.654573 | lrm: 0.32 | dt: 235.39ms | tok/sec: 2,227,357 | bf16_mfu: 46.76 | epoch: 1 pq: 43 rg: 64 | total time: 15.42m | eta: 2.9m
step 03948/04692 (84.14%) | loss: 2.664591 | lrm: 0.32 | dt: 233.70ms | tok/sec: 2,243,461 | bf16_mfu: 47.10 | epoch: 1 pq: 43 rg: 64 | total time: 15.43m | eta: 2.9m
step 03949/04692 (84.16%) | loss: 2.663956 | lrm: 0.32 | dt: 235.33ms | tok/sec: 2,227,844 | bf16_mfu: 46.77 | epoch: 1 pq: 43 rg: 64 | total time: 15.43m | eta: 2.9m
step 03950/04692 (84.19%) | loss: 2.664943 | lrm: 0.32 | dt: 232.84ms | tok/sec: 2,251,752 | bf16_mfu: 47.27 | epoch: 1 pq: 43 rg: 64 | total time: 15.43m | eta: 2.9m
step 03951/04692 (84.21%) | loss: 2.646207 | lrm: 0.32 | dt: 235.74ms | tok/sec: 2,223,978 | bf16_mfu: 46.69 | epoch: 1 pq: 43 rg: 64 | total time: 15.44m | eta: 2.9m
step 03952/04692 (84.23%) | loss: 2.647555 | lrm: 0.32 | dt: 235.38ms | tok/sec: 2,227,384 | bf16_mfu: 46.76 | epoch: 1 pq: 43 rg: 64 | total time: 15.44m | eta: 2.9m
step 03953/04692 (84.25%) | loss: 2.655126 | lrm: 0.32 | dt: 234.02ms | tok/sec: 2,240,346 | bf16_mfu: 47.03 | epoch: 1 pq: 43 rg: 72 | total time: 15.45m | eta: 2.9m
step 03954/04692 (84.27%) | loss: 2.670438 | lrm: 0.31 | dt: 233.53ms | tok/sec: 2,245,028 | bf16_mfu: 47.13 | epoch: 1 pq: 43 rg: 72 | total time: 15.45m | eta: 2.9m
step 03955/04692 (84.29%) | loss: 2.673771 | lrm: 0.31 | dt: 233.54ms | tok/sec: 2,245,003 | bf16_mfu: 47.13 | epoch: 1 pq: 43 rg: 72 | total time: 15.45m | eta: 2.9m
step 03956/04692 (84.31%) | loss: 2.678894 | lrm: 0.31 | dt: 234.38ms | tok/sec: 2,236,868 | bf16_mfu: 46.96 | epoch: 1 pq: 43 rg: 72 | total time: 15.46m | eta: 2.9m
step 03957/04692 (84.34%) | loss: 2.680785 | lrm: 0.31 | dt: 234.09ms | tok/sec: 2,239,732 | bf16_mfu: 47.02 | epoch: 1 pq: 43 rg: 72 | total time: 15.46m | eta: 2.9m
step 03958/04692 (84.36%) | loss: 2.682058 | lrm: 0.31 | dt: 234.17ms | tok/sec: 2,238,882 | bf16_mfu: 47.00 | epoch: 1 pq: 43 rg: 72 | total time: 15.47m | eta: 2.9m
step 03959/04692 (84.38%) | loss: 2.676659 | lrm: 0.31 | dt: 233.30ms | tok/sec: 2,247,283 | bf16_mfu: 47.18 | epoch: 1 pq: 43 rg: 72 | total time: 15.47m | eta: 2.9m
step 03960/04692 (84.40%) | loss: 2.678536 | lrm: 0.31 | dt: 236.05ms | tok/sec: 2,221,074 | bf16_mfu: 46.63 | epoch: 1 pq: 43 rg: 72 | total time: 15.47m | eta: 2.9m
step 03961/04692 (84.42%) | loss: 2.674289 | lrm: 0.31 | dt: 234.17ms | tok/sec: 2,238,932 | bf16_mfu: 47.00 | epoch: 1 pq: 43 rg: 72 | total time: 15.48m | eta: 2.9m
step 03962/04692 (84.44%) | loss: 2.678002 | lrm: 0.31 | dt: 234.61ms | tok/sec: 2,234,679 | bf16_mfu: 46.91 | epoch: 1 pq: 43 rg: 80 | total time: 15.48m | eta: 2.9m
step 03963/04692 (84.46%) | loss: 2.675604 | lrm: 0.31 | dt: 232.91ms | tok/sec: 2,251,067 | bf16_mfu: 47.26 | epoch: 1 pq: 43 rg: 80 | total time: 15.49m | eta: 2.9m
step 03964/04692 (84.48%) | loss: 2.670307 | lrm: 0.31 | dt: 234.32ms | tok/sec: 2,237,517 | bf16_mfu: 46.97 | epoch: 1 pq: 43 rg: 80 | total time: 15.49m | eta: 2.9m
step 03965/04692 (84.51%) | loss: 2.668632 | lrm: 0.31 | dt: 234.69ms | tok/sec: 2,233,991 | bf16_mfu: 46.90 | epoch: 1 pq: 43 rg: 80 | total time: 15.49m | eta: 2.8m
step 03966/04692 (84.53%) | loss: 2.668675 | lrm: 0.31 | dt: 234.36ms | tok/sec: 2,237,094 | bf16_mfu: 46.96 | epoch: 1 pq: 43 rg: 80 | total time: 15.50m | eta: 2.8m
step 03967/04692 (84.55%) | loss: 2.668197 | lrm: 0.31 | dt: 233.19ms | tok/sec: 2,248,301 | bf16_mfu: 47.20 | epoch: 1 pq: 43 rg: 80 | total time: 15.50m | eta: 2.8m
step 03968/04692 (84.57%) | loss: 2.681230 | lrm: 0.31 | dt: 234.54ms | tok/sec: 2,235,397 | bf16_mfu: 46.93 | epoch: 1 pq: 43 rg: 80 | total time: 15.51m | eta: 2.8m
step 03969/04692 (84.59%) | loss: 2.694633 | lrm: 0.31 | dt: 234.92ms | tok/sec: 2,231,754 | bf16_mfu: 46.85 | epoch: 1 pq: 43 rg: 80 | total time: 15.51m | eta: 2.8m
step 03970/04692 (84.61%) | loss: 2.695740 | lrm: 0.31 | dt: 234.48ms | tok/sec: 2,235,922 | bf16_mfu: 46.94 | epoch: 1 pq: 44 rg: 0 | total time: 15.51m | eta: 2.8m
step 03971/04692 (84.63%) | loss: 2.691375 | lrm: 0.31 | dt: 233.14ms | tok/sec: 2,248,800 | bf16_mfu: 47.21 | epoch: 1 pq: 44 rg: 0 | total time: 15.52m | eta: 2.8m
step 03972/04692 (84.65%) | loss: 2.704554 | lrm: 0.31 | dt: 230.09ms | tok/sec: 2,278,572 | bf16_mfu: 47.83 | epoch: 1 pq: 44 rg: 0 | total time: 15.52m | eta: 2.8m
step 03973/04692 (84.68%) | loss: 2.701887 | lrm: 0.31 | dt: 234.81ms | tok/sec: 2,232,780 | bf16_mfu: 46.87 | epoch: 1 pq: 44 rg: 0 | total time: 15.52m | eta: 2.8m
step 03974/04692 (84.70%) | loss: 2.688086 | lrm: 0.31 | dt: 234.52ms | tok/sec: 2,235,602 | bf16_mfu: 46.93 | epoch: 1 pq: 44 rg: 0 | total time: 15.53m | eta: 2.8m
step 03975/04692 (84.72%) | loss: 2.680075 | lrm: 0.31 | dt: 234.98ms | tok/sec: 2,231,188 | bf16_mfu: 46.84 | epoch: 1 pq: 44 rg: 0 | total time: 15.53m | eta: 2.8m
step 03976/04692 (84.74%) | loss: 2.677776 | lrm: 0.31 | dt: 232.44ms | tok/sec: 2,255,572 | bf16_mfu: 47.35 | epoch: 1 pq: 44 rg: 0 | total time: 15.54m | eta: 2.8m
step 03977/04692 (84.76%) | loss: 2.684251 | lrm: 0.30 | dt: 234.96ms | tok/sec: 2,231,437 | bf16_mfu: 46.84 | epoch: 1 pq: 44 rg: 0 | total time: 15.54m | eta: 2.8m
step 03978/04692 (84.78%) | loss: 2.680193 | lrm: 0.30 | dt: 234.40ms | tok/sec: 2,236,711 | bf16_mfu: 46.96 | epoch: 1 pq: 44 rg: 0 | total time: 15.54m | eta: 2.8m
step 03979/04692 (84.80%) | loss: 2.678975 | lrm: 0.30 | dt: 234.43ms | tok/sec: 2,236,400 | bf16_mfu: 46.95 | epoch: 1 pq: 44 rg: 8 | total time: 15.55m | eta: 2.8m
step 03980/04692 (84.83%) | loss: 2.676185 | lrm: 0.30 | dt: 234.12ms | tok/sec: 2,239,399 | bf16_mfu: 47.01 | epoch: 1 pq: 44 rg: 8 | total time: 15.55m | eta: 2.8m
step 03981/04692 (84.85%) | loss: 2.677775 | lrm: 0.30 | dt: 235.01ms | tok/sec: 2,230,948 | bf16_mfu: 46.83 | epoch: 1 pq: 44 rg: 8 | total time: 15.56m | eta: 2.8m
step 03982/04692 (84.87%) | loss: 2.665616 | lrm: 0.30 | dt: 234.81ms | tok/sec: 2,232,782 | bf16_mfu: 46.87 | epoch: 1 pq: 44 rg: 8 | total time: 15.56m | eta: 2.8m
step 03983/04692 (84.89%) | loss: 2.658478 | lrm: 0.30 | dt: 233.98ms | tok/sec: 2,240,759 | bf16_mfu: 47.04 | epoch: 1 pq: 44 rg: 8 | total time: 15.56m | eta: 2.8m
step 03984/04692 (84.91%) | loss: 2.661803 | lrm: 0.30 | dt: 235.70ms | tok/sec: 2,224,394 | bf16_mfu: 46.70 | epoch: 1 pq: 44 rg: 8 | total time: 15.57m | eta: 2.8m
step 03985/04692 (84.93%) | loss: 2.665557 | lrm: 0.30 | dt: 232.87ms | tok/sec: 2,251,459 | bf16_mfu: 47.26 | epoch: 1 pq: 44 rg: 8 | total time: 15.57m | eta: 2.8m
step 03986/04692 (84.95%) | loss: 2.676990 | lrm: 0.30 | dt: 235.68ms | tok/sec: 2,224,610 | bf16_mfu: 46.70 | epoch: 1 pq: 44 rg: 8 | total time: 15.58m | eta: 2.8m
step 03987/04692 (84.97%) | loss: 2.668335 | lrm: 0.30 | dt: 236.18ms | tok/sec: 2,219,838 | bf16_mfu: 46.60 | epoch: 1 pq: 44 rg: 16 | total time: 15.58m | eta: 2.8m
step 03988/04692 (85.00%) | loss: 2.663809 | lrm: 0.30 | dt: 234.79ms | tok/sec: 2,233,023 | bf16_mfu: 46.88 | epoch: 1 pq: 44 rg: 16 | total time: 15.58m | eta: 2.8m
step 03989/04692 (85.02%) | loss: 2.666175 | lrm: 0.30 | dt: 234.25ms | tok/sec: 2,238,139 | bf16_mfu: 46.98 | epoch: 1 pq: 44 rg: 16 | total time: 15.59m | eta: 2.8m
step 03990/04692 (85.04%) | loss: 2.658375 | lrm: 0.30 | dt: 232.38ms | tok/sec: 2,256,165 | bf16_mfu: 47.36 | epoch: 1 pq: 44 rg: 16 | total time: 15.59m | eta: 2.7m
step 03991/04692 (85.06%) | loss: 2.662524 | lrm: 0.30 | dt: 235.17ms | tok/sec: 2,229,382 | bf16_mfu: 46.80 | epoch: 1 pq: 44 rg: 16 | total time: 15.59m | eta: 2.7m
step 03992/04692 (85.08%) | loss: 2.651703 | lrm: 0.30 | dt: 233.49ms | tok/sec: 2,245,427 | bf16_mfu: 47.14 | epoch: 1 pq: 44 rg: 16 | total time: 15.60m | eta: 2.7m
step 03993/04692 (85.10%) | loss: 2.640511 | lrm: 0.30 | dt: 234.94ms | tok/sec: 2,231,586 | bf16_mfu: 46.85 | epoch: 1 pq: 44 rg: 16 | total time: 15.60m | eta: 2.7m
step 03994/04692 (85.12%) | loss: 2.642141 | lrm: 0.30 | dt: 233.11ms | tok/sec: 2,249,120 | bf16_mfu: 47.22 | epoch: 1 pq: 44 rg: 16 | total time: 15.61m | eta: 2.7m
step 03995/04692 (85.14%) | loss: 2.641005 | lrm: 0.30 | dt: 235.76ms | tok/sec: 2,223,836 | bf16_mfu: 46.68 | epoch: 1 pq: 44 rg: 16 | total time: 15.61m | eta: 2.7m
step 03996/04692 (85.17%) | loss: 2.648395 | lrm: 0.30 | dt: 235.42ms | tok/sec: 2,227,061 | bf16_mfu: 46.75 | epoch: 1 pq: 44 rg: 24 | total time: 15.61m | eta: 2.7m
step 03997/04692 (85.19%) | loss: 2.650389 | lrm: 0.30 | dt: 232.45ms | tok/sec: 2,255,454 | bf16_mfu: 47.35 | epoch: 1 pq: 44 rg: 24 | total time: 15.62m | eta: 2.7m
step 03998/04692 (85.21%) | loss: 2.655880 | lrm: 0.30 | dt: 233.44ms | tok/sec: 2,245,897 | bf16_mfu: 47.15 | epoch: 1 pq: 44 rg: 24 | total time: 15.62m | eta: 2.7m
step 03999/04692 (85.23%) | loss: 2.682195 | lrm: 0.30 | dt: 233.56ms | tok/sec: 2,244,757 | bf16_mfu: 47.12 | epoch: 1 pq: 44 rg: 24 | total time: 15.63m | eta: 2.7m
Step 04000 | Validation bpb: 0.807616
Evaluating: hellaswag_zeroshot (0-shot, type: multiple_choice)... accuracy: 0.4180 | centered: 0.2240 | time: 1.07s
Evaluating: jeopardy (10-shot, type: language_modeling)... accuracy: 0.0400 | centered: 0.0400 | time: 0.99s
Evaluating: bigbench_qa_wikidata (10-shot, type: language_modeling)... accuracy: 0.3200 | centered: 0.3200 | time: 1.00s
Evaluating: arc_easy (10-shot, type: multiple_choice)... accuracy: 0.6320 | centered: 0.5093 | time: 1.11s
Evaluating: arc_challenge (10-shot, type: multiple_choice)... accuracy: 0.3640 | centered: 0.1520 | time: 1.10s
Evaluating: copa (0-shot, type: multiple_choice)... accuracy: 0.5400 | centered: 0.0800 | time: 0.19s
Evaluating: commonsense_qa (10-shot, type: multiple_choice)... accuracy: 0.3120 | centered: 0.1400 | time: 1.12s
Evaluating: piqa (10-shot, type: multiple_choice)... accuracy: 0.7200 | centered: 0.4400 | time: 1.01s
Evaluating: openbook_qa (0-shot, type: multiple_choice)... accuracy: 0.3500 | centered: 0.1333 | time: 0.97s
Evaluating: lambada_openai (0-shot, type: language_modeling)... accuracy: 0.3520 | centered: 0.3520 | time: 0.96s
Evaluating: hellaswag (10-shot, type: multiple_choice)... accuracy: 0.4140 | centered: 0.2187 | time: 1.33s
Evaluating: winograd (0-shot, type: schema)... accuracy: 0.6081 | centered: 0.2161 | time: 0.51s
Evaluating: winogrande (0-shot, type: schema)... accuracy: 0.5180 | centered: 0.0360 | time: 0.93s
Evaluating: bigbench_dyck_languages (10-shot, type: language_modeling)... accuracy: 0.1120 | centered: 0.1120 | time: 1.00s
Evaluating: agi_eval_lsat_ar (3-shot, type: multiple_choice)... accuracy: 0.2783 | centered: 0.0978 | time: 0.58s
Evaluating: bigbench_cs_algorithms (10-shot, type: language_modeling)... accuracy: 0.3760 | centered: 0.3760 | time: 1.00s
Evaluating: bigbench_operators (10-shot, type: language_modeling)... accuracy: 0.1667 | centered: 0.1667 | time: 0.43s
Evaluating: bigbench_repeat_copy_logic (10-shot, type: language_modeling)... accuracy: 0.0000 | centered: 0.0000 | time: 0.07s
Evaluating: squad (10-shot, type: language_modeling)... accuracy: 0.2740 | centered: 0.2740 | time: 1.28s
Evaluating: coqa (0-shot, type: language_modeling)... accuracy: 0.2240 | centered: 0.2240 | time: 1.13s
Evaluating: boolq (10-shot, type: multiple_choice)... accuracy: 0.4460 | centered: -0.4579 | time: 1.25s
Evaluating: bigbench_language_identification (10-shot, type: multiple_choice)... accuracy: 0.2620 | centered: 0.1881 | time: 1.75s
Step 04000 | CORE metric: 0.1746
<|bos|>The capital of France is Paris. It is the capital of the world. It is the capital of the
<|bos|>The chemical symbol of gold is Au. It is a soft, yellow, and malleable metal. Gold is
<|bos|>If yesterday was Friday, then tomorrow will be Friday. If today was Saturday, then tomorrow will be Saturday. If today was
<|bos|>The opposite of hot is cold. The opposite of cold is hot. The opposite of hot is cold.
2026-03-06 21:25:26,004 - nanochat.checkpoint_manager - [32m[1mINFO[0m - Saved optimizer state to: /data/.cache/nanochat/base_checkpoints/part3/d16_baseline/optim_004000_rank1.pt
2026-03-06 21:25:26,005 - nanochat.checkpoint_manager - [32m[1mINFO[0m - Saved optimizer state to: /data/.cache/nanochat/base_checkpoints/part3/d16_baseline/optim_004000_rank2.pt
2026-03-06 21:25:26,005 - nanochat.checkpoint_manager - [32m[1mINFO[0m - Saved optimizer state to: /data/.cache/nanochat/base_checkpoints/part3/d16_baseline/optim_004000_rank5.pt
2026-03-06 21:25:26,006 - nanochat.checkpoint_manager - [32m[1mINFO[0m - Saved optimizer state to: /data/.cache/nanochat/base_checkpoints/part3/d16_baseline/optim_004000_rank6.pt
2026-03-06 21:25:26,008 - nanochat.checkpoint_manager - [32m[1mINFO[0m - Saved optimizer state to: /data/.cache/nanochat/base_checkpoints/part3/d16_baseline/optim_004000_rank7.pt
2026-03-06 21:25:26,013 - nanochat.checkpoint_manager - [32m[1mINFO[0m - Saved optimizer state to: /data/.cache/nanochat/base_checkpoints/part3/d16_baseline/optim_004000_rank3.pt
2026-03-06 21:25:26,015 - nanochat.checkpoint_manager - [32m[1mINFO[0m - Saved optimizer state to: /data/.cache/nanochat/base_checkpoints/part3/d16_baseline/optim_004000_rank4.pt
<|bos|>The planets of the solar system are: Mercury, Venus, Earth, Mars, Jupiter, Saturn, Uranus, Ne
<|bos|>My favorite color is red. I love the color red. I love the color red. I love
<|bos|>If 5*x + 3 = 13, then x is 5*x + 3 = 13. If 5*x
2026-03-06 21:25:30,213 - nanochat.checkpoint_manager - [32m[1mINFO[0m - Saved model parameters to: /data/.cache/nanochat/base_checkpoints/part3/d16_baseline/model_004000.pt
2026-03-06 21:25:30,215 - nanochat.checkpoint_manager - [32m[1mINFO[0m - Saved metadata to: /data/.cache/nanochat/base_checkpoints/part3/d16_baseline/meta_004000.json
2026-03-06 21:25:30,735 - nanochat.checkpoint_manager - [32m[1mINFO[0m - Saved optimizer state to: /data/.cache/nanochat/base_checkpoints/part3/d16_baseline/optim_004000_rank0.pt
step 04000/04692 (85.25%) | loss: 2.684695 | lrm: 0.29 | dt: 226.74ms | tok/sec: 2,312,242 | bf16_mfu: 48.54 | epoch: 1 pq: 44 rg: 24 | total time: 15.63m | eta: 2.7m
step 04001/04692 (85.27%) | loss: 2.672786 | lrm: 0.29 | dt: 227.41ms | tok/sec: 2,305,490 | bf16_mfu: 48.40 | epoch: 1 pq: 44 rg: 24 | total time: 15.63m | eta: 2.7m
step 04002/04692 (85.29%) | loss: 2.686217 | lrm: 0.29 | dt: 228.34ms | tok/sec: 2,296,080 | bf16_mfu: 48.20 | epoch: 1 pq: 44 rg: 24 | total time: 15.64m | eta: 2.7m
step 04003/04692 (85.32%) | loss: 2.681815 | lrm: 0.29 | dt: 232.83ms | tok/sec: 2,251,787 | bf16_mfu: 47.27 | epoch: 1 pq: 44 rg: 24 | total time: 15.64m | eta: 2.7m
step 04004/04692 (85.34%) | loss: 2.685741 | lrm: 0.29 | dt: 239.72ms | tok/sec: 2,187,073 | bf16_mfu: 45.91 | epoch: 1 pq: 44 rg: 32 | total time: 15.65m | eta: 2.7m
step 04005/04692 (85.36%) | loss: 2.669184 | lrm: 0.29 | dt: 240.18ms | tok/sec: 2,182,911 | bf16_mfu: 45.83 | epoch: 1 pq: 44 rg: 32 | total time: 15.65m | eta: 2.7m
step 04006/04692 (85.38%) | loss: 2.669953 | lrm: 0.29 | dt: 230.21ms | tok/sec: 2,277,390 | bf16_mfu: 47.81 | epoch: 1 pq: 44 rg: 32 | total time: 15.65m | eta: 2.7m
step 04007/04692 (85.40%) | loss: 2.668146 | lrm: 0.29 | dt: 231.23ms | tok/sec: 2,267,422 | bf16_mfu: 47.60 | epoch: 1 pq: 44 rg: 32 | total time: 15.66m | eta: 2.7m
step 04008/04692 (85.42%) | loss: 2.666157 | lrm: 0.29 | dt: 238.18ms | tok/sec: 2,201,259 | bf16_mfu: 46.21 | epoch: 1 pq: 44 rg: 32 | total time: 15.66m | eta: 2.7m
step 04009/04692 (85.44%) | loss: 2.668843 | lrm: 0.29 | dt: 238.94ms | tok/sec: 2,194,202 | bf16_mfu: 46.06 | epoch: 1 pq: 44 rg: 32 | total time: 15.67m | eta: 2.7m
step 04010/04692 (85.46%) | loss: 2.662558 | lrm: 0.29 | dt: 230.84ms | tok/sec: 2,271,197 | bf16_mfu: 47.68 | epoch: 1 pq: 44 rg: 32 | total time: 15.67m | eta: 2.7m
step 04011/04692 (85.49%) | loss: 2.655189 | lrm: 0.29 | dt: 378.05ms | tok/sec: 1,386,836 | bf16_mfu: 29.11 | epoch: 1 pq: 44 rg: 32 | total time: 15.68m | eta: 2.7m
step 04012/04692 (85.51%) | loss: 2.644740 | lrm: 0.29 | dt: 228.00ms | tok/sec: 2,299,547 | bf16_mfu: 48.27 | epoch: 1 pq: 44 rg: 40 | total time: 15.68m | eta: 2.7m
step 04013/04692 (85.53%) | loss: 2.647280 | lrm: 0.29 | dt: 228.88ms | tok/sec: 2,290,673 | bf16_mfu: 48.09 | epoch: 1 pq: 44 rg: 40 | total time: 15.68m | eta: 2.7m
step 04014/04692 (85.55%) | loss: 2.647240 | lrm: 0.29 | dt: 229.84ms | tok/sec: 2,281,134 | bf16_mfu: 47.89 | epoch: 1 pq: 44 rg: 40 | total time: 15.69m | eta: 2.7m
step 04015/04692 (85.57%) | loss: 2.640964 | lrm: 0.29 | dt: 240.07ms | tok/sec: 2,183,925 | bf16_mfu: 45.85 | epoch: 1 pq: 44 rg: 40 | total time: 15.69m | eta: 2.7m
step 04016/04692 (85.59%) | loss: 2.652582 | lrm: 0.29 | dt: 241.16ms | tok/sec: 2,173,983 | bf16_mfu: 45.64 | epoch: 1 pq: 44 rg: 40 | total time: 15.69m | eta: 2.6m
step 04017/04692 (85.61%) | loss: 2.645404 | lrm: 0.29 | dt: 229.76ms | tok/sec: 2,281,849 | bf16_mfu: 47.90 | epoch: 1 pq: 44 rg: 40 | total time: 15.70m | eta: 2.6m
step 04018/04692 (85.64%) | loss: 2.639956 | lrm: 0.29 | dt: 230.82ms | tok/sec: 2,271,387 | bf16_mfu: 47.68 | epoch: 1 pq: 44 rg: 40 | total time: 15.70m | eta: 2.6m
step 04019/04692 (85.66%) | loss: 2.645711 | lrm: 0.29 | dt: 232.23ms | tok/sec: 2,257,636 | bf16_mfu: 47.39 | epoch: 1 pq: 44 rg: 40 | total time: 15.71m | eta: 2.6m
step 04020/04692 (85.68%) | loss: 2.632289 | lrm: 0.29 | dt: 238.30ms | tok/sec: 2,200,088 | bf16_mfu: 46.19 | epoch: 1 pq: 44 rg: 48 | total time: 15.71m | eta: 2.6m
step 04021/04692 (85.70%) | loss: 2.634043 | lrm: 0.29 | dt: 232.46ms | tok/sec: 2,255,355 | bf16_mfu: 47.35 | epoch: 1 pq: 44 rg: 48 | total time: 15.71m | eta: 2.6m
step 04022/04692 (85.72%) | loss: 2.625871 | lrm: 0.29 | dt: 231.77ms | tok/sec: 2,262,085 | bf16_mfu: 47.49 | epoch: 1 pq: 44 rg: 48 | total time: 15.72m | eta: 2.6m
step 04023/04692 (85.74%) | loss: 2.632196 | lrm: 0.29 | dt: 231.31ms | tok/sec: 2,266,623 | bf16_mfu: 47.58 | epoch: 1 pq: 44 rg: 48 | total time: 15.72m | eta: 2.6m
step 04024/04692 (85.76%) | loss: 2.621089 | lrm: 0.28 | dt: 239.74ms | tok/sec: 2,186,894 | bf16_mfu: 45.91 | epoch: 1 pq: 44 rg: 48 | total time: 15.73m | eta: 2.6m
step 04025/04692 (85.78%) | loss: 2.622086 | lrm: 0.28 | dt: 234.14ms | tok/sec: 2,239,162 | bf16_mfu: 47.01 | epoch: 1 pq: 44 rg: 48 | total time: 15.73m | eta: 2.6m
step 04026/04692 (85.81%) | loss: 2.622347 | lrm: 0.28 | dt: 233.04ms | tok/sec: 2,249,785 | bf16_mfu: 47.23 | epoch: 1 pq: 44 rg: 48 | total time: 15.73m | eta: 2.6m
step 04027/04692 (85.83%) | loss: 2.616634 | lrm: 0.28 | dt: 231.88ms | tok/sec: 2,261,057 | bf16_mfu: 47.47 | epoch: 1 pq: 44 rg: 48 | total time: 15.74m | eta: 2.6m
step 04028/04692 (85.85%) | loss: 2.623622 | lrm: 0.28 | dt: 234.74ms | tok/sec: 2,233,451 | bf16_mfu: 46.89 | epoch: 1 pq: 44 rg: 56 | total time: 15.74m | eta: 2.6m
step 04029/04692 (85.87%) | loss: 2.625784 | lrm: 0.28 | dt: 237.58ms | tok/sec: 2,206,800 | bf16_mfu: 46.33 | epoch: 1 pq: 44 rg: 56 | total time: 15.75m | eta: 2.6m
step 04030/04692 (85.89%) | loss: 2.627226 | lrm: 0.28 | dt: 235.36ms | tok/sec: 2,227,583 | bf16_mfu: 46.76 | epoch: 1 pq: 44 rg: 56 | total time: 15.75m | eta: 2.6m
step 04031/04692 (85.91%) | loss: 2.630127 | lrm: 0.28 | dt: 231.70ms | tok/sec: 2,262,749 | bf16_mfu: 47.50 | epoch: 1 pq: 44 rg: 56 | total time: 15.75m | eta: 2.6m
step 04032/04692 (85.93%) | loss: 2.630684 | lrm: 0.28 | dt: 232.90ms | tok/sec: 2,251,120 | bf16_mfu: 47.26 | epoch: 1 pq: 44 rg: 56 | total time: 15.76m | eta: 2.6m
step 04033/04692 (85.95%) | loss: 2.638873 | lrm: 0.28 | dt: 237.52ms | tok/sec: 2,207,327 | bf16_mfu: 46.34 | epoch: 1 pq: 44 rg: 56 | total time: 15.76m | eta: 2.6m
step 04034/04692 (85.98%) | loss: 2.637174 | lrm: 0.28 | dt: 237.16ms | tok/sec: 2,210,717 | bf16_mfu: 46.41 | epoch: 1 pq: 44 rg: 56 | total time: 15.76m | eta: 2.6m
step 04035/04692 (86.00%) | loss: 2.642799 | lrm: 0.28 | dt: 235.98ms | tok/sec: 2,221,771 | bf16_mfu: 46.64 | epoch: 1 pq: 44 rg: 56 | total time: 15.77m | eta: 2.6m
step 04036/04692 (86.02%) | loss: 2.640293 | lrm: 0.28 | dt: 234.68ms | tok/sec: 2,234,053 | bf16_mfu: 46.90 | epoch: 1 pq: 44 rg: 56 | total time: 15.77m | eta: 2.6m
step 04037/04692 (86.04%) | loss: 2.648019 | lrm: 0.28 | dt: 235.81ms | tok/sec: 2,223,337 | bf16_mfu: 46.67 | epoch: 1 pq: 44 rg: 64 | total time: 15.78m | eta: 2.6m
step 04038/04692 (86.06%) | loss: 2.639319 | lrm: 0.28 | dt: 233.45ms | tok/sec: 2,245,823 | bf16_mfu: 47.15 | epoch: 1 pq: 44 rg: 64 | total time: 15.78m | eta: 2.6m
step 04039/04692 (86.08%) | loss: 2.632621 | lrm: 0.28 | dt: 233.96ms | tok/sec: 2,240,892 | bf16_mfu: 47.04 | epoch: 1 pq: 44 rg: 64 | total time: 15.78m | eta: 2.6m
step 04040/04692 (86.10%) | loss: 2.641476 | lrm: 0.28 | dt: 233.63ms | tok/sec: 2,244,132 | bf16_mfu: 47.11 | epoch: 1 pq: 44 rg: 64 | total time: 15.79m | eta: 2.6m
step 04041/04692 (86.13%) | loss: 2.646424 | lrm: 0.28 | dt: 234.04ms | tok/sec: 2,240,147 | bf16_mfu: 47.03 | epoch: 1 pq: 44 rg: 64 | total time: 15.79m | eta: 2.6m
step 04042/04692 (86.15%) | loss: 2.647862 | lrm: 0.28 | dt: 233.36ms | tok/sec: 2,246,691 | bf16_mfu: 47.16 | epoch: 1 pq: 44 rg: 64 | total time: 15.80m | eta: 2.5m
step 04043/04692 (86.17%) | loss: 2.650136 | lrm: 0.28 | dt: 235.13ms | tok/sec: 2,229,740 | bf16_mfu: 46.81 | epoch: 1 pq: 44 rg: 64 | total time: 15.80m | eta: 2.5m
step 04044/04692 (86.19%) | loss: 2.654018 | lrm: 0.28 | dt: 233.64ms | tok/sec: 2,244,024 | bf16_mfu: 47.11 | epoch: 1 pq: 44 rg: 64 | total time: 15.80m | eta: 2.5m
step 04045/04692 (86.21%) | loss: 2.649178 | lrm: 0.28 | dt: 233.52ms | tok/sec: 2,245,165 | bf16_mfu: 47.13 | epoch: 1 pq: 44 rg: 72 | total time: 15.81m | eta: 2.5m
step 04046/04692 (86.23%) | loss: 2.655880 | lrm: 0.28 | dt: 233.25ms | tok/sec: 2,247,727 | bf16_mfu: 47.19 | epoch: 1 pq: 44 rg: 72 | total time: 15.81m | eta: 2.5m
step 04047/04692 (86.25%) | loss: 2.671172 | lrm: 0.27 | dt: 237.02ms | tok/sec: 2,212,005 | bf16_mfu: 46.44 | epoch: 1 pq: 44 rg: 72 | total time: 15.82m | eta: 2.5m
step 04048/04692 (86.27%) | loss: 2.653424 | lrm: 0.27 | dt: 234.19ms | tok/sec: 2,238,749 | bf16_mfu: 47.00 | epoch: 1 pq: 44 rg: 72 | total time: 15.82m | eta: 2.5m
step 04049/04692 (86.30%) | loss: 2.654347 | lrm: 0.27 | dt: 234.13ms | tok/sec: 2,239,344 | bf16_mfu: 47.01 | epoch: 1 pq: 44 rg: 72 | total time: 15.82m | eta: 2.5m
step 04050/04692 (86.32%) | loss: 2.636218 | lrm: 0.27 | dt: 233.68ms | tok/sec: 2,243,599 | bf16_mfu: 47.10 | epoch: 1 pq: 44 rg: 72 | total time: 15.83m | eta: 2.5m
step 04051/04692 (86.34%) | loss: 2.641132 | lrm: 0.27 | dt: 233.16ms | tok/sec: 2,248,625 | bf16_mfu: 47.21 | epoch: 1 pq: 44 rg: 72 | total time: 15.83m | eta: 2.5m
step 04052/04692 (86.36%) | loss: 2.634278 | lrm: 0.27 | dt: 233.59ms | tok/sec: 2,244,483 | bf16_mfu: 47.12 | epoch: 1 pq: 44 rg: 72 | total time: 15.84m | eta: 2.5m
step 04053/04692 (86.38%) | loss: 2.623330 | lrm: 0.27 | dt: 233.23ms | tok/sec: 2,247,956 | bf16_mfu: 47.19 | epoch: 1 pq: 44 rg: 80 | total time: 15.84m | eta: 2.5m
step 04054/04692 (86.40%) | loss: 2.626139 | lrm: 0.27 | dt: 232.23ms | tok/sec: 2,257,578 | bf16_mfu: 47.39 | epoch: 1 pq: 44 rg: 80 | total time: 15.84m | eta: 2.5m
step 04055/04692 (86.42%) | loss: 2.625032 | lrm: 0.27 | dt: 234.44ms | tok/sec: 2,236,341 | bf16_mfu: 46.95 | epoch: 1 pq: 44 rg: 80 | total time: 15.85m | eta: 2.5m
step 04056/04692 (86.45%) | loss: 2.616905 | lrm: 0.27 | dt: 234.34ms | tok/sec: 2,237,324 | bf16_mfu: 46.97 | epoch: 1 pq: 44 rg: 80 | total time: 15.85m | eta: 2.5m
step 04057/04692 (86.47%) | loss: 2.624234 | lrm: 0.27 | dt: 233.60ms | tok/sec: 2,244,361 | bf16_mfu: 47.12 | epoch: 1 pq: 44 rg: 80 | total time: 15.85m | eta: 2.5m
step 04058/04692 (86.49%) | loss: 2.623255 | lrm: 0.27 | dt: 232.86ms | tok/sec: 2,251,528 | bf16_mfu: 47.27 | epoch: 1 pq: 44 rg: 80 | total time: 15.86m | eta: 2.5m
step 04059/04692 (86.51%) | loss: 2.639758 | lrm: 0.27 | dt: 234.76ms | tok/sec: 2,233,309 | bf16_mfu: 46.88 | epoch: 1 pq: 44 rg: 80 | total time: 15.86m | eta: 2.5m
step 04060/04692 (86.53%) | loss: 2.643704 | lrm: 0.27 | dt: 236.60ms | tok/sec: 2,215,921 | bf16_mfu: 46.52 | epoch: 1 pq: 44 rg: 80 | total time: 15.87m | eta: 2.5m
step 04061/04692 (86.55%) | loss: 2.648040 | lrm: 0.27 | dt: 233.46ms | tok/sec: 2,245,755 | bf16_mfu: 47.14 | epoch: 1 pq: 45 rg: 0 | total time: 15.87m | eta: 2.5m
step 04062/04692 (86.57%) | loss: 2.649012 | lrm: 0.27 | dt: 233.39ms | tok/sec: 2,246,425 | bf16_mfu: 47.16 | epoch: 1 pq: 45 rg: 0 | total time: 15.87m | eta: 2.5m
step 04063/04692 (86.59%) | loss: 2.642966 | lrm: 0.27 | dt: 234.60ms | tok/sec: 2,234,804 | bf16_mfu: 46.91 | epoch: 1 pq: 45 rg: 0 | total time: 15.88m | eta: 2.5m
step 04064/04692 (86.62%) | loss: 2.640209 | lrm: 0.27 | dt: 236.56ms | tok/sec: 2,216,301 | bf16_mfu: 46.53 | epoch: 1 pq: 45 rg: 0 | total time: 15.88m | eta: 2.5m
step 04065/04692 (86.64%) | loss: 2.653797 | lrm: 0.27 | dt: 237.54ms | tok/sec: 2,207,189 | bf16_mfu: 46.34 | epoch: 1 pq: 45 rg: 0 | total time: 15.89m | eta: 2.5m
step 04066/04692 (86.66%) | loss: 2.651422 | lrm: 0.27 | dt: 235.90ms | tok/sec: 2,222,535 | bf16_mfu: 46.66 | epoch: 1 pq: 45 rg: 0 | total time: 15.89m | eta: 2.5m
step 04067/04692 (86.68%) | loss: 2.644118 | lrm: 0.27 | dt: 234.79ms | tok/sec: 2,232,968 | bf16_mfu: 46.88 | epoch: 1 pq: 45 rg: 0 | total time: 15.89m | eta: 2.4m
step 04068/04692 (86.70%) | loss: 2.645618 | lrm: 0.27 | dt: 233.38ms | tok/sec: 2,246,498 | bf16_mfu: 47.16 | epoch: 1 pq: 45 rg: 0 | total time: 15.90m | eta: 2.4m
step 04069/04692 (86.72%) | loss: 2.655615 | lrm: 0.27 | dt: 233.96ms | tok/sec: 2,240,914 | bf16_mfu: 47.04 | epoch: 1 pq: 45 rg: 0 | total time: 15.90m | eta: 2.4m
step 04070/04692 (86.74%) | loss: 2.630198 | lrm: 0.27 | dt: 236.78ms | tok/sec: 2,214,239 | bf16_mfu: 46.48 | epoch: 1 pq: 45 rg: 8 | total time: 15.91m | eta: 2.4m
step 04071/04692 (86.76%) | loss: 2.631298 | lrm: 0.26 | dt: 235.07ms | tok/sec: 2,230,391 | bf16_mfu: 46.82 | epoch: 1 pq: 45 rg: 8 | total time: 15.91m | eta: 2.4m
step 04072/04692 (86.79%) | loss: 2.623181 | lrm: 0.26 | dt: 234.48ms | tok/sec: 2,235,945 | bf16_mfu: 46.94 | epoch: 1 pq: 45 rg: 8 | total time: 15.91m | eta: 2.4m
step 04073/04692 (86.81%) | loss: 2.621887 | lrm: 0.26 | dt: 234.87ms | tok/sec: 2,232,288 | bf16_mfu: 46.86 | epoch: 1 pq: 45 rg: 8 | total time: 15.92m | eta: 2.4m
step 04074/04692 (86.83%) | loss: 2.624754 | lrm: 0.26 | dt: 232.21ms | tok/sec: 2,257,849 | bf16_mfu: 47.40 | epoch: 1 pq: 45 rg: 8 | total time: 15.92m | eta: 2.4m
step 04075/04692 (86.85%) | loss: 2.629990 | lrm: 0.26 | dt: 234.33ms | tok/sec: 2,237,344 | bf16_mfu: 46.97 | epoch: 1 pq: 45 rg: 8 | total time: 15.93m | eta: 2.4m
step 04076/04692 (86.87%) | loss: 2.635385 | lrm: 0.26 | dt: 233.67ms | tok/sec: 2,243,724 | bf16_mfu: 47.10 | epoch: 1 pq: 45 rg: 8 | total time: 15.93m | eta: 2.4m
step 04077/04692 (86.89%) | loss: 2.634416 | lrm: 0.26 | dt: 231.33ms | tok/sec: 2,266,384 | bf16_mfu: 47.58 | epoch: 1 pq: 45 rg: 8 | total time: 15.93m | eta: 2.4m
step 04078/04692 (86.91%) | loss: 2.626445 | lrm: 0.26 | dt: 236.71ms | tok/sec: 2,214,930 | bf16_mfu: 46.50 | epoch: 1 pq: 45 rg: 16 | total time: 15.94m | eta: 2.4m
step 04079/04692 (86.94%) | loss: 2.617759 | lrm: 0.26 | dt: 236.56ms | tok/sec: 2,216,301 | bf16_mfu: 46.53 | epoch: 1 pq: 45 rg: 16 | total time: 15.94m | eta: 2.4m
step 04080/04692 (86.96%) | loss: 2.620087 | lrm: 0.26 | dt: 234.66ms | tok/sec: 2,234,266 | bf16_mfu: 46.90 | epoch: 1 pq: 45 rg: 16 | total time: 15.94m | eta: 2.4m
step 04081/04692 (86.98%) | loss: 2.620975 | lrm: 0.26 | dt: 233.99ms | tok/sec: 2,240,631 | bf16_mfu: 47.04 | epoch: 1 pq: 45 rg: 16 | total time: 15.95m | eta: 2.4m
step 04082/04692 (87.00%) | loss: 2.615567 | lrm: 0.26 | dt: 233.27ms | tok/sec: 2,247,557 | bf16_mfu: 47.18 | epoch: 1 pq: 45 rg: 16 | total time: 15.95m | eta: 2.4m
step 04083/04692 (87.02%) | loss: 2.624054 | lrm: 0.26 | dt: 236.02ms | tok/sec: 2,221,379 | bf16_mfu: 46.63 | epoch: 1 pq: 45 rg: 16 | total time: 15.96m | eta: 2.4m
step 04084/04692 (87.04%) | loss: 2.633546 | lrm: 0.26 | dt: 234.27ms | tok/sec: 2,237,931 | bf16_mfu: 46.98 | epoch: 1 pq: 45 rg: 16 | total time: 15.96m | eta: 2.4m
step 04085/04692 (87.06%) | loss: 2.626703 | lrm: 0.26 | dt: 234.30ms | tok/sec: 2,237,685 | bf16_mfu: 46.98 | epoch: 1 pq: 45 rg: 16 | total time: 15.96m | eta: 2.4m
step 04086/04692 (87.08%) | loss: 2.620786 | lrm: 0.26 | dt: 232.30ms | tok/sec: 2,256,901 | bf16_mfu: 47.38 | epoch: 1 pq: 45 rg: 16 | total time: 15.97m | eta: 2.4m
step 04087/04692 (87.11%) | loss: 2.623093 | lrm: 0.26 | dt: 234.64ms | tok/sec: 2,234,389 | bf16_mfu: 46.91 | epoch: 1 pq: 45 rg: 24 | total time: 15.97m | eta: 2.4m
step 04088/04692 (87.13%) | loss: 2.619172 | lrm: 0.26 | dt: 235.02ms | tok/sec: 2,230,789 | bf16_mfu: 46.83 | epoch: 1 pq: 45 rg: 24 | total time: 15.98m | eta: 2.4m
step 04089/04692 (87.15%) | loss: 2.621398 | lrm: 0.26 | dt: 234.01ms | tok/sec: 2,240,417 | bf16_mfu: 47.03 | epoch: 1 pq: 45 rg: 24 | total time: 15.98m | eta: 2.4m
step 04090/04692 (87.17%) | loss: 2.625514 | lrm: 0.26 | dt: 233.01ms | tok/sec: 2,250,019 | bf16_mfu: 47.23 | epoch: 1 pq: 45 rg: 24 | total time: 15.98m | eta: 2.4m
step 04091/04692 (87.19%) | loss: 2.624570 | lrm: 0.26 | dt: 233.99ms | tok/sec: 2,240,615 | bf16_mfu: 47.04 | epoch: 1 pq: 45 rg: 24 | total time: 15.99m | eta: 2.4m
step 04092/04692 (87.21%) | loss: 2.628802 | lrm: 0.26 | dt: 233.21ms | tok/sec: 2,248,099 | bf16_mfu: 47.19 | epoch: 1 pq: 45 rg: 24 | total time: 15.99m | eta: 2.4m
step 04093/04692 (87.23%) | loss: 2.628545 | lrm: 0.26 | dt: 233.47ms | tok/sec: 2,245,631 | bf16_mfu: 47.14 | epoch: 1 pq: 45 rg: 24 | total time: 16.00m | eta: 2.3m
step 04094/04692 (87.25%) | loss: 2.639442 | lrm: 0.25 | dt: 232.65ms | tok/sec: 2,253,557 | bf16_mfu: 47.31 | epoch: 1 pq: 45 rg: 24 | total time: 16.00m | eta: 2.3m
step 04095/04692 (87.28%) | loss: 2.636483 | lrm: 0.25 | dt: 235.10ms | tok/sec: 2,230,088 | bf16_mfu: 46.82 | epoch: 1 pq: 45 rg: 32 | total time: 16.00m | eta: 2.3m
step 04096/04692 (87.30%) | loss: 2.642069 | lrm: 0.25 | dt: 233.45ms | tok/sec: 2,245,846 | bf16_mfu: 47.15 | epoch: 1 pq: 45 rg: 32 | total time: 16.01m | eta: 2.3m
step 04097/04692 (87.32%) | loss: 2.635671 | lrm: 0.25 | dt: 233.38ms | tok/sec: 2,246,539 | bf16_mfu: 47.16 | epoch: 1 pq: 45 rg: 32 | total time: 16.01m | eta: 2.3m
step 04098/04692 (87.34%) | loss: 2.645176 | lrm: 0.25 | dt: 233.32ms | tok/sec: 2,247,090 | bf16_mfu: 47.17 | epoch: 1 pq: 45 rg: 32 | total time: 16.01m | eta: 2.3m
step 04099/04692 (87.36%) | loss: 2.640547 | lrm: 0.25 | dt: 236.33ms | tok/sec: 2,218,461 | bf16_mfu: 46.57 | epoch: 1 pq: 45 rg: 32 | total time: 16.02m | eta: 2.3m
step 04100/04692 (87.38%) | loss: 2.643084 | lrm: 0.25 | dt: 233.54ms | tok/sec: 2,244,934 | bf16_mfu: 47.13 | epoch: 1 pq: 45 rg: 32 | total time: 16.02m | eta: 2.3m
step 04101/04692 (87.40%) | loss: 2.642891 | lrm: 0.25 | dt: 233.53ms | tok/sec: 2,245,039 | bf16_mfu: 47.13 | epoch: 1 pq: 45 rg: 32 | total time: 16.03m | eta: 2.3m
step 04102/04692 (87.43%) | loss: 2.642548 | lrm: 0.25 | dt: 232.79ms | tok/sec: 2,252,160 | bf16_mfu: 47.28 | epoch: 1 pq: 45 rg: 32 | total time: 16.03m | eta: 2.3m
step 04103/04692 (87.45%) | loss: 2.646326 | lrm: 0.25 | dt: 235.06ms | tok/sec: 2,230,470 | bf16_mfu: 46.82 | epoch: 1 pq: 45 rg: 40 | total time: 16.03m | eta: 2.3m
step 04104/04692 (87.47%) | loss: 2.643127 | lrm: 0.25 | dt: 233.98ms | tok/sec: 2,240,773 | bf16_mfu: 47.04 | epoch: 1 pq: 45 rg: 40 | total time: 16.04m | eta: 2.3m
step 04105/04692 (87.49%) | loss: 2.641777 | lrm: 0.25 | dt: 233.24ms | tok/sec: 2,247,805 | bf16_mfu: 47.19 | epoch: 1 pq: 45 rg: 40 | total time: 16.04m | eta: 2.3m
step 04106/04692 (87.51%) | loss: 2.631152 | lrm: 0.25 | dt: 233.28ms | tok/sec: 2,247,432 | bf16_mfu: 47.18 | epoch: 1 pq: 45 rg: 40 | total time: 16.05m | eta: 2.3m
step 04107/04692 (87.53%) | loss: 2.636838 | lrm: 0.25 | dt: 236.29ms | tok/sec: 2,218,848 | bf16_mfu: 46.58 | epoch: 1 pq: 45 rg: 40 | total time: 16.05m | eta: 2.3m
step 04108/04692 (87.55%) | loss: 2.643523 | lrm: 0.25 | dt: 231.80ms | tok/sec: 2,261,841 | bf16_mfu: 47.48 | epoch: 1 pq: 45 rg: 40 | total time: 16.05m | eta: 2.3m
step 04109/04692 (87.57%) | loss: 2.642535 | lrm: 0.25 | dt: 232.40ms | tok/sec: 2,255,959 | bf16_mfu: 47.36 | epoch: 1 pq: 45 rg: 40 | total time: 16.06m | eta: 2.3m
step 04110/04692 (87.60%) | loss: 2.646800 | lrm: 0.25 | dt: 233.06ms | tok/sec: 2,249,575 | bf16_mfu: 47.23 | epoch: 1 pq: 45 rg: 40 | total time: 16.06m | eta: 2.3m
step 04111/04692 (87.62%) | loss: 2.647756 | lrm: 0.25 | dt: 234.24ms | tok/sec: 2,238,248 | bf16_mfu: 46.99 | epoch: 1 pq: 45 rg: 48 | total time: 16.07m | eta: 2.3m
step 04112/04692 (87.64%) | loss: 2.648912 | lrm: 0.25 | dt: 233.29ms | tok/sec: 2,247,325 | bf16_mfu: 47.18 | epoch: 1 pq: 45 rg: 48 | total time: 16.07m | eta: 2.3m
step 04113/04692 (87.66%) | loss: 2.649044 | lrm: 0.25 | dt: 232.92ms | tok/sec: 2,250,902 | bf16_mfu: 47.25 | epoch: 1 pq: 45 rg: 48 | total time: 16.07m | eta: 2.3m
step 04114/04692 (87.68%) | loss: 2.653785 | lrm: 0.25 | dt: 235.04ms | tok/sec: 2,230,676 | bf16_mfu: 46.83 | epoch: 1 pq: 45 rg: 48 | total time: 16.08m | eta: 2.3m
step 04115/04692 (87.70%) | loss: 2.650476 | lrm: 0.25 | dt: 232.76ms | tok/sec: 2,252,456 | bf16_mfu: 47.29 | epoch: 1 pq: 45 rg: 48 | total time: 16.08m | eta: 2.3m
step 04116/04692 (87.72%) | loss: 2.641184 | lrm: 0.25 | dt: 234.77ms | tok/sec: 2,233,227 | bf16_mfu: 46.88 | epoch: 1 pq: 45 rg: 48 | total time: 16.08m | eta: 2.3m
step 04117/04692 (87.75%) | loss: 2.650353 | lrm: 0.25 | dt: 233.41ms | tok/sec: 2,246,250 | bf16_mfu: 47.16 | epoch: 1 pq: 45 rg: 48 | total time: 16.09m | eta: 2.3m
step 04118/04692 (87.77%) | loss: 2.638789 | lrm: 0.24 | dt: 236.50ms | tok/sec: 2,216,860 | bf16_mfu: 46.54 | epoch: 1 pq: 45 rg: 48 | total time: 16.09m | eta: 2.2m
step 04119/04692 (87.79%) | loss: 2.649412 | lrm: 0.24 | dt: 233.72ms | tok/sec: 2,243,262 | bf16_mfu: 47.09 | epoch: 1 pq: 45 rg: 56 | total time: 16.10m | eta: 2.2m
step 04120/04692 (87.81%) | loss: 2.640653 | lrm: 0.24 | dt: 234.95ms | tok/sec: 2,231,529 | bf16_mfu: 46.85 | epoch: 1 pq: 45 rg: 56 | total time: 16.10m | eta: 2.2m
step 04121/04692 (87.83%) | loss: 2.634174 | lrm: 0.24 | dt: 232.00ms | tok/sec: 2,259,879 | bf16_mfu: 47.44 | epoch: 1 pq: 45 rg: 56 | total time: 16.10m | eta: 2.2m
step 04122/04692 (87.85%) | loss: 2.641308 | lrm: 0.24 | dt: 238.29ms | tok/sec: 2,200,176 | bf16_mfu: 46.19 | epoch: 1 pq: 45 rg: 56 | total time: 16.11m | eta: 2.2m
step 04123/04692 (87.87%) | loss: 2.634245 | lrm: 0.24 | dt: 235.59ms | tok/sec: 2,225,403 | bf16_mfu: 46.72 | epoch: 1 pq: 45 rg: 56 | total time: 16.11m | eta: 2.2m
step 04124/04692 (87.89%) | loss: 2.637556 | lrm: 0.24 | dt: 235.41ms | tok/sec: 2,227,165 | bf16_mfu: 46.75 | epoch: 1 pq: 45 rg: 56 | total time: 16.12m | eta: 2.2m
step 04125/04692 (87.92%) | loss: 2.641795 | lrm: 0.24 | dt: 232.72ms | tok/sec: 2,252,908 | bf16_mfu: 47.30 | epoch: 1 pq: 45 rg: 56 | total time: 16.12m | eta: 2.2m
step 04126/04692 (87.94%) | loss: 2.632441 | lrm: 0.24 | dt: 232.47ms | tok/sec: 2,255,313 | bf16_mfu: 47.35 | epoch: 1 pq: 45 rg: 56 | total time: 16.12m | eta: 2.2m
step 04127/04692 (87.96%) | loss: 2.625160 | lrm: 0.24 | dt: 235.73ms | tok/sec: 2,224,070 | bf16_mfu: 46.69 | epoch: 1 pq: 45 rg: 56 | total time: 16.13m | eta: 2.2m
step 04128/04692 (87.98%) | loss: 2.636308 | lrm: 0.24 | dt: 234.49ms | tok/sec: 2,235,818 | bf16_mfu: 46.94 | epoch: 1 pq: 45 rg: 64 | total time: 16.13m | eta: 2.2m
step 04129/04692 (88.00%) | loss: 2.631439 | lrm: 0.24 | dt: 233.42ms | tok/sec: 2,246,087 | bf16_mfu: 47.15 | epoch: 1 pq: 45 rg: 64 | total time: 16.14m | eta: 2.2m
step 04130/04692 (88.02%) | loss: 2.632083 | lrm: 0.24 | dt: 232.25ms | tok/sec: 2,257,448 | bf16_mfu: 47.39 | epoch: 1 pq: 45 rg: 64 | total time: 16.14m | eta: 2.2m
step 04131/04692 (88.04%) | loss: 2.650246 | lrm: 0.24 | dt: 234.06ms | tok/sec: 2,240,020 | bf16_mfu: 47.02 | epoch: 1 pq: 45 rg: 64 | total time: 16.14m | eta: 2.2m
step 04132/04692 (88.06%) | loss: 2.647032 | lrm: 0.24 | dt: 235.12ms | tok/sec: 2,229,871 | bf16_mfu: 46.81 | epoch: 1 pq: 45 rg: 64 | total time: 16.15m | eta: 2.2m
step 04133/04692 (88.09%) | loss: 2.643527 | lrm: 0.24 | dt: 233.75ms | tok/sec: 2,242,898 | bf16_mfu: 47.08 | epoch: 1 pq: 45 rg: 64 | total time: 16.15m | eta: 2.2m
step 04134/04692 (88.11%) | loss: 2.641081 | lrm: 0.24 | dt: 234.59ms | tok/sec: 2,234,881 | bf16_mfu: 46.92 | epoch: 1 pq: 45 rg: 64 | total time: 16.16m | eta: 2.2m
step 04135/04692 (88.13%) | loss: 2.636171 | lrm: 0.24 | dt: 235.66ms | tok/sec: 2,224,772 | bf16_mfu: 46.70 | epoch: 1 pq: 45 rg: 64 | total time: 16.16m | eta: 2.2m
step 04136/04692 (88.15%) | loss: 2.638705 | lrm: 0.24 | dt: 236.14ms | tok/sec: 2,220,255 | bf16_mfu: 46.61 | epoch: 1 pq: 45 rg: 72 | total time: 16.16m | eta: 2.2m
step 04137/04692 (88.17%) | loss: 2.635897 | lrm: 0.24 | dt: 234.34ms | tok/sec: 2,237,337 | bf16_mfu: 46.97 | epoch: 1 pq: 45 rg: 72 | total time: 16.17m | eta: 2.2m
step 04138/04692 (88.19%) | loss: 2.636964 | lrm: 0.24 | dt: 233.99ms | tok/sec: 2,240,608 | bf16_mfu: 47.04 | epoch: 1 pq: 45 rg: 72 | total time: 16.17m | eta: 2.2m
step 04139/04692 (88.21%) | loss: 2.650972 | lrm: 0.24 | dt: 232.53ms | tok/sec: 2,254,689 | bf16_mfu: 47.33 | epoch: 1 pq: 45 rg: 72 | total time: 16.17m | eta: 2.2m
step 04140/04692 (88.24%) | loss: 2.649302 | lrm: 0.24 | dt: 235.93ms | tok/sec: 2,222,173 | bf16_mfu: 46.65 | epoch: 1 pq: 45 rg: 72 | total time: 16.18m | eta: 2.2m
step 04141/04692 (88.26%) | loss: 2.656919 | lrm: 0.23 | dt: 236.43ms | tok/sec: 2,217,477 | bf16_mfu: 46.55 | epoch: 1 pq: 45 rg: 72 | total time: 16.18m | eta: 2.2m
step 04142/04692 (88.28%) | loss: 2.657970 | lrm: 0.23 | dt: 232.99ms | tok/sec: 2,250,266 | bf16_mfu: 47.24 | epoch: 1 pq: 45 rg: 72 | total time: 16.19m | eta: 2.2m
step 04143/04692 (88.30%) | loss: 2.643587 | lrm: 0.23 | dt: 231.77ms | tok/sec: 2,262,083 | bf16_mfu: 47.49 | epoch: 1 pq: 45 rg: 72 | total time: 16.19m | eta: 2.2m
step 04144/04692 (88.32%) | loss: 2.647622 | lrm: 0.23 | dt: 235.99ms | tok/sec: 2,221,697 | bf16_mfu: 46.64 | epoch: 1 pq: 45 rg: 80 | total time: 16.19m | eta: 2.1m
step 04145/04692 (88.34%) | loss: 2.637365 | lrm: 0.23 | dt: 235.38ms | tok/sec: 2,227,452 | bf16_mfu: 46.76 | epoch: 1 pq: 45 rg: 80 | total time: 16.20m | eta: 2.1m
step 04146/04692 (88.36%) | loss: 2.643374 | lrm: 0.23 | dt: 235.40ms | tok/sec: 2,227,201 | bf16_mfu: 46.76 | epoch: 1 pq: 45 rg: 80 | total time: 16.20m | eta: 2.1m
step 04147/04692 (88.38%) | loss: 2.638370 | lrm: 0.23 | dt: 233.81ms | tok/sec: 2,242,384 | bf16_mfu: 47.07 | epoch: 1 pq: 45 rg: 80 | total time: 16.21m | eta: 2.1m
step 04148/04692 (88.41%) | loss: 2.635494 | lrm: 0.23 | dt: 232.84ms | tok/sec: 2,251,662 | bf16_mfu: 47.27 | epoch: 1 pq: 45 rg: 80 | total time: 16.21m | eta: 2.1m
step 04149/04692 (88.43%) | loss: 2.637100 | lrm: 0.23 | dt: 235.19ms | tok/sec: 2,229,238 | bf16_mfu: 46.80 | epoch: 1 pq: 45 rg: 80 | total time: 16.21m | eta: 2.1m
step 04150/04692 (88.45%) | loss: 2.634082 | lrm: 0.23 | dt: 234.26ms | tok/sec: 2,238,041 | bf16_mfu: 46.98 | epoch: 1 pq: 45 rg: 80 | total time: 16.22m | eta: 2.1m
step 04151/04692 (88.47%) | loss: 2.639515 | lrm: 0.23 | dt: 233.00ms | tok/sec: 2,250,153 | bf16_mfu: 47.24 | epoch: 1 pq: 45 rg: 80 | total time: 16.22m | eta: 2.1m
step 04152/04692 (88.49%) | loss: 2.638729 | lrm: 0.23 | dt: 234.18ms | tok/sec: 2,238,822 | bf16_mfu: 47.00 | epoch: 1 pq: 45 rg: 80 | total time: 16.23m | eta: 2.1m
step 04153/04692 (88.51%) | loss: 2.639036 | lrm: 0.23 | dt: 235.43ms | tok/sec: 2,226,978 | bf16_mfu: 46.75 | epoch: 1 pq: 46 rg: 0 | total time: 16.23m | eta: 2.1m
step 04154/04692 (88.53%) | loss: 2.627679 | lrm: 0.23 | dt: 233.20ms | tok/sec: 2,248,234 | bf16_mfu: 47.20 | epoch: 1 pq: 46 rg: 0 | total time: 16.23m | eta: 2.1m
step 04155/04692 (88.55%) | loss: 2.629409 | lrm: 0.23 | dt: 232.65ms | tok/sec: 2,253,543 | bf16_mfu: 47.31 | epoch: 1 pq: 46 rg: 0 | total time: 16.24m | eta: 2.1m
step 04156/04692 (88.58%) | loss: 2.633895 | lrm: 0.23 | dt: 232.93ms | tok/sec: 2,250,865 | bf16_mfu: 47.25 | epoch: 1 pq: 46 rg: 0 | total time: 16.24m | eta: 2.1m
step 04157/04692 (88.60%) | loss: 2.641808 | lrm: 0.23 | dt: 233.08ms | tok/sec: 2,249,407 | bf16_mfu: 47.22 | epoch: 1 pq: 46 rg: 0 | total time: 16.24m | eta: 2.1m
step 04158/04692 (88.62%) | loss: 2.646842 | lrm: 0.23 | dt: 234.50ms | tok/sec: 2,235,752 | bf16_mfu: 46.93 | epoch: 1 pq: 46 rg: 0 | total time: 16.25m | eta: 2.1m
step 04159/04692 (88.64%) | loss: 2.651262 | lrm: 0.23 | dt: 234.57ms | tok/sec: 2,235,084 | bf16_mfu: 46.92 | epoch: 1 pq: 46 rg: 0 | total time: 16.25m | eta: 2.1m
step 04160/04692 (88.66%) | loss: 2.657007 | lrm: 0.23 | dt: 234.76ms | tok/sec: 2,233,263 | bf16_mfu: 46.88 | epoch: 1 pq: 46 rg: 0 | total time: 16.26m | eta: 2.1m
step 04161/04692 (88.68%) | loss: 2.649866 | lrm: 0.23 | dt: 233.38ms | tok/sec: 2,246,466 | bf16_mfu: 47.16 | epoch: 1 pq: 46 rg: 8 | total time: 16.26m | eta: 2.1m
step 04162/04692 (88.70%) | loss: 2.647784 | lrm: 0.23 | dt: 233.24ms | tok/sec: 2,247,857 | bf16_mfu: 47.19 | epoch: 1 pq: 46 rg: 8 | total time: 16.26m | eta: 2.1m
step 04163/04692 (88.73%) | loss: 2.632075 | lrm: 0.23 | dt: 234.21ms | tok/sec: 2,238,551 | bf16_mfu: 46.99 | epoch: 1 pq: 46 rg: 8 | total time: 16.27m | eta: 2.1m
step 04164/04692 (88.75%) | loss: 2.633266 | lrm: 0.23 | dt: 237.93ms | tok/sec: 2,203,509 | bf16_mfu: 46.26 | epoch: 1 pq: 46 rg: 8 | total time: 16.27m | eta: 2.1m
step 04165/04692 (88.77%) | loss: 2.638042 | lrm: 0.22 | dt: 235.21ms | tok/sec: 2,229,012 | bf16_mfu: 46.79 | epoch: 1 pq: 46 rg: 8 | total time: 16.28m | eta: 2.1m
step 04166/04692 (88.79%) | loss: 2.636533 | lrm: 0.22 | dt: 232.75ms | tok/sec: 2,252,539 | bf16_mfu: 47.29 | epoch: 1 pq: 46 rg: 8 | total time: 16.28m | eta: 2.1m
step 04167/04692 (88.81%) | loss: 2.643068 | lrm: 0.22 | dt: 232.94ms | tok/sec: 2,250,722 | bf16_mfu: 47.25 | epoch: 1 pq: 46 rg: 8 | total time: 16.28m | eta: 2.1m
step 04168/04692 (88.83%) | loss: 2.641358 | lrm: 0.22 | dt: 234.92ms | tok/sec: 2,231,742 | bf16_mfu: 46.85 | epoch: 1 pq: 46 rg: 8 | total time: 16.29m | eta: 2.1m
step 04169/04692 (88.85%) | loss: 2.632403 | lrm: 0.22 | dt: 237.53ms | tok/sec: 2,207,274 | bf16_mfu: 46.34 | epoch: 1 pq: 46 rg: 16 | total time: 16.29m | eta: 2.0m
step 04170/04692 (88.87%) | loss: 2.642734 | lrm: 0.22 | dt: 234.06ms | tok/sec: 2,239,926 | bf16_mfu: 47.02 | epoch: 1 pq: 46 rg: 16 | total time: 16.30m | eta: 2.0m
step 04171/04692 (88.90%) | loss: 2.643242 | lrm: 0.22 | dt: 234.29ms | tok/sec: 2,237,774 | bf16_mfu: 46.98 | epoch: 1 pq: 46 rg: 16 | total time: 16.30m | eta: 2.0m
step 04172/04692 (88.92%) | loss: 2.640282 | lrm: 0.22 | dt: 233.55ms | tok/sec: 2,244,822 | bf16_mfu: 47.13 | epoch: 1 pq: 46 rg: 16 | total time: 16.30m | eta: 2.0m
step 04173/04692 (88.94%) | loss: 2.640406 | lrm: 0.22 | dt: 234.70ms | tok/sec: 2,233,839 | bf16_mfu: 46.89 | epoch: 1 pq: 46 rg: 16 | total time: 16.31m | eta: 2.0m
step 04174/04692 (88.96%) | loss: 2.643905 | lrm: 0.22 | dt: 234.06ms | tok/sec: 2,239,951 | bf16_mfu: 47.02 | epoch: 1 pq: 46 rg: 16 | total time: 16.31m | eta: 2.0m
step 04175/04692 (88.98%) | loss: 2.634889 | lrm: 0.22 | dt: 233.60ms | tok/sec: 2,244,409 | bf16_mfu: 47.12 | epoch: 1 pq: 46 rg: 16 | total time: 16.32m | eta: 2.0m
step 04176/04692 (89.00%) | loss: 2.634496 | lrm: 0.22 | dt: 234.20ms | tok/sec: 2,238,642 | bf16_mfu: 47.00 | epoch: 1 pq: 46 rg: 16 | total time: 16.32m | eta: 2.0m
step 04177/04692 (89.02%) | loss: 2.649204 | lrm: 0.22 | dt: 233.45ms | tok/sec: 2,245,858 | bf16_mfu: 47.15 | epoch: 1 pq: 46 rg: 16 | total time: 16.32m | eta: 2.0m
step 04178/04692 (89.05%) | loss: 2.648356 | lrm: 0.22 | dt: 234.91ms | tok/sec: 2,231,883 | bf16_mfu: 46.85 | epoch: 1 pq: 46 rg: 24 | total time: 16.33m | eta: 2.0m
step 04179/04692 (89.07%) | loss: 2.651618 | lrm: 0.22 | dt: 235.18ms | tok/sec: 2,229,258 | bf16_mfu: 46.80 | epoch: 1 pq: 46 rg: 24 | total time: 16.33m | eta: 2.0m
step 04180/04692 (89.09%) | loss: 2.643461 | lrm: 0.22 | dt: 232.35ms | tok/sec: 2,256,433 | bf16_mfu: 47.37 | epoch: 1 pq: 46 rg: 24 | total time: 16.33m | eta: 2.0m
step 04181/04692 (89.11%) | loss: 2.641813 | lrm: 0.22 | dt: 234.09ms | tok/sec: 2,239,716 | bf16_mfu: 47.02 | epoch: 1 pq: 46 rg: 24 | total time: 16.34m | eta: 2.0m
step 04182/04692 (89.13%) | loss: 2.645774 | lrm: 0.22 | dt: 235.12ms | tok/sec: 2,229,835 | bf16_mfu: 46.81 | epoch: 1 pq: 46 rg: 24 | total time: 16.34m | eta: 2.0m
step 04183/04692 (89.15%) | loss: 2.637889 | lrm: 0.22 | dt: 234.54ms | tok/sec: 2,235,370 | bf16_mfu: 46.93 | epoch: 1 pq: 46 rg: 24 | total time: 16.35m | eta: 2.0m
step 04184/04692 (89.17%) | loss: 2.645255 | lrm: 0.22 | dt: 233.21ms | tok/sec: 2,248,106 | bf16_mfu: 47.19 | epoch: 1 pq: 46 rg: 24 | total time: 16.35m | eta: 2.0m
step 04185/04692 (89.19%) | loss: 2.645415 | lrm: 0.22 | dt: 233.09ms | tok/sec: 2,249,276 | bf16_mfu: 47.22 | epoch: 1 pq: 46 rg: 24 | total time: 16.35m | eta: 2.0m
step 04186/04692 (89.22%) | loss: 2.638864 | lrm: 0.22 | dt: 235.35ms | tok/sec: 2,227,675 | bf16_mfu: 46.77 | epoch: 1 pq: 46 rg: 32 | total time: 16.36m | eta: 2.0m
step 04187/04692 (89.24%) | loss: 2.648754 | lrm: 0.22 | dt: 235.16ms | tok/sec: 2,229,511 | bf16_mfu: 46.80 | epoch: 1 pq: 46 rg: 32 | total time: 16.36m | eta: 2.0m
step 04188/04692 (89.26%) | loss: 2.649029 | lrm: 0.21 | dt: 232.96ms | tok/sec: 2,250,544 | bf16_mfu: 47.25 | epoch: 1 pq: 46 rg: 32 | total time: 16.37m | eta: 2.0m
step 04189/04692 (89.28%) | loss: 2.645974 | lrm: 0.21 | dt: 233.53ms | tok/sec: 2,245,062 | bf16_mfu: 47.13 | epoch: 1 pq: 46 rg: 32 | total time: 16.37m | eta: 2.0m
step 04190/04692 (89.30%) | loss: 2.648375 | lrm: 0.21 | dt: 235.31ms | tok/sec: 2,228,108 | bf16_mfu: 46.77 | epoch: 1 pq: 46 rg: 32 | total time: 16.37m | eta: 2.0m
step 04191/04692 (89.32%) | loss: 2.640856 | lrm: 0.21 | dt: 234.74ms | tok/sec: 2,233,474 | bf16_mfu: 46.89 | epoch: 1 pq: 46 rg: 32 | total time: 16.38m | eta: 2.0m
step 04192/04692 (89.34%) | loss: 2.637698 | lrm: 0.21 | dt: 233.63ms | tok/sec: 2,244,084 | bf16_mfu: 47.11 | epoch: 1 pq: 46 rg: 32 | total time: 16.38m | eta: 2.0m
step 04193/04692 (89.36%) | loss: 2.639601 | lrm: 0.21 | dt: 233.25ms | tok/sec: 2,247,795 | bf16_mfu: 47.19 | epoch: 1 pq: 46 rg: 32 | total time: 16.39m | eta: 2.0m
step 04194/04692 (89.39%) | loss: 2.638570 | lrm: 0.21 | dt: 234.59ms | tok/sec: 2,234,927 | bf16_mfu: 46.92 | epoch: 1 pq: 46 rg: 40 | total time: 16.39m | eta: 2.0m
step 04195/04692 (89.41%) | loss: 2.639044 | lrm: 0.21 | dt: 235.06ms | tok/sec: 2,230,461 | bf16_mfu: 46.82 | epoch: 1 pq: 46 rg: 40 | total time: 16.39m | eta: 1.9m
step 04196/04692 (89.43%) | loss: 2.644191 | lrm: 0.21 | dt: 233.13ms | tok/sec: 2,248,887 | bf16_mfu: 47.21 | epoch: 1 pq: 46 rg: 40 | total time: 16.40m | eta: 1.9m
step 04197/04692 (89.45%) | loss: 2.639883 | lrm: 0.21 | dt: 232.36ms | tok/sec: 2,256,320 | bf16_mfu: 47.37 | epoch: 1 pq: 46 rg: 40 | total time: 16.40m | eta: 1.9m
step 04198/04692 (89.47%) | loss: 2.646487 | lrm: 0.21 | dt: 236.17ms | tok/sec: 2,219,966 | bf16_mfu: 46.60 | epoch: 1 pq: 46 rg: 40 | total time: 16.41m | eta: 1.9m
step 04199/04692 (89.49%) | loss: 2.643197 | lrm: 0.21 | dt: 233.56ms | tok/sec: 2,244,780 | bf16_mfu: 47.12 | epoch: 1 pq: 46 rg: 40 | total time: 16.41m | eta: 1.9m
step 04200/04692 (89.51%) | loss: 2.647087 | lrm: 0.21 | dt: 233.39ms | tok/sec: 2,246,360 | bf16_mfu: 47.16 | epoch: 1 pq: 46 rg: 40 | total time: 16.41m | eta: 1.9m
step 04201/04692 (89.54%) | loss: 2.655665 | lrm: 0.21 | dt: 233.14ms | tok/sec: 2,248,800 | bf16_mfu: 47.21 | epoch: 1 pq: 46 rg: 40 | total time: 16.42m | eta: 1.9m
step 04202/04692 (89.56%) | loss: 2.648032 | lrm: 0.21 | dt: 234.99ms | tok/sec: 2,231,149 | bf16_mfu: 46.84 | epoch: 1 pq: 46 rg: 48 | total time: 16.42m | eta: 1.9m
step 04203/04692 (89.58%) | loss: 2.646041 | lrm: 0.21 | dt: 233.51ms | tok/sec: 2,245,253 | bf16_mfu: 47.13 | epoch: 1 pq: 46 rg: 48 | total time: 16.42m | eta: 1.9m
step 04204/04692 (89.60%) | loss: 2.634114 | lrm: 0.21 | dt: 233.75ms | tok/sec: 2,242,896 | bf16_mfu: 47.08 | epoch: 1 pq: 46 rg: 48 | total time: 16.43m | eta: 1.9m
step 04205/04692 (89.62%) | loss: 2.632231 | lrm: 0.21 | dt: 231.99ms | tok/sec: 2,259,963 | bf16_mfu: 47.44 | epoch: 1 pq: 46 rg: 48 | total time: 16.43m | eta: 1.9m
step 04206/04692 (89.64%) | loss: 2.641832 | lrm: 0.21 | dt: 235.47ms | tok/sec: 2,226,577 | bf16_mfu: 46.74 | epoch: 1 pq: 46 rg: 48 | total time: 16.44m | eta: 1.9m
step 04207/04692 (89.66%) | loss: 2.648307 | lrm: 0.21 | dt: 232.61ms | tok/sec: 2,253,940 | bf16_mfu: 47.32 | epoch: 1 pq: 46 rg: 48 | total time: 16.44m | eta: 1.9m
step 04208/04692 (89.68%) | loss: 2.645991 | lrm: 0.21 | dt: 233.53ms | tok/sec: 2,245,081 | bf16_mfu: 47.13 | epoch: 1 pq: 46 rg: 48 | total time: 16.44m | eta: 1.9m
step 04209/04692 (89.71%) | loss: 2.624146 | lrm: 0.21 | dt: 233.65ms | tok/sec: 2,243,866 | bf16_mfu: 47.11 | epoch: 1 pq: 46 rg: 48 | total time: 16.45m | eta: 1.9m
step 04210/04692 (89.73%) | loss: 2.632427 | lrm: 0.21 | dt: 233.57ms | tok/sec: 2,244,654 | bf16_mfu: 47.12 | epoch: 1 pq: 46 rg: 56 | total time: 16.45m | eta: 1.9m
step 04211/04692 (89.75%) | loss: 2.635795 | lrm: 0.21 | dt: 234.61ms | tok/sec: 2,234,718 | bf16_mfu: 46.91 | epoch: 1 pq: 46 rg: 56 | total time: 16.46m | eta: 1.9m
step 04212/04692 (89.77%) | loss: 2.630724 | lrm: 0.20 | dt: 233.74ms | tok/sec: 2,243,058 | bf16_mfu: 47.09 | epoch: 1 pq: 46 rg: 56 | total time: 16.46m | eta: 1.9m
step 04213/04692 (89.79%) | loss: 2.635710 | lrm: 0.20 | dt: 235.29ms | tok/sec: 2,228,253 | bf16_mfu: 46.78 | epoch: 1 pq: 46 rg: 56 | total time: 16.46m | eta: 1.9m
step 04214/04692 (89.81%) | loss: 2.632859 | lrm: 0.20 | dt: 233.84ms | tok/sec: 2,242,034 | bf16_mfu: 47.07 | epoch: 1 pq: 46 rg: 56 | total time: 16.47m | eta: 1.9m
step 04215/04692 (89.83%) | loss: 2.637160 | lrm: 0.20 | dt: 235.24ms | tok/sec: 2,228,736 | bf16_mfu: 46.79 | epoch: 1 pq: 46 rg: 56 | total time: 16.47m | eta: 1.9m
step 04216/04692 (89.86%) | loss: 2.638475 | lrm: 0.20 | dt: 232.30ms | tok/sec: 2,256,968 | bf16_mfu: 47.38 | epoch: 1 pq: 46 rg: 56 | total time: 16.48m | eta: 1.9m
step 04217/04692 (89.88%) | loss: 2.630723 | lrm: 0.20 | dt: 233.16ms | tok/sec: 2,248,621 | bf16_mfu: 47.21 | epoch: 1 pq: 46 rg: 56 | total time: 16.48m | eta: 1.9m
step 04218/04692 (89.90%) | loss: 2.622962 | lrm: 0.20 | dt: 233.88ms | tok/sec: 2,241,677 | bf16_mfu: 47.06 | epoch: 1 pq: 46 rg: 64 | total time: 16.48m | eta: 1.9m
step 04219/04692 (89.92%) | loss: 2.628529 | lrm: 0.20 | dt: 234.15ms | tok/sec: 2,239,151 | bf16_mfu: 47.01 | epoch: 1 pq: 46 rg: 64 | total time: 16.49m | eta: 1.9m
step 04220/04692 (89.94%) | loss: 2.635246 | lrm: 0.20 | dt: 234.32ms | tok/sec: 2,237,497 | bf16_mfu: 46.97 | epoch: 1 pq: 46 rg: 64 | total time: 16.49m | eta: 1.8m
step 04221/04692 (89.96%) | loss: 2.645433 | lrm: 0.20 | dt: 233.72ms | tok/sec: 2,243,248 | bf16_mfu: 47.09 | epoch: 1 pq: 46 rg: 64 | total time: 16.49m | eta: 1.8m
step 04222/04692 (89.98%) | loss: 2.644411 | lrm: 0.20 | dt: 234.70ms | tok/sec: 2,233,867 | bf16_mfu: 46.90 | epoch: 1 pq: 46 rg: 64 | total time: 16.50m | eta: 1.8m
step 04223/04692 (90.00%) | loss: 2.645946 | lrm: 0.20 | dt: 231.54ms | tok/sec: 2,264,363 | bf16_mfu: 47.54 | epoch: 1 pq: 46 rg: 64 | total time: 16.50m | eta: 1.8m
step 04224/04692 (90.03%) | loss: 2.635124 | lrm: 0.20 | dt: 232.97ms | tok/sec: 2,250,416 | bf16_mfu: 47.24 | epoch: 1 pq: 46 rg: 64 | total time: 16.51m | eta: 1.8m
step 04225/04692 (90.05%) | loss: 2.632200 | lrm: 0.20 | dt: 235.68ms | tok/sec: 2,224,570 | bf16_mfu: 46.70 | epoch: 1 pq: 46 rg: 64 | total time: 16.51m | eta: 1.8m
step 04226/04692 (90.07%) | loss: 2.633744 | lrm: 0.20 | dt: 232.72ms | tok/sec: 2,252,892 | bf16_mfu: 47.29 | epoch: 1 pq: 46 rg: 72 | total time: 16.51m | eta: 1.8m
step 04227/04692 (90.09%) | loss: 2.628036 | lrm: 0.20 | dt: 233.09ms | tok/sec: 2,249,308 | bf16_mfu: 47.22 | epoch: 1 pq: 46 rg: 72 | total time: 16.52m | eta: 1.8m
step 04228/04692 (90.11%) | loss: 2.634907 | lrm: 0.20 | dt: 233.71ms | tok/sec: 2,243,299 | bf16_mfu: 47.09 | epoch: 1 pq: 46 rg: 72 | total time: 16.52m | eta: 1.8m
step 04229/04692 (90.13%) | loss: 2.642817 | lrm: 0.20 | dt: 233.73ms | tok/sec: 2,243,097 | bf16_mfu: 47.09 | epoch: 1 pq: 46 rg: 72 | total time: 16.53m | eta: 1.8m
step 04230/04692 (90.15%) | loss: 2.650752 | lrm: 0.20 | dt: 233.55ms | tok/sec: 2,244,858 | bf16_mfu: 47.13 | epoch: 1 pq: 46 rg: 72 | total time: 16.53m | eta: 1.8m
step 04231/04692 (90.17%) | loss: 2.650395 | lrm: 0.20 | dt: 233.45ms | tok/sec: 2,245,784 | bf16_mfu: 47.15 | epoch: 1 pq: 46 rg: 72 | total time: 16.53m | eta: 1.8m
step 04232/04692 (90.20%) | loss: 2.640618 | lrm: 0.20 | dt: 238.53ms | tok/sec: 2,198,025 | bf16_mfu: 46.14 | epoch: 1 pq: 46 rg: 72 | total time: 16.54m | eta: 1.8m
step 04233/04692 (90.22%) | loss: 2.644616 | lrm: 0.20 | dt: 234.14ms | tok/sec: 2,239,253 | bf16_mfu: 47.01 | epoch: 1 pq: 46 rg: 72 | total time: 16.54m | eta: 1.8m
step 04234/04692 (90.24%) | loss: 2.647297 | lrm: 0.20 | dt: 233.74ms | tok/sec: 2,243,031 | bf16_mfu: 47.09 | epoch: 1 pq: 46 rg: 72 | total time: 16.55m | eta: 1.8m
step 04235/04692 (90.26%) | loss: 2.654308 | lrm: 0.19 | dt: 233.18ms | tok/sec: 2,248,407 | bf16_mfu: 47.20 | epoch: 1 pq: 46 rg: 80 | total time: 16.55m | eta: 1.8m
step 04236/04692 (90.28%) | loss: 2.631295 | lrm: 0.19 | dt: 235.10ms | tok/sec: 2,230,095 | bf16_mfu: 46.82 | epoch: 1 pq: 46 rg: 80 | total time: 16.55m | eta: 1.8m
step 04237/04692 (90.30%) | loss: 2.629782 | lrm: 0.19 | dt: 235.83ms | tok/sec: 2,223,135 | bf16_mfu: 46.67 | epoch: 1 pq: 46 rg: 80 | total time: 16.56m | eta: 1.8m
step 04238/04692 (90.32%) | loss: 2.631440 | lrm: 0.19 | dt: 234.98ms | tok/sec: 2,231,244 | bf16_mfu: 46.84 | epoch: 1 pq: 46 rg: 80 | total time: 16.56m | eta: 1.8m
step 04239/04692 (90.35%) | loss: 2.641694 | lrm: 0.19 | dt: 231.23ms | tok/sec: 2,267,366 | bf16_mfu: 47.60 | epoch: 1 pq: 46 rg: 80 | total time: 16.56m | eta: 1.8m
step 04240/04692 (90.37%) | loss: 2.648114 | lrm: 0.19 | dt: 233.12ms | tok/sec: 2,249,016 | bf16_mfu: 47.21 | epoch: 1 pq: 46 rg: 80 | total time: 16.57m | eta: 1.8m
step 04241/04692 (90.39%) | loss: 2.646871 | lrm: 0.19 | dt: 237.14ms | tok/sec: 2,210,889 | bf16_mfu: 46.41 | epoch: 1 pq: 46 rg: 80 | total time: 16.57m | eta: 1.8m
step 04242/04692 (90.41%) | loss: 2.631881 | lrm: 0.19 | dt: 233.96ms | tok/sec: 2,240,924 | bf16_mfu: 47.04 | epoch: 1 pq: 46 rg: 80 | total time: 16.58m | eta: 1.8m
step 04243/04692 (90.43%) | loss: 2.643955 | lrm: 0.19 | dt: 234.80ms | tok/sec: 2,232,943 | bf16_mfu: 46.88 | epoch: 1 pq: 47 rg: 0 | total time: 16.58m | eta: 1.8m
step 04244/04692 (90.45%) | loss: 2.635916 | lrm: 0.19 | dt: 232.88ms | tok/sec: 2,251,339 | bf16_mfu: 47.26 | epoch: 1 pq: 47 rg: 0 | total time: 16.58m | eta: 1.8m
step 04245/04692 (90.47%) | loss: 2.629919 | lrm: 0.19 | dt: 235.15ms | tok/sec: 2,229,606 | bf16_mfu: 46.81 | epoch: 1 pq: 47 rg: 0 | total time: 16.59m | eta: 1.8m
step 04246/04692 (90.49%) | loss: 2.618687 | lrm: 0.19 | dt: 236.48ms | tok/sec: 2,217,067 | bf16_mfu: 46.54 | epoch: 1 pq: 47 rg: 0 | total time: 16.59m | eta: 1.7m
step 04247/04692 (90.52%) | loss: 2.611113 | lrm: 0.19 | dt: 234.23ms | tok/sec: 2,238,339 | bf16_mfu: 46.99 | epoch: 1 pq: 47 rg: 0 | total time: 16.60m | eta: 1.7m
step 04248/04692 (90.54%) | loss: 2.619514 | lrm: 0.19 | dt: 232.18ms | tok/sec: 2,258,152 | bf16_mfu: 47.41 | epoch: 1 pq: 47 rg: 0 | total time: 16.60m | eta: 1.7m
step 04249/04692 (90.56%) | loss: 2.632497 | lrm: 0.19 | dt: 233.63ms | tok/sec: 2,244,070 | bf16_mfu: 47.11 | epoch: 1 pq: 47 rg: 0 | total time: 16.60m | eta: 1.7m
Step 04250 | Validation bpb: 0.800910
step 04250/04692 (90.58%) | loss: 2.628945 | lrm: 0.19 | dt: 227.37ms | tok/sec: 2,305,925 | bf16_mfu: 48.41 | epoch: 1 pq: 47 rg: 0 | total time: 16.61m | eta: 1.7m
step 04251/04692 (90.60%) | loss: 2.633528 | lrm: 0.19 | dt: 230.40ms | tok/sec: 2,275,578 | bf16_mfu: 47.77 | epoch: 1 pq: 47 rg: 8 | total time: 16.61m | eta: 1.7m
step 04252/04692 (90.62%) | loss: 2.626920 | lrm: 0.19 | dt: 228.47ms | tok/sec: 2,294,806 | bf16_mfu: 48.17 | epoch: 1 pq: 47 rg: 8 | total time: 16.62m | eta: 1.7m
step 04253/04692 (90.64%) | loss: 2.624571 | lrm: 0.19 | dt: 245.44ms | tok/sec: 2,136,131 | bf16_mfu: 44.84 | epoch: 1 pq: 47 rg: 8 | total time: 16.62m | eta: 1.7m
step 04254/04692 (90.66%) | loss: 2.629577 | lrm: 0.19 | dt: 236.02ms | tok/sec: 2,221,388 | bf16_mfu: 46.63 | epoch: 1 pq: 47 rg: 8 | total time: 16.62m | eta: 1.7m
step 04255/04692 (90.69%) | loss: 2.628363 | lrm: 0.19 | dt: 229.44ms | tok/sec: 2,285,031 | bf16_mfu: 47.97 | epoch: 1 pq: 47 rg: 8 | total time: 16.63m | eta: 1.7m
step 04256/04692 (90.71%) | loss: 2.621908 | lrm: 0.19 | dt: 228.86ms | tok/sec: 2,290,875 | bf16_mfu: 48.09 | epoch: 1 pq: 47 rg: 8 | total time: 16.63m | eta: 1.7m
step 04257/04692 (90.73%) | loss: 2.621804 | lrm: 0.19 | dt: 236.86ms | tok/sec: 2,213,528 | bf16_mfu: 46.47 | epoch: 1 pq: 47 rg: 8 | total time: 16.64m | eta: 1.7m
step 04258/04692 (90.75%) | loss: 2.616733 | lrm: 0.18 | dt: 239.11ms | tok/sec: 2,192,636 | bf16_mfu: 46.03 | epoch: 1 pq: 47 rg: 8 | total time: 16.64m | eta: 1.7m
step 04259/04692 (90.77%) | loss: 2.631910 | lrm: 0.18 | dt: 232.88ms | tok/sec: 2,251,312 | bf16_mfu: 47.26 | epoch: 1 pq: 47 rg: 16 | total time: 16.64m | eta: 1.7m
step 04260/04692 (90.79%) | loss: 2.642639 | lrm: 0.18 | dt: 229.94ms | tok/sec: 2,280,117 | bf16_mfu: 47.87 | epoch: 1 pq: 47 rg: 16 | total time: 16.65m | eta: 1.7m
step 04261/04692 (90.81%) | loss: 2.637625 | lrm: 0.18 | dt: 231.73ms | tok/sec: 2,262,523 | bf16_mfu: 47.50 | epoch: 1 pq: 47 rg: 16 | total time: 16.65m | eta: 1.7m
step 04262/04692 (90.84%) | loss: 2.635167 | lrm: 0.18 | dt: 240.56ms | tok/sec: 2,179,462 | bf16_mfu: 45.75 | epoch: 1 pq: 47 rg: 16 | total time: 16.65m | eta: 1.7m
step 04263/04692 (90.86%) | loss: 2.637162 | lrm: 0.18 | dt: 234.22ms | tok/sec: 2,238,478 | bf16_mfu: 46.99 | epoch: 1 pq: 47 rg: 16 | total time: 16.66m | eta: 1.7m
step 04264/04692 (90.88%) | loss: 2.635647 | lrm: 0.18 | dt: 232.16ms | tok/sec: 2,258,322 | bf16_mfu: 47.41 | epoch: 1 pq: 47 rg: 16 | total time: 16.66m | eta: 1.7m
step 04265/04692 (90.90%) | loss: 2.637036 | lrm: 0.18 | dt: 231.83ms | tok/sec: 2,261,564 | bf16_mfu: 47.48 | epoch: 1 pq: 47 rg: 16 | total time: 16.67m | eta: 1.7m
step 04266/04692 (90.92%) | loss: 2.644855 | lrm: 0.18 | dt: 235.18ms | tok/sec: 2,229,349 | bf16_mfu: 46.80 | epoch: 1 pq: 47 rg: 16 | total time: 16.67m | eta: 1.7m
step 04267/04692 (90.94%) | loss: 2.643311 | lrm: 0.18 | dt: 237.85ms | tok/sec: 2,204,311 | bf16_mfu: 46.27 | epoch: 1 pq: 47 rg: 24 | total time: 16.67m | eta: 1.7m
step 04268/04692 (90.96%) | loss: 2.641362 | lrm: 0.18 | dt: 233.88ms | tok/sec: 2,241,687 | bf16_mfu: 47.06 | epoch: 1 pq: 47 rg: 24 | total time: 16.68m | eta: 1.7m
step 04269/04692 (90.98%) | loss: 2.632391 | lrm: 0.18 | dt: 232.18ms | tok/sec: 2,258,071 | bf16_mfu: 47.40 | epoch: 1 pq: 47 rg: 24 | total time: 16.68m | eta: 1.7m
step 04270/04692 (91.01%) | loss: 2.635414 | lrm: 0.18 | dt: 231.78ms | tok/sec: 2,262,050 | bf16_mfu: 47.49 | epoch: 1 pq: 47 rg: 24 | total time: 16.69m | eta: 1.7m
step 04271/04692 (91.03%) | loss: 2.636807 | lrm: 0.18 | dt: 237.93ms | tok/sec: 2,203,571 | bf16_mfu: 46.26 | epoch: 1 pq: 47 rg: 24 | total time: 16.69m | eta: 1.6m
step 04272/04692 (91.05%) | loss: 2.645663 | lrm: 0.18 | dt: 234.68ms | tok/sec: 2,234,048 | bf16_mfu: 46.90 | epoch: 1 pq: 47 rg: 24 | total time: 16.69m | eta: 1.6m
step 04273/04692 (91.07%) | loss: 2.625255 | lrm: 0.18 | dt: 231.49ms | tok/sec: 2,264,820 | bf16_mfu: 47.55 | epoch: 1 pq: 47 rg: 24 | total time: 16.70m | eta: 1.6m
step 04274/04692 (91.09%) | loss: 2.613715 | lrm: 0.18 | dt: 231.89ms | tok/sec: 2,260,929 | bf16_mfu: 47.46 | epoch: 1 pq: 47 rg: 24 | total time: 16.70m | eta: 1.6m
step 04275/04692 (91.11%) | loss: 2.605069 | lrm: 0.18 | dt: 236.65ms | tok/sec: 2,215,455 | bf16_mfu: 46.51 | epoch: 1 pq: 47 rg: 32 | total time: 16.71m | eta: 1.6m
step 04276/04692 (91.13%) | loss: 2.601386 | lrm: 0.18 | dt: 236.75ms | tok/sec: 2,214,482 | bf16_mfu: 46.49 | epoch: 1 pq: 47 rg: 32 | total time: 16.71m | eta: 1.6m
step 04277/04692 (91.16%) | loss: 2.609937 | lrm: 0.18 | dt: 234.55ms | tok/sec: 2,235,295 | bf16_mfu: 46.93 | epoch: 1 pq: 47 rg: 32 | total time: 16.71m | eta: 1.6m
step 04278/04692 (91.18%) | loss: 2.609615 | lrm: 0.18 | dt: 230.89ms | tok/sec: 2,270,730 | bf16_mfu: 47.67 | epoch: 1 pq: 47 rg: 32 | total time: 16.72m | eta: 1.6m
step 04279/04692 (91.20%) | loss: 2.596910 | lrm: 0.18 | dt: 235.84ms | tok/sec: 2,223,065 | bf16_mfu: 46.67 | epoch: 1 pq: 47 rg: 32 | total time: 16.72m | eta: 1.6m
step 04280/04692 (91.22%) | loss: 2.603383 | lrm: 0.18 | dt: 235.56ms | tok/sec: 2,225,750 | bf16_mfu: 46.72 | epoch: 1 pq: 47 rg: 32 | total time: 16.72m | eta: 1.6m
step 04281/04692 (91.24%) | loss: 2.616603 | lrm: 0.18 | dt: 233.63ms | tok/sec: 2,244,059 | bf16_mfu: 47.11 | epoch: 1 pq: 47 rg: 32 | total time: 16.73m | eta: 1.6m
step 04282/04692 (91.26%) | loss: 2.623884 | lrm: 0.17 | dt: 231.40ms | tok/sec: 2,265,705 | bf16_mfu: 47.56 | epoch: 1 pq: 47 rg: 32 | total time: 16.73m | eta: 1.6m
step 04283/04692 (91.28%) | loss: 2.609154 | lrm: 0.17 | dt: 232.93ms | tok/sec: 2,250,816 | bf16_mfu: 47.25 | epoch: 1 pq: 47 rg: 32 | total time: 16.74m | eta: 1.6m
step 04284/04692 (91.30%) | loss: 2.611506 | lrm: 0.17 | dt: 236.26ms | tok/sec: 2,219,074 | bf16_mfu: 46.58 | epoch: 1 pq: 47 rg: 40 | total time: 16.74m | eta: 1.6m
step 04285/04692 (91.33%) | loss: 2.611764 | lrm: 0.17 | dt: 235.76ms | tok/sec: 2,223,839 | bf16_mfu: 46.68 | epoch: 1 pq: 47 rg: 40 | total time: 16.74m | eta: 1.6m
step 04286/04692 (91.35%) | loss: 2.616773 | lrm: 0.17 | dt: 232.48ms | tok/sec: 2,255,174 | bf16_mfu: 47.34 | epoch: 1 pq: 47 rg: 40 | total time: 16.75m | eta: 1.6m
step 04287/04692 (91.37%) | loss: 2.627873 | lrm: 0.17 | dt: 232.75ms | tok/sec: 2,252,559 | bf16_mfu: 47.29 | epoch: 1 pq: 47 rg: 40 | total time: 16.75m | eta: 1.6m
step 04288/04692 (91.39%) | loss: 2.635688 | lrm: 0.17 | dt: 235.68ms | tok/sec: 2,224,543 | bf16_mfu: 46.70 | epoch: 1 pq: 47 rg: 40 | total time: 16.76m | eta: 1.6m
step 04289/04692 (91.41%) | loss: 2.627744 | lrm: 0.17 | dt: 234.30ms | tok/sec: 2,237,720 | bf16_mfu: 46.98 | epoch: 1 pq: 47 rg: 40 | total time: 16.76m | eta: 1.6m
step 04290/04692 (91.43%) | loss: 2.632020 | lrm: 0.17 | dt: 233.81ms | tok/sec: 2,242,356 | bf16_mfu: 47.07 | epoch: 1 pq: 47 rg: 40 | total time: 16.76m | eta: 1.6m
step 04291/04692 (91.45%) | loss: 2.636139 | lrm: 0.17 | dt: 231.58ms | tok/sec: 2,263,939 | bf16_mfu: 47.53 | epoch: 1 pq: 47 rg: 40 | total time: 16.77m | eta: 1.6m
step 04292/04692 (91.47%) | loss: 2.638803 | lrm: 0.17 | dt: 235.36ms | tok/sec: 2,227,567 | bf16_mfu: 46.76 | epoch: 1 pq: 47 rg: 48 | total time: 16.77m | eta: 1.6m
step 04293/04692 (91.50%) | loss: 2.628013 | lrm: 0.17 | dt: 235.62ms | tok/sec: 2,225,117 | bf16_mfu: 46.71 | epoch: 1 pq: 47 rg: 48 | total time: 16.78m | eta: 1.6m
step 04294/04692 (91.52%) | loss: 2.629178 | lrm: 0.17 | dt: 233.61ms | tok/sec: 2,244,274 | bf16_mfu: 47.11 | epoch: 1 pq: 47 rg: 48 | total time: 16.78m | eta: 1.6m
step 04295/04692 (91.54%) | loss: 2.633013 | lrm: 0.17 | dt: 231.37ms | tok/sec: 2,265,966 | bf16_mfu: 47.57 | epoch: 1 pq: 47 rg: 48 | total time: 16.78m | eta: 1.6m
step 04296/04692 (91.56%) | loss: 2.626455 | lrm: 0.17 | dt: 236.08ms | tok/sec: 2,220,813 | bf16_mfu: 46.62 | epoch: 1 pq: 47 rg: 48 | total time: 16.79m | eta: 1.6m
step 04297/04692 (91.58%) | loss: 2.633399 | lrm: 0.17 | dt: 234.74ms | tok/sec: 2,233,508 | bf16_mfu: 46.89 | epoch: 1 pq: 47 rg: 48 | total time: 16.79m | eta: 1.5m
step 04298/04692 (91.60%) | loss: 2.632046 | lrm: 0.17 | dt: 232.64ms | tok/sec: 2,253,691 | bf16_mfu: 47.31 | epoch: 1 pq: 47 rg: 48 | total time: 16.79m | eta: 1.5m
step 04299/04692 (91.62%) | loss: 2.626277 | lrm: 0.17 | dt: 233.20ms | tok/sec: 2,248,246 | bf16_mfu: 47.20 | epoch: 1 pq: 47 rg: 48 | total time: 16.80m | eta: 1.5m
step 04300/04692 (91.65%) | loss: 2.636691 | lrm: 0.17 | dt: 233.95ms | tok/sec: 2,241,067 | bf16_mfu: 47.05 | epoch: 1 pq: 47 rg: 48 | total time: 16.80m | eta: 1.5m
step 04301/04692 (91.67%) | loss: 2.643542 | lrm: 0.17 | dt: 234.80ms | tok/sec: 2,232,955 | bf16_mfu: 46.88 | epoch: 1 pq: 47 rg: 56 | total time: 16.81m | eta: 1.5m
step 04302/04692 (91.69%) | loss: 2.643608 | lrm: 0.17 | dt: 234.33ms | tok/sec: 2,237,355 | bf16_mfu: 46.97 | epoch: 1 pq: 47 rg: 56 | total time: 16.81m | eta: 1.5m
step 04303/04692 (91.71%) | loss: 2.650047 | lrm: 0.17 | dt: 232.93ms | tok/sec: 2,250,807 | bf16_mfu: 47.25 | epoch: 1 pq: 47 rg: 56 | total time: 16.81m | eta: 1.5m
step 04304/04692 (91.73%) | loss: 2.658983 | lrm: 0.17 | dt: 234.16ms | tok/sec: 2,238,996 | bf16_mfu: 47.00 | epoch: 1 pq: 47 rg: 56 | total time: 16.82m | eta: 1.5m
step 04305/04692 (91.75%) | loss: 2.631491 | lrm: 0.16 | dt: 234.30ms | tok/sec: 2,237,647 | bf16_mfu: 46.97 | epoch: 1 pq: 47 rg: 56 | total time: 16.82m | eta: 1.5m
step 04306/04692 (91.77%) | loss: 2.631438 | lrm: 0.16 | dt: 234.38ms | tok/sec: 2,236,955 | bf16_mfu: 46.96 | epoch: 1 pq: 47 rg: 56 | total time: 16.83m | eta: 1.5m
step 04307/04692 (91.79%) | loss: 2.625952 | lrm: 0.16 | dt: 233.51ms | tok/sec: 2,245,285 | bf16_mfu: 47.14 | epoch: 1 pq: 47 rg: 56 | total time: 16.83m | eta: 1.5m
step 04308/04692 (91.82%) | loss: 2.621140 | lrm: 0.16 | dt: 233.29ms | tok/sec: 2,247,400 | bf16_mfu: 47.18 | epoch: 1 pq: 47 rg: 56 | total time: 16.83m | eta: 1.5m
step 04309/04692 (91.84%) | loss: 2.612640 | lrm: 0.16 | dt: 233.35ms | tok/sec: 2,246,741 | bf16_mfu: 47.17 | epoch: 1 pq: 47 rg: 64 | total time: 16.84m | eta: 1.5m
step 04310/04692 (91.86%) | loss: 2.616503 | lrm: 0.16 | dt: 234.66ms | tok/sec: 2,234,289 | bf16_mfu: 46.90 | epoch: 1 pq: 47 rg: 64 | total time: 16.84m | eta: 1.5m
step 04311/04692 (91.88%) | loss: 2.614092 | lrm: 0.16 | dt: 232.32ms | tok/sec: 2,256,792 | bf16_mfu: 47.38 | epoch: 1 pq: 47 rg: 64 | total time: 16.85m | eta: 1.5m
step 04312/04692 (91.90%) | loss: 2.620966 | lrm: 0.16 | dt: 234.95ms | tok/sec: 2,231,462 | bf16_mfu: 46.84 | epoch: 1 pq: 47 rg: 64 | total time: 16.85m | eta: 1.5m
step 04313/04692 (91.92%) | loss: 2.635935 | lrm: 0.16 | dt: 235.72ms | tok/sec: 2,224,187 | bf16_mfu: 46.69 | epoch: 1 pq: 47 rg: 64 | total time: 16.85m | eta: 1.5m
step 04314/04692 (91.94%) | loss: 2.638750 | lrm: 0.16 | dt: 234.14ms | tok/sec: 2,239,171 | bf16_mfu: 47.01 | epoch: 1 pq: 47 rg: 64 | total time: 16.86m | eta: 1.5m
step 04315/04692 (91.97%) | loss: 2.642102 | lrm: 0.16 | dt: 232.67ms | tok/sec: 2,253,353 | bf16_mfu: 47.30 | epoch: 1 pq: 47 rg: 64 | total time: 16.86m | eta: 1.5m
step 04316/04692 (91.99%) | loss: 2.635555 | lrm: 0.16 | dt: 233.86ms | tok/sec: 2,241,915 | bf16_mfu: 47.06 | epoch: 1 pq: 47 rg: 64 | total time: 16.87m | eta: 1.5m
step 04317/04692 (92.01%) | loss: 2.645747 | lrm: 0.16 | dt: 234.47ms | tok/sec: 2,236,018 | bf16_mfu: 46.94 | epoch: 1 pq: 47 rg: 64 | total time: 16.87m | eta: 1.5m
step 04318/04692 (92.03%) | loss: 2.634807 | lrm: 0.16 | dt: 232.46ms | tok/sec: 2,255,426 | bf16_mfu: 47.35 | epoch: 1 pq: 47 rg: 72 | total time: 16.87m | eta: 1.5m
step 04319/04692 (92.05%) | loss: 2.635244 | lrm: 0.16 | dt: 233.60ms | tok/sec: 2,244,418 | bf16_mfu: 47.12 | epoch: 1 pq: 47 rg: 72 | total time: 16.88m | eta: 1.5m
step 04320/04692 (92.07%) | loss: 2.632975 | lrm: 0.16 | dt: 235.00ms | tok/sec: 2,231,034 | bf16_mfu: 46.84 | epoch: 1 pq: 47 rg: 72 | total time: 16.88m | eta: 1.5m
step 04321/04692 (92.09%) | loss: 2.625264 | lrm: 0.16 | dt: 234.51ms | tok/sec: 2,235,713 | bf16_mfu: 46.93 | epoch: 1 pq: 47 rg: 72 | total time: 16.88m | eta: 1.5m
step 04322/04692 (92.11%) | loss: 2.610037 | lrm: 0.16 | dt: 233.29ms | tok/sec: 2,247,389 | bf16_mfu: 47.18 | epoch: 1 pq: 47 rg: 72 | total time: 16.89m | eta: 1.4m
step 04323/04692 (92.14%) | loss: 2.608354 | lrm: 0.16 | dt: 233.83ms | tok/sec: 2,242,208 | bf16_mfu: 47.07 | epoch: 1 pq: 47 rg: 72 | total time: 16.89m | eta: 1.4m
step 04324/04692 (92.16%) | loss: 2.611310 | lrm: 0.16 | dt: 235.92ms | tok/sec: 2,222,270 | bf16_mfu: 46.65 | epoch: 1 pq: 47 rg: 72 | total time: 16.90m | eta: 1.4m
step 04325/04692 (92.18%) | loss: 2.616277 | lrm: 0.16 | dt: 234.08ms | tok/sec: 2,239,773 | bf16_mfu: 47.02 | epoch: 1 pq: 47 rg: 72 | total time: 16.90m | eta: 1.4m
step 04326/04692 (92.20%) | loss: 2.624221 | lrm: 0.16 | dt: 233.14ms | tok/sec: 2,248,830 | bf16_mfu: 47.21 | epoch: 1 pq: 47 rg: 80 | total time: 16.90m | eta: 1.4m
step 04327/04692 (92.22%) | loss: 2.616589 | lrm: 0.16 | dt: 232.37ms | tok/sec: 2,256,232 | bf16_mfu: 47.36 | epoch: 1 pq: 47 rg: 80 | total time: 16.91m | eta: 1.4m
step 04328/04692 (92.24%) | loss: 2.605106 | lrm: 0.16 | dt: 234.48ms | tok/sec: 2,235,943 | bf16_mfu: 46.94 | epoch: 1 pq: 47 rg: 80 | total time: 16.91m | eta: 1.4m
step 04329/04692 (92.26%) | loss: 2.607847 | lrm: 0.15 | dt: 233.19ms | tok/sec: 2,248,301 | bf16_mfu: 47.20 | epoch: 1 pq: 47 rg: 80 | total time: 16.92m | eta: 1.4m
step 04330/04692 (92.28%) | loss: 2.609193 | lrm: 0.15 | dt: 233.70ms | tok/sec: 2,243,377 | bf16_mfu: 47.09 | epoch: 1 pq: 47 rg: 80 | total time: 16.92m | eta: 1.4m
step 04331/04692 (92.31%) | loss: 2.608421 | lrm: 0.15 | dt: 233.98ms | tok/sec: 2,240,755 | bf16_mfu: 47.04 | epoch: 1 pq: 47 rg: 80 | total time: 16.92m | eta: 1.4m
step 04332/04692 (92.33%) | loss: 2.610877 | lrm: 0.15 | dt: 235.73ms | tok/sec: 2,224,066 | bf16_mfu: 46.69 | epoch: 1 pq: 47 rg: 80 | total time: 16.93m | eta: 1.4m
step 04333/04692 (92.35%) | loss: 2.596096 | lrm: 0.15 | dt: 233.12ms | tok/sec: 2,248,975 | bf16_mfu: 47.21 | epoch: 1 pq: 47 rg: 80 | total time: 16.93m | eta: 1.4m
step 04334/04692 (92.37%) | loss: 2.597829 | lrm: 0.15 | dt: 234.11ms | tok/sec: 2,239,493 | bf16_mfu: 47.01 | epoch: 1 pq: 48 rg: 0 | total time: 16.94m | eta: 1.4m
step 04335/04692 (92.39%) | loss: 2.604841 | lrm: 0.15 | dt: 233.62ms | tok/sec: 2,244,192 | bf16_mfu: 47.11 | epoch: 1 pq: 48 rg: 0 | total time: 16.94m | eta: 1.4m
step 04336/04692 (92.41%) | loss: 2.603052 | lrm: 0.15 | dt: 236.18ms | tok/sec: 2,219,890 | bf16_mfu: 46.60 | epoch: 1 pq: 48 rg: 0 | total time: 16.94m | eta: 1.4m
step 04337/04692 (92.43%) | loss: 2.609176 | lrm: 0.15 | dt: 235.38ms | tok/sec: 2,227,425 | bf16_mfu: 46.76 | epoch: 1 pq: 48 rg: 0 | total time: 16.95m | eta: 1.4m
step 04338/04692 (92.46%) | loss: 2.614185 | lrm: 0.15 | dt: 232.58ms | tok/sec: 2,254,178 | bf16_mfu: 47.32 | epoch: 1 pq: 48 rg: 0 | total time: 16.95m | eta: 1.4m
step 04339/04692 (92.48%) | loss: 2.624087 | lrm: 0.15 | dt: 232.02ms | tok/sec: 2,259,656 | bf16_mfu: 47.44 | epoch: 1 pq: 48 rg: 0 | total time: 16.95m | eta: 1.4m
step 04340/04692 (92.50%) | loss: 2.615864 | lrm: 0.15 | dt: 234.39ms | tok/sec: 2,236,866 | bf16_mfu: 46.96 | epoch: 1 pq: 48 rg: 0 | total time: 16.96m | eta: 1.4m
step 04341/04692 (92.52%) | loss: 2.612981 | lrm: 0.15 | dt: 234.07ms | tok/sec: 2,239,883 | bf16_mfu: 47.02 | epoch: 1 pq: 48 rg: 0 | total time: 16.96m | eta: 1.4m
step 04342/04692 (92.54%) | loss: 2.603921 | lrm: 0.15 | dt: 234.75ms | tok/sec: 2,233,415 | bf16_mfu: 46.89 | epoch: 1 pq: 48 rg: 8 | total time: 16.97m | eta: 1.4m
step 04343/04692 (92.56%) | loss: 2.598315 | lrm: 0.15 | dt: 233.03ms | tok/sec: 2,249,916 | bf16_mfu: 47.23 | epoch: 1 pq: 48 rg: 8 | total time: 16.97m | eta: 1.4m
step 04344/04692 (92.58%) | loss: 2.602295 | lrm: 0.15 | dt: 233.76ms | tok/sec: 2,242,878 | bf16_mfu: 47.08 | epoch: 1 pq: 48 rg: 8 | total time: 16.97m | eta: 1.4m
step 04345/04692 (92.60%) | loss: 2.601623 | lrm: 0.15 | dt: 233.02ms | tok/sec: 2,249,985 | bf16_mfu: 47.23 | epoch: 1 pq: 48 rg: 8 | total time: 16.98m | eta: 1.4m
step 04346/04692 (92.63%) | loss: 2.610530 | lrm: 0.15 | dt: 234.71ms | tok/sec: 2,233,778 | bf16_mfu: 46.89 | epoch: 1 pq: 48 rg: 8 | total time: 16.98m | eta: 1.4m
step 04347/04692 (92.65%) | loss: 2.611611 | lrm: 0.15 | dt: 232.15ms | tok/sec: 2,258,412 | bf16_mfu: 47.41 | epoch: 1 pq: 48 rg: 8 | total time: 16.99m | eta: 1.4m
step 04348/04692 (92.67%) | loss: 2.609909 | lrm: 0.15 | dt: 236.03ms | tok/sec: 2,221,323 | bf16_mfu: 46.63 | epoch: 1 pq: 48 rg: 8 | total time: 16.99m | eta: 1.3m
step 04349/04692 (92.69%) | loss: 2.598935 | lrm: 0.15 | dt: 235.18ms | tok/sec: 2,229,258 | bf16_mfu: 46.80 | epoch: 1 pq: 48 rg: 8 | total time: 16.99m | eta: 1.3m
step 04350/04692 (92.71%) | loss: 2.602915 | lrm: 0.15 | dt: 233.52ms | tok/sec: 2,245,147 | bf16_mfu: 47.13 | epoch: 1 pq: 48 rg: 8 | total time: 17.00m | eta: 1.3m
step 04351/04692 (92.73%) | loss: 2.596332 | lrm: 0.15 | dt: 232.81ms | tok/sec: 2,252,033 | bf16_mfu: 47.28 | epoch: 1 pq: 48 rg: 16 | total time: 17.00m | eta: 1.3m
step 04352/04692 (92.75%) | loss: 2.600351 | lrm: 0.14 | dt: 236.49ms | tok/sec: 2,217,000 | bf16_mfu: 46.54 | epoch: 1 pq: 48 rg: 16 | total time: 17.01m | eta: 1.3m
step 04353/04692 (92.77%) | loss: 2.598651 | lrm: 0.14 | dt: 235.18ms | tok/sec: 2,229,272 | bf16_mfu: 46.80 | epoch: 1 pq: 48 rg: 16 | total time: 17.01m | eta: 1.3m
step 04354/04692 (92.80%) | loss: 2.604936 | lrm: 0.14 | dt: 233.59ms | tok/sec: 2,244,473 | bf16_mfu: 47.12 | epoch: 1 pq: 48 rg: 16 | total time: 17.01m | eta: 1.3m
step 04355/04692 (92.82%) | loss: 2.612317 | lrm: 0.14 | dt: 231.90ms | tok/sec: 2,260,860 | bf16_mfu: 47.46 | epoch: 1 pq: 48 rg: 16 | total time: 17.02m | eta: 1.3m
step 04356/04692 (92.84%) | loss: 2.620160 | lrm: 0.14 | dt: 235.37ms | tok/sec: 2,227,546 | bf16_mfu: 46.76 | epoch: 1 pq: 48 rg: 16 | total time: 17.02m | eta: 1.3m
step 04357/04692 (92.86%) | loss: 2.618853 | lrm: 0.14 | dt: 234.88ms | tok/sec: 2,232,134 | bf16_mfu: 46.86 | epoch: 1 pq: 48 rg: 16 | total time: 17.03m | eta: 1.3m
step 04358/04692 (92.88%) | loss: 2.627535 | lrm: 0.14 | dt: 233.93ms | tok/sec: 2,241,195 | bf16_mfu: 47.05 | epoch: 1 pq: 48 rg: 16 | total time: 17.03m | eta: 1.3m
step 04359/04692 (92.90%) | loss: 2.632406 | lrm: 0.14 | dt: 232.56ms | tok/sec: 2,254,393 | bf16_mfu: 47.33 | epoch: 1 pq: 48 rg: 24 | total time: 17.03m | eta: 1.3m
step 04360/04692 (92.92%) | loss: 2.637373 | lrm: 0.14 | dt: 233.56ms | tok/sec: 2,244,790 | bf16_mfu: 47.12 | epoch: 1 pq: 48 rg: 24 | total time: 17.04m | eta: 1.3m
step 04361/04692 (92.95%) | loss: 2.630858 | lrm: 0.14 | dt: 236.18ms | tok/sec: 2,219,872 | bf16_mfu: 46.60 | epoch: 1 pq: 48 rg: 24 | total time: 17.04m | eta: 1.3m
step 04362/04692 (92.97%) | loss: 2.635210 | lrm: 0.14 | dt: 234.33ms | tok/sec: 2,237,412 | bf16_mfu: 46.97 | epoch: 1 pq: 48 rg: 24 | total time: 17.04m | eta: 1.3m
step 04363/04692 (92.99%) | loss: 2.643600 | lrm: 0.14 | dt: 234.28ms | tok/sec: 2,237,834 | bf16_mfu: 46.98 | epoch: 1 pq: 48 rg: 24 | total time: 17.05m | eta: 1.3m
step 04364/04692 (93.01%) | loss: 2.635483 | lrm: 0.14 | dt: 230.97ms | tok/sec: 2,269,896 | bf16_mfu: 47.65 | epoch: 1 pq: 48 rg: 24 | total time: 17.05m | eta: 1.3m
step 04365/04692 (93.03%) | loss: 2.648559 | lrm: 0.14 | dt: 235.38ms | tok/sec: 2,227,400 | bf16_mfu: 46.76 | epoch: 1 pq: 48 rg: 24 | total time: 17.06m | eta: 1.3m
step 04366/04692 (93.05%) | loss: 2.653404 | lrm: 0.14 | dt: 234.34ms | tok/sec: 2,237,326 | bf16_mfu: 46.97 | epoch: 1 pq: 48 rg: 24 | total time: 17.06m | eta: 1.3m
step 04367/04692 (93.07%) | loss: 2.647584 | lrm: 0.14 | dt: 234.82ms | tok/sec: 2,232,757 | bf16_mfu: 46.87 | epoch: 1 pq: 48 rg: 32 | total time: 17.06m | eta: 1.3m
step 04368/04692 (93.09%) | loss: 2.646773 | lrm: 0.14 | dt: 233.82ms | tok/sec: 2,242,304 | bf16_mfu: 47.07 | epoch: 1 pq: 48 rg: 32 | total time: 17.07m | eta: 1.3m
step 04369/04692 (93.12%) | loss: 2.652559 | lrm: 0.14 | dt: 234.62ms | tok/sec: 2,234,672 | bf16_mfu: 46.91 | epoch: 1 pq: 48 rg: 32 | total time: 17.07m | eta: 1.3m
step 04370/04692 (93.14%) | loss: 2.657723 | lrm: 0.14 | dt: 234.10ms | tok/sec: 2,239,600 | bf16_mfu: 47.02 | epoch: 1 pq: 48 rg: 32 | total time: 17.08m | eta: 1.3m
step 04371/04692 (93.16%) | loss: 2.639542 | lrm: 0.14 | dt: 234.04ms | tok/sec: 2,240,170 | bf16_mfu: 47.03 | epoch: 1 pq: 48 rg: 32 | total time: 17.08m | eta: 1.3m
step 04372/04692 (93.18%) | loss: 2.625191 | lrm: 0.14 | dt: 233.75ms | tok/sec: 2,242,983 | bf16_mfu: 47.09 | epoch: 1 pq: 48 rg: 32 | total time: 17.08m | eta: 1.3m
step 04373/04692 (93.20%) | loss: 2.636534 | lrm: 0.14 | dt: 234.37ms | tok/sec: 2,236,984 | bf16_mfu: 46.96 | epoch: 1 pq: 48 rg: 32 | total time: 17.09m | eta: 1.2m
step 04374/04692 (93.22%) | loss: 2.635847 | lrm: 0.14 | dt: 234.89ms | tok/sec: 2,232,014 | bf16_mfu: 46.86 | epoch: 1 pq: 48 rg: 32 | total time: 17.09m | eta: 1.2m
step 04375/04692 (93.24%) | loss: 2.635712 | lrm: 0.14 | dt: 235.27ms | tok/sec: 2,228,422 | bf16_mfu: 46.78 | epoch: 1 pq: 48 rg: 32 | total time: 17.10m | eta: 1.2m
step 04376/04692 (93.27%) | loss: 2.636744 | lrm: 0.13 | dt: 232.88ms | tok/sec: 2,251,321 | bf16_mfu: 47.26 | epoch: 1 pq: 48 rg: 40 | total time: 17.10m | eta: 1.2m
step 04377/04692 (93.29%) | loss: 2.625311 | lrm: 0.13 | dt: 233.42ms | tok/sec: 2,246,083 | bf16_mfu: 47.15 | epoch: 1 pq: 48 rg: 40 | total time: 17.10m | eta: 1.2m
step 04378/04692 (93.31%) | loss: 2.615722 | lrm: 0.13 | dt: 234.90ms | tok/sec: 2,231,942 | bf16_mfu: 46.85 | epoch: 1 pq: 48 rg: 40 | total time: 17.11m | eta: 1.2m
step 04379/04692 (93.33%) | loss: 2.611678 | lrm: 0.13 | dt: 237.06ms | tok/sec: 2,211,598 | bf16_mfu: 46.43 | epoch: 1 pq: 48 rg: 40 | total time: 17.11m | eta: 1.2m
step 04380/04692 (93.35%) | loss: 2.618884 | lrm: 0.13 | dt: 234.00ms | tok/sec: 2,240,538 | bf16_mfu: 47.04 | epoch: 1 pq: 48 rg: 40 | total time: 17.11m | eta: 1.2m
step 04381/04692 (93.37%) | loss: 2.621352 | lrm: 0.13 | dt: 232.66ms | tok/sec: 2,253,497 | bf16_mfu: 47.31 | epoch: 1 pq: 48 rg: 40 | total time: 17.12m | eta: 1.2m
step 04382/04692 (93.39%) | loss: 2.631317 | lrm: 0.13 | dt: 234.89ms | tok/sec: 2,232,091 | bf16_mfu: 46.86 | epoch: 1 pq: 48 rg: 40 | total time: 17.12m | eta: 1.2m
step 04383/04692 (93.41%) | loss: 2.628955 | lrm: 0.13 | dt: 234.37ms | tok/sec: 2,236,980 | bf16_mfu: 46.96 | epoch: 1 pq: 48 rg: 40 | total time: 17.13m | eta: 1.2m
step 04384/04692 (93.44%) | loss: 2.631869 | lrm: 0.13 | dt: 233.15ms | tok/sec: 2,248,761 | bf16_mfu: 47.21 | epoch: 1 pq: 48 rg: 48 | total time: 17.13m | eta: 1.2m
step 04385/04692 (93.46%) | loss: 2.633000 | lrm: 0.13 | dt: 232.37ms | tok/sec: 2,256,232 | bf16_mfu: 47.36 | epoch: 1 pq: 48 rg: 48 | total time: 17.13m | eta: 1.2m
step 04386/04692 (93.48%) | loss: 2.621737 | lrm: 0.13 | dt: 235.31ms | tok/sec: 2,228,045 | bf16_mfu: 46.77 | epoch: 1 pq: 48 rg: 48 | total time: 17.14m | eta: 1.2m
step 04387/04692 (93.50%) | loss: 2.613283 | lrm: 0.13 | dt: 233.61ms | tok/sec: 2,244,269 | bf16_mfu: 47.11 | epoch: 1 pq: 48 rg: 48 | total time: 17.14m | eta: 1.2m
step 04388/04692 (93.52%) | loss: 2.614004 | lrm: 0.13 | dt: 233.67ms | tok/sec: 2,243,674 | bf16_mfu: 47.10 | epoch: 1 pq: 48 rg: 48 | total time: 17.15m | eta: 1.2m
step 04389/04692 (93.54%) | loss: 2.614186 | lrm: 0.13 | dt: 233.10ms | tok/sec: 2,249,209 | bf16_mfu: 47.22 | epoch: 1 pq: 48 rg: 48 | total time: 17.15m | eta: 1.2m
step 04390/04692 (93.56%) | loss: 2.617564 | lrm: 0.13 | dt: 233.86ms | tok/sec: 2,241,927 | bf16_mfu: 47.06 | epoch: 1 pq: 48 rg: 48 | total time: 17.15m | eta: 1.2m
step 04391/04692 (93.58%) | loss: 2.605523 | lrm: 0.13 | dt: 233.79ms | tok/sec: 2,242,562 | bf16_mfu: 47.08 | epoch: 1 pq: 48 rg: 48 | total time: 17.16m | eta: 1.2m
step 04392/04692 (93.61%) | loss: 2.619525 | lrm: 0.13 | dt: 232.27ms | tok/sec: 2,257,225 | bf16_mfu: 47.39 | epoch: 1 pq: 48 rg: 48 | total time: 17.16m | eta: 1.2m
step 04393/04692 (93.63%) | loss: 2.626021 | lrm: 0.13 | dt: 234.36ms | tok/sec: 2,237,080 | bf16_mfu: 46.96 | epoch: 1 pq: 48 rg: 56 | total time: 17.17m | eta: 1.2m
step 04394/04692 (93.65%) | loss: 2.633797 | lrm: 0.13 | dt: 234.00ms | tok/sec: 2,240,563 | bf16_mfu: 47.04 | epoch: 1 pq: 48 rg: 56 | total time: 17.17m | eta: 1.2m
step 04395/04692 (93.67%) | loss: 2.628271 | lrm: 0.13 | dt: 235.47ms | tok/sec: 2,226,554 | bf16_mfu: 46.74 | epoch: 1 pq: 48 rg: 56 | total time: 17.17m | eta: 1.2m
step 04396/04692 (93.69%) | loss: 2.631050 | lrm: 0.13 | dt: 234.04ms | tok/sec: 2,240,125 | bf16_mfu: 47.03 | epoch: 1 pq: 48 rg: 56 | total time: 17.18m | eta: 1.2m
step 04397/04692 (93.71%) | loss: 2.629532 | lrm: 0.13 | dt: 233.70ms | tok/sec: 2,243,443 | bf16_mfu: 47.10 | epoch: 1 pq: 48 rg: 56 | total time: 17.18m | eta: 1.2m
step 04398/04692 (93.73%) | loss: 2.631748 | lrm: 0.13 | dt: 236.30ms | tok/sec: 2,218,779 | bf16_mfu: 46.58 | epoch: 1 pq: 48 rg: 56 | total time: 17.19m | eta: 1.2m
step 04399/04692 (93.76%) | loss: 2.645813 | lrm: 0.12 | dt: 233.95ms | tok/sec: 2,240,994 | bf16_mfu: 47.04 | epoch: 1 pq: 48 rg: 56 | total time: 17.19m | eta: 1.1m
step 04400/04692 (93.78%) | loss: 2.635309 | lrm: 0.12 | dt: 232.85ms | tok/sec: 2,251,630 | bf16_mfu: 47.27 | epoch: 1 pq: 48 rg: 56 | total time: 17.19m | eta: 1.1m
step 04401/04692 (93.80%) | loss: 2.626717 | lrm: 0.12 | dt: 232.03ms | tok/sec: 2,259,607 | bf16_mfu: 47.44 | epoch: 1 pq: 48 rg: 64 | total time: 17.20m | eta: 1.1m
step 04402/04692 (93.82%) | loss: 2.613078 | lrm: 0.12 | dt: 235.04ms | tok/sec: 2,230,592 | bf16_mfu: 46.83 | epoch: 1 pq: 48 rg: 64 | total time: 17.20m | eta: 1.1m
step 04403/04692 (93.84%) | loss: 2.612118 | lrm: 0.12 | dt: 232.72ms | tok/sec: 2,252,845 | bf16_mfu: 47.29 | epoch: 1 pq: 48 rg: 64 | total time: 17.20m | eta: 1.1m
step 04404/04692 (93.86%) | loss: 2.608972 | lrm: 0.12 | dt: 233.17ms | tok/sec: 2,248,503 | bf16_mfu: 47.20 | epoch: 1 pq: 48 rg: 64 | total time: 17.21m | eta: 1.1m
step 04405/04692 (93.88%) | loss: 2.610405 | lrm: 0.12 | dt: 234.00ms | tok/sec: 2,240,576 | bf16_mfu: 47.04 | epoch: 1 pq: 48 rg: 64 | total time: 17.21m | eta: 1.1m
step 04406/04692 (93.90%) | loss: 2.605620 | lrm: 0.12 | dt: 234.39ms | tok/sec: 2,236,846 | bf16_mfu: 46.96 | epoch: 1 pq: 48 rg: 64 | total time: 17.22m | eta: 1.1m
step 04407/04692 (93.93%) | loss: 2.591806 | lrm: 0.12 | dt: 233.90ms | tok/sec: 2,241,547 | bf16_mfu: 47.06 | epoch: 1 pq: 48 rg: 64 | total time: 17.22m | eta: 1.1m
step 04408/04692 (93.95%) | loss: 2.591883 | lrm: 0.12 | dt: 235.39ms | tok/sec: 2,227,337 | bf16_mfu: 46.76 | epoch: 1 pq: 48 rg: 64 | total time: 17.22m | eta: 1.1m
step 04409/04692 (93.97%) | loss: 2.591326 | lrm: 0.12 | dt: 234.21ms | tok/sec: 2,238,560 | bf16_mfu: 46.99 | epoch: 1 pq: 48 rg: 72 | total time: 17.23m | eta: 1.1m
step 04410/04692 (93.99%) | loss: 2.594883 | lrm: 0.12 | dt: 236.31ms | tok/sec: 2,218,651 | bf16_mfu: 46.58 | epoch: 1 pq: 48 rg: 72 | total time: 17.23m | eta: 1.1m
step 04411/04692 (94.01%) | loss: 2.600486 | lrm: 0.12 | dt: 233.99ms | tok/sec: 2,240,659 | bf16_mfu: 47.04 | epoch: 1 pq: 48 rg: 72 | total time: 17.24m | eta: 1.1m
step 04412/04692 (94.03%) | loss: 2.615406 | lrm: 0.12 | dt: 233.83ms | tok/sec: 2,242,128 | bf16_mfu: 47.07 | epoch: 1 pq: 48 rg: 72 | total time: 17.24m | eta: 1.1m
step 04413/04692 (94.05%) | loss: 2.620539 | lrm: 0.12 | dt: 233.40ms | tok/sec: 2,246,296 | bf16_mfu: 47.16 | epoch: 1 pq: 48 rg: 72 | total time: 17.24m | eta: 1.1m
step 04414/04692 (94.08%) | loss: 2.624895 | lrm: 0.12 | dt: 235.95ms | tok/sec: 2,222,052 | bf16_mfu: 46.65 | epoch: 1 pq: 48 rg: 72 | total time: 17.25m | eta: 1.1m
step 04415/04692 (94.10%) | loss: 2.619267 | lrm: 0.12 | dt: 233.19ms | tok/sec: 2,248,338 | bf16_mfu: 47.20 | epoch: 1 pq: 48 rg: 72 | total time: 17.25m | eta: 1.1m
step 04416/04692 (94.12%) | loss: 2.612799 | lrm: 0.12 | dt: 234.42ms | tok/sec: 2,236,525 | bf16_mfu: 46.95 | epoch: 1 pq: 48 rg: 72 | total time: 17.26m | eta: 1.1m
step 04417/04692 (94.14%) | loss: 2.614568 | lrm: 0.12 | dt: 234.14ms | tok/sec: 2,239,235 | bf16_mfu: 47.01 | epoch: 1 pq: 48 rg: 72 | total time: 17.26m | eta: 1.1m
step 04418/04692 (94.16%) | loss: 2.606372 | lrm: 0.12 | dt: 234.54ms | tok/sec: 2,235,388 | bf16_mfu: 46.93 | epoch: 1 pq: 48 rg: 80 | total time: 17.26m | eta: 1.1m
step 04419/04692 (94.18%) | loss: 2.613291 | lrm: 0.12 | dt: 234.53ms | tok/sec: 2,235,449 | bf16_mfu: 46.93 | epoch: 1 pq: 48 rg: 80 | total time: 17.27m | eta: 1.1m
step 04420/04692 (94.20%) | loss: 2.624179 | lrm: 0.12 | dt: 232.69ms | tok/sec: 2,253,169 | bf16_mfu: 47.30 | epoch: 1 pq: 48 rg: 80 | total time: 17.27m | eta: 1.1m
step 04421/04692 (94.22%) | loss: 2.618069 | lrm: 0.12 | dt: 233.15ms | tok/sec: 2,248,699 | bf16_mfu: 47.21 | epoch: 1 pq: 48 rg: 80 | total time: 17.27m | eta: 1.1m
step 04422/04692 (94.25%) | loss: 2.625344 | lrm: 0.12 | dt: 235.94ms | tok/sec: 2,222,153 | bf16_mfu: 46.65 | epoch: 1 pq: 48 rg: 80 | total time: 17.28m | eta: 1.1m
step 04423/04692 (94.27%) | loss: 2.628595 | lrm: 0.11 | dt: 233.70ms | tok/sec: 2,243,390 | bf16_mfu: 47.10 | epoch: 1 pq: 48 rg: 80 | total time: 17.28m | eta: 1.1m
step 04424/04692 (94.29%) | loss: 2.639373 | lrm: 0.11 | dt: 233.70ms | tok/sec: 2,243,402 | bf16_mfu: 47.10 | epoch: 1 pq: 48 rg: 80 | total time: 17.29m | eta: 1.0m
step 04425/04692 (94.31%) | loss: 2.650011 | lrm: 0.11 | dt: 250.19ms | tok/sec: 2,095,589 | bf16_mfu: 43.99 | epoch: 1 pq: 48 rg: 80 | total time: 17.29m | eta: 1.0m
step 04426/04692 (94.33%) | loss: 2.645320 | lrm: 0.11 | dt: 230.01ms | tok/sec: 2,279,380 | bf16_mfu: 47.85 | epoch: 1 pq: 49 rg: 0 | total time: 17.29m | eta: 1.0m
step 04427/04692 (94.35%) | loss: 2.647365 | lrm: 0.11 | dt: 232.73ms | tok/sec: 2,252,804 | bf16_mfu: 47.29 | epoch: 1 pq: 49 rg: 0 | total time: 17.30m | eta: 1.0m
step 04428/04692 (94.37%) | loss: 2.639145 | lrm: 0.11 | dt: 234.08ms | tok/sec: 2,239,746 | bf16_mfu: 47.02 | epoch: 1 pq: 49 rg: 0 | total time: 17.30m | eta: 1.0m
step 04429/04692 (94.39%) | loss: 2.635910 | lrm: 0.11 | dt: 237.41ms | tok/sec: 2,208,406 | bf16_mfu: 46.36 | epoch: 1 pq: 49 rg: 0 | total time: 17.31m | eta: 1.0m
step 04430/04692 (94.42%) | loss: 2.635347 | lrm: 0.11 | dt: 233.60ms | tok/sec: 2,244,370 | bf16_mfu: 47.12 | epoch: 1 pq: 49 rg: 0 | total time: 17.31m | eta: 1.0m
step 04431/04692 (94.44%) | loss: 2.645015 | lrm: 0.11 | dt: 232.90ms | tok/sec: 2,251,120 | bf16_mfu: 47.26 | epoch: 1 pq: 49 rg: 0 | total time: 17.31m | eta: 1.0m
step 04432/04692 (94.46%) | loss: 2.653778 | lrm: 0.11 | dt: 233.50ms | tok/sec: 2,245,383 | bf16_mfu: 47.14 | epoch: 1 pq: 49 rg: 0 | total time: 17.32m | eta: 1.0m
step 04433/04692 (94.48%) | loss: 2.653391 | lrm: 0.11 | dt: 236.54ms | tok/sec: 2,216,486 | bf16_mfu: 46.53 | epoch: 1 pq: 49 rg: 0 | total time: 17.32m | eta: 1.0m
step 04434/04692 (94.50%) | loss: 2.652368 | lrm: 0.11 | dt: 235.40ms | tok/sec: 2,227,195 | bf16_mfu: 46.76 | epoch: 1 pq: 49 rg: 8 | total time: 17.33m | eta: 1.0m
step 04435/04692 (94.52%) | loss: 2.653457 | lrm: 0.11 | dt: 233.63ms | tok/sec: 2,244,061 | bf16_mfu: 47.11 | epoch: 1 pq: 49 rg: 8 | total time: 17.33m | eta: 1.0m
step 04436/04692 (94.54%) | loss: 2.651694 | lrm: 0.11 | dt: 231.65ms | tok/sec: 2,263,273 | bf16_mfu: 47.51 | epoch: 1 pq: 49 rg: 8 | total time: 17.33m | eta: 1.0m
step 04437/04692 (94.57%) | loss: 2.654392 | lrm: 0.11 | dt: 235.93ms | tok/sec: 2,222,191 | bf16_mfu: 46.65 | epoch: 1 pq: 49 rg: 8 | total time: 17.34m | eta: 1.0m
step 04438/04692 (94.59%) | loss: 2.662475 | lrm: 0.11 | dt: 236.36ms | tok/sec: 2,218,219 | bf16_mfu: 46.57 | epoch: 1 pq: 49 rg: 8 | total time: 17.34m | eta: 1.0m
step 04439/04692 (94.61%) | loss: 2.654507 | lrm: 0.11 | dt: 234.19ms | tok/sec: 2,238,727 | bf16_mfu: 47.00 | epoch: 1 pq: 49 rg: 8 | total time: 17.35m | eta: 1.0m
step 04440/04692 (94.63%) | loss: 2.653164 | lrm: 0.11 | dt: 232.02ms | tok/sec: 2,259,665 | bf16_mfu: 47.44 | epoch: 1 pq: 49 rg: 8 | total time: 17.35m | eta: 1.0m
step 04441/04692 (94.65%) | loss: 2.650987 | lrm: 0.11 | dt: 235.21ms | tok/sec: 2,229,053 | bf16_mfu: 46.79 | epoch: 1 pq: 49 rg: 8 | total time: 17.35m | eta: 1.0m
step 04442/04692 (94.67%) | loss: 2.654250 | lrm: 0.11 | dt: 236.32ms | tok/sec: 2,218,550 | bf16_mfu: 46.57 | epoch: 1 pq: 49 rg: 8 | total time: 17.36m | eta: 1.0m
step 04443/04692 (94.69%) | loss: 2.658387 | lrm: 0.11 | dt: 236.26ms | tok/sec: 2,219,128 | bf16_mfu: 46.59 | epoch: 1 pq: 49 rg: 16 | total time: 17.36m | eta: 1.0m
step 04444/04692 (94.71%) | loss: 2.656717 | lrm: 0.11 | dt: 233.90ms | tok/sec: 2,241,490 | bf16_mfu: 47.06 | epoch: 1 pq: 49 rg: 16 | total time: 17.36m | eta: 1.0m
step 04445/04692 (94.74%) | loss: 2.651677 | lrm: 0.11 | dt: 233.75ms | tok/sec: 2,242,907 | bf16_mfu: 47.09 | epoch: 1 pq: 49 rg: 16 | total time: 17.37m | eta: 1.0m
step 04446/04692 (94.76%) | loss: 2.642280 | lrm: 0.10 | dt: 234.10ms | tok/sec: 2,239,602 | bf16_mfu: 47.02 | epoch: 1 pq: 49 rg: 16 | total time: 17.37m | eta: 1.0m
step 04447/04692 (94.78%) | loss: 2.642567 | lrm: 0.10 | dt: 235.98ms | tok/sec: 2,221,762 | bf16_mfu: 46.64 | epoch: 1 pq: 49 rg: 16 | total time: 17.38m | eta: 1.0m
step 04448/04692 (94.80%) | loss: 2.642297 | lrm: 0.10 | dt: 232.90ms | tok/sec: 2,251,084 | bf16_mfu: 47.26 | epoch: 1 pq: 49 rg: 16 | total time: 17.38m | eta: 1.0m
step 04449/04692 (94.82%) | loss: 2.635964 | lrm: 0.10 | dt: 232.04ms | tok/sec: 2,259,519 | bf16_mfu: 47.43 | epoch: 1 pq: 49 rg: 16 | total time: 17.38m | eta: 1.0m
step 04450/04692 (94.84%) | loss: 2.626984 | lrm: 0.10 | dt: 235.53ms | tok/sec: 2,225,984 | bf16_mfu: 46.73 | epoch: 1 pq: 49 rg: 16 | total time: 17.39m | eta: 0.9m
step 04451/04692 (94.86%) | loss: 2.624956 | lrm: 0.10 | dt: 236.24ms | tok/sec: 2,219,312 | bf16_mfu: 46.59 | epoch: 1 pq: 49 rg: 24 | total time: 17.39m | eta: 0.9m
step 04452/04692 (94.88%) | loss: 2.620267 | lrm: 0.10 | dt: 234.13ms | tok/sec: 2,239,306 | bf16_mfu: 47.01 | epoch: 1 pq: 49 rg: 24 | total time: 17.40m | eta: 0.9m
step 04453/04692 (94.91%) | loss: 2.622446 | lrm: 0.10 | dt: 233.11ms | tok/sec: 2,249,062 | bf16_mfu: 47.21 | epoch: 1 pq: 49 rg: 24 | total time: 17.40m | eta: 0.9m
step 04454/04692 (94.93%) | loss: 2.624089 | lrm: 0.10 | dt: 233.25ms | tok/sec: 2,247,786 | bf16_mfu: 47.19 | epoch: 1 pq: 49 rg: 24 | total time: 17.40m | eta: 0.9m
step 04455/04692 (94.95%) | loss: 2.624353 | lrm: 0.10 | dt: 235.51ms | tok/sec: 2,226,160 | bf16_mfu: 46.73 | epoch: 1 pq: 49 rg: 24 | total time: 17.41m | eta: 0.9m
step 04456/04692 (94.97%) | loss: 2.620966 | lrm: 0.10 | dt: 234.44ms | tok/sec: 2,236,318 | bf16_mfu: 46.95 | epoch: 1 pq: 49 rg: 24 | total time: 17.41m | eta: 0.9m
step 04457/04692 (94.99%) | loss: 2.605469 | lrm: 0.10 | dt: 233.06ms | tok/sec: 2,249,630 | bf16_mfu: 47.23 | epoch: 1 pq: 49 rg: 24 | total time: 17.42m | eta: 0.9m
step 04458/04692 (95.01%) | loss: 2.612857 | lrm: 0.10 | dt: 233.04ms | tok/sec: 2,249,748 | bf16_mfu: 47.23 | epoch: 1 pq: 49 rg: 24 | total time: 17.42m | eta: 0.9m
step 04459/04692 (95.03%) | loss: 2.615962 | lrm: 0.10 | dt: 236.14ms | tok/sec: 2,220,277 | bf16_mfu: 46.61 | epoch: 1 pq: 49 rg: 32 | total time: 17.42m | eta: 0.9m
step 04460/04692 (95.06%) | loss: 2.624873 | lrm: 0.10 | dt: 233.75ms | tok/sec: 2,242,965 | bf16_mfu: 47.09 | epoch: 1 pq: 49 rg: 32 | total time: 17.43m | eta: 0.9m
step 04461/04692 (95.08%) | loss: 2.631001 | lrm: 0.10 | dt: 234.49ms | tok/sec: 2,235,852 | bf16_mfu: 46.94 | epoch: 1 pq: 49 rg: 32 | total time: 17.43m | eta: 0.9m
step 04462/04692 (95.10%) | loss: 2.637056 | lrm: 0.10 | dt: 232.85ms | tok/sec: 2,251,630 | bf16_mfu: 47.27 | epoch: 1 pq: 49 rg: 32 | total time: 17.44m | eta: 0.9m
step 04463/04692 (95.12%) | loss: 2.639345 | lrm: 0.10 | dt: 234.57ms | tok/sec: 2,235,131 | bf16_mfu: 46.92 | epoch: 1 pq: 49 rg: 32 | total time: 17.44m | eta: 0.9m
step 04464/04692 (95.14%) | loss: 2.647792 | lrm: 0.10 | dt: 234.54ms | tok/sec: 2,235,393 | bf16_mfu: 46.93 | epoch: 1 pq: 49 rg: 32 | total time: 17.44m | eta: 0.9m
step 04465/04692 (95.16%) | loss: 2.647118 | lrm: 0.10 | dt: 233.69ms | tok/sec: 2,243,484 | bf16_mfu: 47.10 | epoch: 1 pq: 49 rg: 32 | total time: 17.45m | eta: 0.9m
step 04466/04692 (95.18%) | loss: 2.650663 | lrm: 0.10 | dt: 231.70ms | tok/sec: 2,262,835 | bf16_mfu: 47.50 | epoch: 1 pq: 49 rg: 32 | total time: 17.45m | eta: 0.9m
step 04467/04692 (95.20%) | loss: 2.639608 | lrm: 0.10 | dt: 233.97ms | tok/sec: 2,240,791 | bf16_mfu: 47.04 | epoch: 1 pq: 49 rg: 40 | total time: 17.45m | eta: 0.9m
step 04468/04692 (95.23%) | loss: 2.630415 | lrm: 0.10 | dt: 234.47ms | tok/sec: 2,236,081 | bf16_mfu: 46.94 | epoch: 1 pq: 49 rg: 40 | total time: 17.46m | eta: 0.9m
step 04469/04692 (95.25%) | loss: 2.638160 | lrm: 0.10 | dt: 235.45ms | tok/sec: 2,226,795 | bf16_mfu: 46.75 | epoch: 1 pq: 49 rg: 40 | total time: 17.46m | eta: 0.9m
step 04470/04692 (95.27%) | loss: 2.631545 | lrm: 0.09 | dt: 233.73ms | tok/sec: 2,243,171 | bf16_mfu: 47.09 | epoch: 1 pq: 49 rg: 40 | total time: 17.47m | eta: 0.9m
step 04471/04692 (95.29%) | loss: 2.643398 | lrm: 0.09 | dt: 235.70ms | tok/sec: 2,224,367 | bf16_mfu: 46.70 | epoch: 1 pq: 49 rg: 40 | total time: 17.47m | eta: 0.9m
step 04472/04692 (95.31%) | loss: 2.631903 | lrm: 0.09 | dt: 235.91ms | tok/sec: 2,222,384 | bf16_mfu: 46.65 | epoch: 1 pq: 49 rg: 40 | total time: 17.47m | eta: 0.9m
step 04473/04692 (95.33%) | loss: 2.638072 | lrm: 0.09 | dt: 233.27ms | tok/sec: 2,247,550 | bf16_mfu: 47.18 | epoch: 1 pq: 49 rg: 40 | total time: 17.48m | eta: 0.9m
step 04474/04692 (95.35%) | loss: 2.637968 | lrm: 0.09 | dt: 232.02ms | tok/sec: 2,259,638 | bf16_mfu: 47.44 | epoch: 1 pq: 49 rg: 40 | total time: 17.48m | eta: 0.9m
step 04475/04692 (95.38%) | loss: 2.633610 | lrm: 0.09 | dt: 233.73ms | tok/sec: 2,243,152 | bf16_mfu: 47.09 | epoch: 1 pq: 49 rg: 40 | total time: 17.49m | eta: 0.8m
step 04476/04692 (95.40%) | loss: 2.637539 | lrm: 0.09 | dt: 234.24ms | tok/sec: 2,238,234 | bf16_mfu: 46.99 | epoch: 1 pq: 49 rg: 48 | total time: 17.49m | eta: 0.8m
step 04477/04692 (95.42%) | loss: 2.638927 | lrm: 0.09 | dt: 235.66ms | tok/sec: 2,224,799 | bf16_mfu: 46.70 | epoch: 1 pq: 49 rg: 48 | total time: 17.49m | eta: 0.8m
step 04478/04692 (95.44%) | loss: 2.638892 | lrm: 0.09 | dt: 234.11ms | tok/sec: 2,239,486 | bf16_mfu: 47.01 | epoch: 1 pq: 49 rg: 48 | total time: 17.50m | eta: 0.8m
step 04479/04692 (95.46%) | loss: 2.632284 | lrm: 0.09 | dt: 233.12ms | tok/sec: 2,248,966 | bf16_mfu: 47.21 | epoch: 1 pq: 49 rg: 48 | total time: 17.50m | eta: 0.8m
step 04480/04692 (95.48%) | loss: 2.633530 | lrm: 0.09 | dt: 234.49ms | tok/sec: 2,235,893 | bf16_mfu: 46.94 | epoch: 1 pq: 49 rg: 48 | total time: 17.51m | eta: 0.8m
step 04481/04692 (95.50%) | loss: 2.625898 | lrm: 0.09 | dt: 235.40ms | tok/sec: 2,227,258 | bf16_mfu: 46.76 | epoch: 1 pq: 49 rg: 48 | total time: 17.51m | eta: 0.8m
step 04482/04692 (95.52%) | loss: 2.629370 | lrm: 0.09 | dt: 233.48ms | tok/sec: 2,245,548 | bf16_mfu: 47.14 | epoch: 1 pq: 49 rg: 48 | total time: 17.51m | eta: 0.8m
step 04483/04692 (95.55%) | loss: 2.629974 | lrm: 0.09 | dt: 233.02ms | tok/sec: 2,249,999 | bf16_mfu: 47.23 | epoch: 1 pq: 49 rg: 48 | total time: 17.52m | eta: 0.8m
step 04484/04692 (95.57%) | loss: 2.622739 | lrm: 0.09 | dt: 235.74ms | tok/sec: 2,223,965 | bf16_mfu: 46.69 | epoch: 1 pq: 49 rg: 56 | total time: 17.52m | eta: 0.8m
step 04485/04692 (95.59%) | loss: 2.622595 | lrm: 0.09 | dt: 234.47ms | tok/sec: 2,236,081 | bf16_mfu: 46.94 | epoch: 1 pq: 49 rg: 56 | total time: 17.52m | eta: 0.8m
step 04486/04692 (95.61%) | loss: 2.612790 | lrm: 0.09 | dt: 233.49ms | tok/sec: 2,245,441 | bf16_mfu: 47.14 | epoch: 1 pq: 49 rg: 56 | total time: 17.53m | eta: 0.8m
step 04487/04692 (95.63%) | loss: 2.623743 | lrm: 0.09 | dt: 232.30ms | tok/sec: 2,256,987 | bf16_mfu: 47.38 | epoch: 1 pq: 49 rg: 56 | total time: 17.53m | eta: 0.8m
step 04488/04692 (95.65%) | loss: 2.623190 | lrm: 0.09 | dt: 235.44ms | tok/sec: 2,226,865 | bf16_mfu: 46.75 | epoch: 1 pq: 49 rg: 56 | total time: 17.54m | eta: 0.8m
step 04489/04692 (95.67%) | loss: 2.630077 | lrm: 0.09 | dt: 233.31ms | tok/sec: 2,247,166 | bf16_mfu: 47.17 | epoch: 1 pq: 49 rg: 56 | total time: 17.54m | eta: 0.8m
step 04490/04692 (95.69%) | loss: 2.636197 | lrm: 0.09 | dt: 232.95ms | tok/sec: 2,250,669 | bf16_mfu: 47.25 | epoch: 1 pq: 49 rg: 56 | total time: 17.54m | eta: 0.8m
step 04491/04692 (95.72%) | loss: 2.627923 | lrm: 0.09 | dt: 234.16ms | tok/sec: 2,238,973 | bf16_mfu: 47.00 | epoch: 1 pq: 49 rg: 56 | total time: 17.55m | eta: 0.8m
step 04492/04692 (95.74%) | loss: 2.627942 | lrm: 0.09 | dt: 236.34ms | tok/sec: 2,218,403 | bf16_mfu: 46.57 | epoch: 1 pq: 49 rg: 64 | total time: 17.55m | eta: 0.8m
step 04493/04692 (95.76%) | loss: 2.631255 | lrm: 0.08 | dt: 234.61ms | tok/sec: 2,234,693 | bf16_mfu: 46.91 | epoch: 1 pq: 49 rg: 64 | total time: 17.56m | eta: 0.8m
step 04494/04692 (95.78%) | loss: 2.634377 | lrm: 0.08 | dt: 233.67ms | tok/sec: 2,243,741 | bf16_mfu: 47.10 | epoch: 1 pq: 49 rg: 64 | total time: 17.56m | eta: 0.8m
step 04495/04692 (95.80%) | loss: 2.637260 | lrm: 0.08 | dt: 234.71ms | tok/sec: 2,233,721 | bf16_mfu: 46.89 | epoch: 1 pq: 49 rg: 64 | total time: 17.56m | eta: 0.8m
step 04496/04692 (95.82%) | loss: 2.632024 | lrm: 0.08 | dt: 234.07ms | tok/sec: 2,239,848 | bf16_mfu: 47.02 | epoch: 1 pq: 49 rg: 64 | total time: 17.57m | eta: 0.8m
step 04497/04692 (95.84%) | loss: 2.636422 | lrm: 0.08 | dt: 235.68ms | tok/sec: 2,224,603 | bf16_mfu: 46.70 | epoch: 1 pq: 49 rg: 64 | total time: 17.57m | eta: 0.8m
step 04498/04692 (95.87%) | loss: 2.626444 | lrm: 0.08 | dt: 235.53ms | tok/sec: 2,225,955 | bf16_mfu: 46.73 | epoch: 1 pq: 49 rg: 64 | total time: 17.58m | eta: 0.8m
step 04499/04692 (95.89%) | loss: 2.633233 | lrm: 0.08 | dt: 231.75ms | tok/sec: 2,262,306 | bf16_mfu: 47.49 | epoch: 1 pq: 49 rg: 64 | total time: 17.58m | eta: 0.8m
Step 04500 | Validation bpb: 0.795487
2026-03-06 21:27:47,479 - nanochat.checkpoint_manager - [32m[1mINFO[0m - Saved optimizer state to: /data/.cache/nanochat/base_checkpoints/part3/d16_baseline/optim_004500_rank5.pt
2026-03-06 21:27:47,484 - nanochat.checkpoint_manager - [32m[1mINFO[0m - Saved optimizer state to: /data/.cache/nanochat/base_checkpoints/part3/d16_baseline/optim_004500_rank6.pt
2026-03-06 21:27:47,486 - nanochat.checkpoint_manager - [32m[1mINFO[0m - Saved optimizer state to: /data/.cache/nanochat/base_checkpoints/part3/d16_baseline/optim_004500_rank2.pt
2026-03-06 21:27:47,488 - nanochat.checkpoint_manager - [32m[1mINFO[0m - Saved optimizer state to: /data/.cache/nanochat/base_checkpoints/part3/d16_baseline/optim_004500_rank7.pt
2026-03-06 21:27:47,489 - nanochat.checkpoint_manager - [32m[1mINFO[0m - Saved optimizer state to: /data/.cache/nanochat/base_checkpoints/part3/d16_baseline/optim_004500_rank3.pt
2026-03-06 21:27:47,492 - nanochat.checkpoint_manager - [32m[1mINFO[0m - Saved optimizer state to: /data/.cache/nanochat/base_checkpoints/part3/d16_baseline/optim_004500_rank1.pt
2026-03-06 21:27:47,493 - nanochat.checkpoint_manager - [32m[1mINFO[0m - Saved optimizer state to: /data/.cache/nanochat/base_checkpoints/part3/d16_baseline/optim_004500_rank4.pt
2026-03-06 21:27:50,660 - nanochat.checkpoint_manager - [32m[1mINFO[0m - Saved model parameters to: /data/.cache/nanochat/base_checkpoints/part3/d16_baseline/model_004500.pt
2026-03-06 21:27:50,663 - nanochat.checkpoint_manager - [32m[1mINFO[0m - Saved metadata to: /data/.cache/nanochat/base_checkpoints/part3/d16_baseline/meta_004500.json
2026-03-06 21:27:51,209 - nanochat.checkpoint_manager - [32m[1mINFO[0m - Saved optimizer state to: /data/.cache/nanochat/base_checkpoints/part3/d16_baseline/optim_004500_rank0.pt
step 04500/04692 (95.91%) | loss: 2.636654 | lrm: 0.08 | dt: 229.18ms | tok/sec: 2,287,646 | bf16_mfu: 48.02 | epoch: 1 pq: 49 rg: 72 | total time: 17.58m | eta: 0.8m
step 04501/04692 (95.93%) | loss: 2.641563 | lrm: 0.08 | dt: 229.62ms | tok/sec: 2,283,292 | bf16_mfu: 47.93 | epoch: 1 pq: 49 rg: 72 | total time: 17.59m | eta: 0.7m
step 04502/04692 (95.95%) | loss: 2.627009 | lrm: 0.08 | dt: 229.89ms | tok/sec: 2,280,590 | bf16_mfu: 47.88 | epoch: 1 pq: 49 rg: 72 | total time: 17.59m | eta: 0.7m
step 04503/04692 (95.97%) | loss: 2.636348 | lrm: 0.08 | dt: 233.52ms | tok/sec: 2,245,197 | bf16_mfu: 47.13 | epoch: 1 pq: 49 rg: 72 | total time: 17.59m | eta: 0.7m
step 04504/04692 (95.99%) | loss: 2.640073 | lrm: 0.08 | dt: 243.01ms | tok/sec: 2,157,483 | bf16_mfu: 45.29 | epoch: 1 pq: 49 rg: 72 | total time: 17.60m | eta: 0.7m
step 04505/04692 (96.01%) | loss: 2.630351 | lrm: 0.08 | dt: 235.06ms | tok/sec: 2,230,472 | bf16_mfu: 46.82 | epoch: 1 pq: 49 rg: 72 | total time: 17.60m | eta: 0.7m
step 04506/04692 (96.04%) | loss: 2.640846 | lrm: 0.08 | dt: 231.78ms | tok/sec: 2,262,055 | bf16_mfu: 47.49 | epoch: 1 pq: 49 rg: 72 | total time: 17.61m | eta: 0.7m
step 04507/04692 (96.06%) | loss: 2.646301 | lrm: 0.08 | dt: 233.02ms | tok/sec: 2,250,013 | bf16_mfu: 47.23 | epoch: 1 pq: 49 rg: 72 | total time: 17.61m | eta: 0.7m
step 04508/04692 (96.08%) | loss: 2.637007 | lrm: 0.08 | dt: 238.42ms | tok/sec: 2,199,001 | bf16_mfu: 46.16 | epoch: 1 pq: 49 rg: 80 | total time: 17.61m | eta: 0.7m
step 04509/04692 (96.10%) | loss: 2.638944 | lrm: 0.08 | dt: 230.37ms | tok/sec: 2,275,891 | bf16_mfu: 47.78 | epoch: 1 pq: 49 rg: 80 | total time: 17.62m | eta: 0.7m
step 04510/04692 (96.12%) | loss: 2.632041 | lrm: 0.08 | dt: 228.37ms | tok/sec: 2,295,754 | bf16_mfu: 48.19 | epoch: 1 pq: 49 rg: 80 | total time: 17.62m | eta: 0.7m
step 04511/04692 (96.14%) | loss: 2.634635 | lrm: 0.08 | dt: 229.75ms | tok/sec: 2,281,968 | bf16_mfu: 47.91 | epoch: 1 pq: 49 rg: 80 | total time: 17.63m | eta: 0.7m
step 04512/04692 (96.16%) | loss: 2.640930 | lrm: 0.08 | dt: 237.86ms | tok/sec: 2,204,141 | bf16_mfu: 46.27 | epoch: 1 pq: 49 rg: 80 | total time: 17.63m | eta: 0.7m
step 04513/04692 (96.18%) | loss: 2.642275 | lrm: 0.08 | dt: 241.64ms | tok/sec: 2,169,686 | bf16_mfu: 45.55 | epoch: 1 pq: 49 rg: 80 | total time: 17.63m | eta: 0.7m
step 04514/04692 (96.21%) | loss: 2.638302 | lrm: 0.08 | dt: 236.29ms | tok/sec: 2,218,830 | bf16_mfu: 46.58 | epoch: 1 pq: 49 rg: 80 | total time: 17.64m | eta: 0.7m
step 04515/04692 (96.23%) | loss: 2.639022 | lrm: 0.08 | dt: 231.71ms | tok/sec: 2,262,669 | bf16_mfu: 47.50 | epoch: 1 pq: 49 rg: 80 | total time: 17.64m | eta: 0.7m
step 04516/04692 (96.25%) | loss: 2.633684 | lrm: 0.08 | dt: 230.11ms | tok/sec: 2,278,409 | bf16_mfu: 47.83 | epoch: 1 pq: 49 rg: 80 | total time: 17.65m | eta: 0.7m
step 04517/04692 (96.27%) | loss: 2.632543 | lrm: 0.07 | dt: 238.58ms | tok/sec: 2,197,559 | bf16_mfu: 46.13 | epoch: 1 pq: 50 rg: 0 | total time: 17.65m | eta: 0.7m
step 04518/04692 (96.29%) | loss: 2.636153 | lrm: 0.07 | dt: 239.90ms | tok/sec: 2,185,488 | bf16_mfu: 45.88 | epoch: 1 pq: 50 rg: 0 | total time: 17.65m | eta: 0.7m
step 04519/04692 (96.31%) | loss: 2.636584 | lrm: 0.07 | dt: 233.65ms | tok/sec: 2,243,933 | bf16_mfu: 47.11 | epoch: 1 pq: 50 rg: 0 | total time: 17.66m | eta: 0.7m
step 04520/04692 (96.33%) | loss: 2.631946 | lrm: 0.07 | dt: 231.61ms | tok/sec: 2,263,685 | bf16_mfu: 47.52 | epoch: 1 pq: 50 rg: 0 | total time: 17.66m | eta: 0.7m
step 04521/04692 (96.36%) | loss: 2.625549 | lrm: 0.07 | dt: 234.21ms | tok/sec: 2,238,496 | bf16_mfu: 46.99 | epoch: 1 pq: 50 rg: 0 | total time: 17.67m | eta: 0.7m
step 04522/04692 (96.38%) | loss: 2.636080 | lrm: 0.07 | dt: 239.31ms | tok/sec: 2,190,792 | bf16_mfu: 45.99 | epoch: 1 pq: 50 rg: 0 | total time: 17.67m | eta: 0.7m
step 04523/04692 (96.40%) | loss: 2.630581 | lrm: 0.07 | dt: 235.42ms | tok/sec: 2,227,061 | bf16_mfu: 46.75 | epoch: 1 pq: 50 rg: 0 | total time: 17.67m | eta: 0.7m
step 04524/04692 (96.42%) | loss: 2.613767 | lrm: 0.07 | dt: 233.69ms | tok/sec: 2,243,518 | bf16_mfu: 47.10 | epoch: 1 pq: 50 rg: 0 | total time: 17.68m | eta: 0.7m
step 04525/04692 (96.44%) | loss: 2.615017 | lrm: 0.07 | dt: 233.75ms | tok/sec: 2,242,896 | bf16_mfu: 47.08 | epoch: 1 pq: 50 rg: 8 | total time: 17.68m | eta: 0.7m
step 04526/04692 (96.46%) | loss: 2.613832 | lrm: 0.07 | dt: 235.53ms | tok/sec: 2,226,027 | bf16_mfu: 46.73 | epoch: 1 pq: 50 rg: 8 | total time: 17.68m | eta: 0.7m
step 04527/04692 (96.48%) | loss: 2.612626 | lrm: 0.07 | dt: 234.77ms | tok/sec: 2,233,186 | bf16_mfu: 46.88 | epoch: 1 pq: 50 rg: 8 | total time: 17.69m | eta: 0.6m
step 04528/04692 (96.50%) | loss: 2.605526 | lrm: 0.07 | dt: 235.34ms | tok/sec: 2,227,759 | bf16_mfu: 46.77 | epoch: 1 pq: 50 rg: 8 | total time: 17.69m | eta: 0.6m
step 04529/04692 (96.53%) | loss: 2.602519 | lrm: 0.07 | dt: 232.26ms | tok/sec: 2,257,369 | bf16_mfu: 47.39 | epoch: 1 pq: 50 rg: 8 | total time: 17.70m | eta: 0.6m
step 04530/04692 (96.55%) | loss: 2.604916 | lrm: 0.07 | dt: 232.34ms | tok/sec: 2,256,542 | bf16_mfu: 47.37 | epoch: 1 pq: 50 rg: 8 | total time: 17.70m | eta: 0.6m
step 04531/04692 (96.57%) | loss: 2.600039 | lrm: 0.07 | dt: 234.25ms | tok/sec: 2,238,143 | bf16_mfu: 46.99 | epoch: 1 pq: 50 rg: 8 | total time: 17.70m | eta: 0.6m
step 04532/04692 (96.59%) | loss: 2.605873 | lrm: 0.07 | dt: 235.36ms | tok/sec: 2,227,567 | bf16_mfu: 46.76 | epoch: 1 pq: 50 rg: 8 | total time: 17.71m | eta: 0.6m
step 04533/04692 (96.61%) | loss: 2.606416 | lrm: 0.07 | dt: 231.90ms | tok/sec: 2,260,808 | bf16_mfu: 47.46 | epoch: 1 pq: 50 rg: 16 | total time: 17.71m | eta: 0.6m
step 04534/04692 (96.63%) | loss: 2.598908 | lrm: 0.07 | dt: 231.20ms | tok/sec: 2,267,700 | bf16_mfu: 47.61 | epoch: 1 pq: 50 rg: 16 | total time: 17.72m | eta: 0.6m
step 04535/04692 (96.65%) | loss: 2.600303 | lrm: 0.07 | dt: 237.78ms | tok/sec: 2,204,892 | bf16_mfu: 46.29 | epoch: 1 pq: 50 rg: 16 | total time: 17.72m | eta: 0.6m
step 04536/04692 (96.68%) | loss: 2.598389 | lrm: 0.07 | dt: 232.70ms | tok/sec: 2,253,106 | bf16_mfu: 47.30 | epoch: 1 pq: 50 rg: 16 | total time: 17.72m | eta: 0.6m
step 04537/04692 (96.70%) | loss: 2.593677 | lrm: 0.07 | dt: 233.90ms | tok/sec: 2,241,460 | bf16_mfu: 47.05 | epoch: 1 pq: 50 rg: 16 | total time: 17.73m | eta: 0.6m
step 04538/04692 (96.72%) | loss: 2.598069 | lrm: 0.07 | dt: 233.20ms | tok/sec: 2,248,257 | bf16_mfu: 47.20 | epoch: 1 pq: 50 rg: 16 | total time: 17.73m | eta: 0.6m
step 04539/04692 (96.74%) | loss: 2.579960 | lrm: 0.07 | dt: 235.69ms | tok/sec: 2,224,466 | bf16_mfu: 46.70 | epoch: 1 pq: 50 rg: 16 | total time: 17.74m | eta: 0.6m
step 04540/04692 (96.76%) | loss: 2.579328 | lrm: 0.06 | dt: 234.49ms | tok/sec: 2,235,859 | bf16_mfu: 46.94 | epoch: 1 pq: 50 rg: 16 | total time: 17.74m | eta: 0.6m
step 04541/04692 (96.78%) | loss: 2.568156 | lrm: 0.06 | dt: 233.35ms | tok/sec: 2,246,764 | bf16_mfu: 47.17 | epoch: 1 pq: 50 rg: 24 | total time: 17.74m | eta: 0.6m
step 04542/04692 (96.80%) | loss: 2.568787 | lrm: 0.06 | dt: 234.06ms | tok/sec: 2,239,956 | bf16_mfu: 47.02 | epoch: 1 pq: 50 rg: 24 | total time: 17.75m | eta: 0.6m
step 04543/04692 (96.82%) | loss: 2.585090 | lrm: 0.06 | dt: 233.26ms | tok/sec: 2,247,667 | bf16_mfu: 47.19 | epoch: 1 pq: 50 rg: 24 | total time: 17.75m | eta: 0.6m
step 04544/04692 (96.85%) | loss: 2.583027 | lrm: 0.06 | dt: 233.67ms | tok/sec: 2,243,711 | bf16_mfu: 47.10 | epoch: 1 pq: 50 rg: 24 | total time: 17.76m | eta: 0.6m
step 04545/04692 (96.87%) | loss: 2.589660 | lrm: 0.06 | dt: 235.57ms | tok/sec: 2,225,641 | bf16_mfu: 46.72 | epoch: 1 pq: 50 rg: 24 | total time: 17.76m | eta: 0.6m
step 04546/04692 (96.89%) | loss: 2.595565 | lrm: 0.06 | dt: 233.00ms | tok/sec: 2,250,176 | bf16_mfu: 47.24 | epoch: 1 pq: 50 rg: 24 | total time: 17.76m | eta: 0.6m
step 04547/04692 (96.91%) | loss: 2.596557 | lrm: 0.06 | dt: 233.75ms | tok/sec: 2,242,924 | bf16_mfu: 47.09 | epoch: 1 pq: 50 rg: 24 | total time: 17.77m | eta: 0.6m
step 04548/04692 (96.93%) | loss: 2.583674 | lrm: 0.06 | dt: 233.92ms | tok/sec: 2,241,353 | bf16_mfu: 47.05 | epoch: 1 pq: 50 rg: 24 | total time: 17.77m | eta: 0.6m
step 04549/04692 (96.95%) | loss: 2.594575 | lrm: 0.06 | dt: 233.28ms | tok/sec: 2,247,474 | bf16_mfu: 47.18 | epoch: 1 pq: 50 rg: 32 | total time: 17.77m | eta: 0.6m
step 04550/04692 (96.97%) | loss: 2.597724 | lrm: 0.06 | dt: 232.99ms | tok/sec: 2,250,238 | bf16_mfu: 47.24 | epoch: 1 pq: 50 rg: 32 | total time: 17.78m | eta: 0.6m
step 04551/04692 (96.99%) | loss: 2.607118 | lrm: 0.06 | dt: 235.11ms | tok/sec: 2,229,941 | bf16_mfu: 46.81 | epoch: 1 pq: 50 rg: 32 | total time: 17.78m | eta: 0.6m
step 04552/04692 (97.02%) | loss: 2.608423 | lrm: 0.06 | dt: 233.75ms | tok/sec: 2,242,990 | bf16_mfu: 47.09 | epoch: 1 pq: 50 rg: 32 | total time: 17.79m | eta: 0.5m
step 04553/04692 (97.04%) | loss: 2.598204 | lrm: 0.06 | dt: 234.47ms | tok/sec: 2,236,100 | bf16_mfu: 46.94 | epoch: 1 pq: 50 rg: 32 | total time: 17.79m | eta: 0.5m
step 04554/04692 (97.06%) | loss: 2.603071 | lrm: 0.06 | dt: 234.01ms | tok/sec: 2,240,465 | bf16_mfu: 47.03 | epoch: 1 pq: 50 rg: 32 | total time: 17.79m | eta: 0.5m
step 04555/04692 (97.08%) | loss: 2.599218 | lrm: 0.06 | dt: 236.52ms | tok/sec: 2,216,712 | bf16_mfu: 46.54 | epoch: 1 pq: 50 rg: 32 | total time: 17.80m | eta: 0.5m
step 04556/04692 (97.10%) | loss: 2.599150 | lrm: 0.06 | dt: 233.88ms | tok/sec: 2,241,698 | bf16_mfu: 47.06 | epoch: 1 pq: 50 rg: 32 | total time: 17.80m | eta: 0.5m
step 04557/04692 (97.12%) | loss: 2.607632 | lrm: 0.06 | dt: 232.93ms | tok/sec: 2,250,802 | bf16_mfu: 47.25 | epoch: 1 pq: 50 rg: 32 | total time: 17.81m | eta: 0.5m
step 04558/04692 (97.14%) | loss: 2.604826 | lrm: 0.06 | dt: 233.64ms | tok/sec: 2,243,981 | bf16_mfu: 47.11 | epoch: 1 pq: 50 rg: 40 | total time: 17.81m | eta: 0.5m
step 04559/04692 (97.17%) | loss: 2.601446 | lrm: 0.06 | dt: 235.76ms | tok/sec: 2,223,782 | bf16_mfu: 46.68 | epoch: 1 pq: 50 rg: 40 | total time: 17.81m | eta: 0.5m
step 04560/04692 (97.19%) | loss: 2.591840 | lrm: 0.06 | dt: 234.05ms | tok/sec: 2,240,068 | bf16_mfu: 47.03 | epoch: 1 pq: 50 rg: 40 | total time: 17.82m | eta: 0.5m
step 04561/04692 (97.21%) | loss: 2.598025 | lrm: 0.06 | dt: 236.68ms | tok/sec: 2,215,138 | bf16_mfu: 46.50 | epoch: 1 pq: 50 rg: 40 | total time: 17.82m | eta: 0.5m
step 04562/04692 (97.23%) | loss: 2.609121 | lrm: 0.06 | dt: 233.71ms | tok/sec: 2,243,365 | bf16_mfu: 47.09 | epoch: 1 pq: 50 rg: 40 | total time: 17.83m | eta: 0.5m
step 04563/04692 (97.25%) | loss: 2.583865 | lrm: 0.05 | dt: 233.69ms | tok/sec: 2,243,544 | bf16_mfu: 47.10 | epoch: 1 pq: 50 rg: 40 | total time: 17.83m | eta: 0.5m
step 04564/04692 (97.27%) | loss: 2.596677 | lrm: 0.05 | dt: 236.03ms | tok/sec: 2,221,273 | bf16_mfu: 46.63 | epoch: 1 pq: 50 rg: 40 | total time: 17.83m | eta: 0.5m
step 04565/04692 (97.29%) | loss: 2.600808 | lrm: 0.05 | dt: 237.10ms | tok/sec: 2,211,224 | bf16_mfu: 46.42 | epoch: 1 pq: 50 rg: 40 | total time: 17.84m | eta: 0.5m
step 04566/04692 (97.31%) | loss: 2.600752 | lrm: 0.05 | dt: 234.15ms | tok/sec: 2,239,082 | bf16_mfu: 47.00 | epoch: 1 pq: 50 rg: 48 | total time: 17.84m | eta: 0.5m
step 04567/04692 (97.34%) | loss: 2.601299 | lrm: 0.05 | dt: 232.35ms | tok/sec: 2,256,426 | bf16_mfu: 47.37 | epoch: 1 pq: 50 rg: 48 | total time: 17.84m | eta: 0.5m
step 04568/04692 (97.36%) | loss: 2.598252 | lrm: 0.05 | dt: 232.84ms | tok/sec: 2,251,720 | bf16_mfu: 47.27 | epoch: 1 pq: 50 rg: 48 | total time: 17.85m | eta: 0.5m
step 04569/04692 (97.38%) | loss: 2.608049 | lrm: 0.05 | dt: 235.63ms | tok/sec: 2,225,038 | bf16_mfu: 46.71 | epoch: 1 pq: 50 rg: 48 | total time: 17.85m | eta: 0.5m
step 04570/04692 (97.40%) | loss: 2.606888 | lrm: 0.05 | dt: 234.51ms | tok/sec: 2,235,672 | bf16_mfu: 46.93 | epoch: 1 pq: 50 rg: 48 | total time: 17.86m | eta: 0.5m
step 04571/04692 (97.42%) | loss: 2.611511 | lrm: 0.05 | dt: 232.88ms | tok/sec: 2,251,286 | bf16_mfu: 47.26 | epoch: 1 pq: 50 rg: 48 | total time: 17.86m | eta: 0.5m
step 04572/04692 (97.44%) | loss: 2.608601 | lrm: 0.05 | dt: 232.04ms | tok/sec: 2,259,459 | bf16_mfu: 47.43 | epoch: 1 pq: 50 rg: 48 | total time: 17.86m | eta: 0.5m
step 04573/04692 (97.46%) | loss: 2.612804 | lrm: 0.05 | dt: 235.13ms | tok/sec: 2,229,805 | bf16_mfu: 46.81 | epoch: 1 pq: 50 rg: 48 | total time: 17.87m | eta: 0.5m
step 04574/04692 (97.49%) | loss: 2.609693 | lrm: 0.05 | dt: 235.22ms | tok/sec: 2,228,964 | bf16_mfu: 46.79 | epoch: 1 pq: 50 rg: 56 | total time: 17.87m | eta: 0.5m
step 04575/04692 (97.51%) | loss: 2.605765 | lrm: 0.05 | dt: 232.40ms | tok/sec: 2,255,940 | bf16_mfu: 47.36 | epoch: 1 pq: 50 rg: 56 | total time: 17.88m | eta: 0.5m
step 04576/04692 (97.53%) | loss: 2.607120 | lrm: 0.05 | dt: 233.11ms | tok/sec: 2,249,078 | bf16_mfu: 47.21 | epoch: 1 pq: 50 rg: 56 | total time: 17.88m | eta: 0.5m
step 04577/04692 (97.55%) | loss: 2.607542 | lrm: 0.05 | dt: 237.40ms | tok/sec: 2,208,455 | bf16_mfu: 46.36 | epoch: 1 pq: 50 rg: 56 | total time: 17.88m | eta: 0.5m
step 04578/04692 (97.57%) | loss: 2.613873 | lrm: 0.05 | dt: 233.18ms | tok/sec: 2,248,404 | bf16_mfu: 47.20 | epoch: 1 pq: 50 rg: 56 | total time: 17.89m | eta: 0.4m
step 04579/04692 (97.59%) | loss: 2.611670 | lrm: 0.05 | dt: 232.84ms | tok/sec: 2,251,736 | bf16_mfu: 47.27 | epoch: 1 pq: 50 rg: 56 | total time: 17.89m | eta: 0.4m
step 04580/04692 (97.61%) | loss: 2.616138 | lrm: 0.05 | dt: 233.43ms | tok/sec: 2,245,986 | bf16_mfu: 47.15 | epoch: 1 pq: 50 rg: 56 | total time: 17.90m | eta: 0.4m
step 04581/04692 (97.63%) | loss: 2.622118 | lrm: 0.05 | dt: 235.95ms | tok/sec: 2,222,070 | bf16_mfu: 46.65 | epoch: 1 pq: 50 rg: 56 | total time: 17.90m | eta: 0.4m
step 04582/04692 (97.66%) | loss: 2.618832 | lrm: 0.05 | dt: 234.88ms | tok/sec: 2,232,127 | bf16_mfu: 46.86 | epoch: 1 pq: 50 rg: 56 | total time: 17.90m | eta: 0.4m
step 04583/04692 (97.68%) | loss: 2.614907 | lrm: 0.05 | dt: 234.60ms | tok/sec: 2,234,804 | bf16_mfu: 46.91 | epoch: 1 pq: 50 rg: 64 | total time: 17.91m | eta: 0.4m
step 04584/04692 (97.70%) | loss: 2.611864 | lrm: 0.05 | dt: 232.36ms | tok/sec: 2,256,343 | bf16_mfu: 47.37 | epoch: 1 pq: 50 rg: 64 | total time: 17.91m | eta: 0.4m
step 04585/04692 (97.72%) | loss: 2.615056 | lrm: 0.05 | dt: 235.44ms | tok/sec: 2,226,840 | bf16_mfu: 46.75 | epoch: 1 pq: 50 rg: 64 | total time: 17.92m | eta: 0.4m
step 04586/04692 (97.74%) | loss: 2.593969 | lrm: 0.05 | dt: 234.83ms | tok/sec: 2,232,597 | bf16_mfu: 46.87 | epoch: 1 pq: 50 rg: 64 | total time: 17.92m | eta: 0.4m
step 04587/04692 (97.76%) | loss: 2.617168 | lrm: 0.04 | dt: 234.51ms | tok/sec: 2,235,672 | bf16_mfu: 46.93 | epoch: 1 pq: 50 rg: 64 | total time: 17.92m | eta: 0.4m
step 04588/04692 (97.78%) | loss: 2.620349 | lrm: 0.04 | dt: 235.42ms | tok/sec: 2,226,987 | bf16_mfu: 46.75 | epoch: 1 pq: 50 rg: 64 | total time: 17.93m | eta: 0.4m
step 04589/04692 (97.80%) | loss: 2.619913 | lrm: 0.04 | dt: 335.74ms | tok/sec: 1,561,586 | bf16_mfu: 32.78 | epoch: 1 pq: 50 rg: 64 | total time: 17.93m | eta: 0.4m
step 04590/04692 (97.83%) | loss: 2.618879 | lrm: 0.04 | dt: 229.52ms | tok/sec: 2,284,315 | bf16_mfu: 47.95 | epoch: 1 pq: 50 rg: 64 | total time: 17.94m | eta: 0.4m
step 04591/04692 (97.85%) | loss: 2.626240 | lrm: 0.04 | dt: 228.90ms | tok/sec: 2,290,506 | bf16_mfu: 48.08 | epoch: 1 pq: 50 rg: 72 | total time: 17.94m | eta: 0.4m
step 04592/04692 (97.87%) | loss: 2.627253 | lrm: 0.04 | dt: 229.16ms | tok/sec: 2,287,915 | bf16_mfu: 48.03 | epoch: 1 pq: 50 rg: 72 | total time: 17.94m | eta: 0.4m
step 04593/04692 (97.89%) | loss: 2.635478 | lrm: 0.04 | dt: 238.01ms | tok/sec: 2,202,785 | bf16_mfu: 46.24 | epoch: 1 pq: 50 rg: 72 | total time: 17.95m | eta: 0.4m
step 04594/04692 (97.91%) | loss: 2.631403 | lrm: 0.04 | dt: 239.25ms | tok/sec: 2,191,399 | bf16_mfu: 46.00 | epoch: 1 pq: 50 rg: 72 | total time: 17.95m | eta: 0.4m
step 04595/04692 (97.93%) | loss: 2.631387 | lrm: 0.04 | dt: 231.94ms | tok/sec: 2,260,413 | bf16_mfu: 47.45 | epoch: 1 pq: 50 rg: 72 | total time: 17.96m | eta: 0.4m
step 04596/04692 (97.95%) | loss: 2.622853 | lrm: 0.04 | dt: 229.04ms | tok/sec: 2,289,046 | bf16_mfu: 48.05 | epoch: 1 pq: 50 rg: 72 | total time: 17.96m | eta: 0.4m
step 04597/04692 (97.98%) | loss: 2.625000 | lrm: 0.04 | dt: 233.70ms | tok/sec: 2,243,436 | bf16_mfu: 47.10 | epoch: 1 pq: 50 rg: 72 | total time: 17.96m | eta: 0.4m
step 04598/04692 (98.00%) | loss: 2.633081 | lrm: 0.04 | dt: 240.35ms | tok/sec: 2,181,391 | bf16_mfu: 45.79 | epoch: 1 pq: 50 rg: 72 | total time: 17.97m | eta: 0.4m
step 04599/04692 (98.02%) | loss: 2.643780 | lrm: 0.04 | dt: 233.98ms | tok/sec: 2,240,752 | bf16_mfu: 47.04 | epoch: 1 pq: 50 rg: 80 | total time: 17.97m | eta: 0.4m
step 04600/04692 (98.04%) | loss: 2.647194 | lrm: 0.04 | dt: 230.47ms | tok/sec: 2,274,834 | bf16_mfu: 47.76 | epoch: 1 pq: 50 rg: 80 | total time: 17.98m | eta: 0.4m
step 04601/04692 (98.06%) | loss: 2.632827 | lrm: 0.04 | dt: 231.74ms | tok/sec: 2,262,371 | bf16_mfu: 47.49 | epoch: 1 pq: 50 rg: 80 | total time: 17.98m | eta: 0.4m
step 04602/04692 (98.08%) | loss: 2.629828 | lrm: 0.04 | dt: 238.42ms | tok/sec: 2,198,966 | bf16_mfu: 46.16 | epoch: 1 pq: 50 rg: 80 | total time: 17.98m | eta: 0.4m
step 04603/04692 (98.10%) | loss: 2.628114 | lrm: 0.04 | dt: 233.20ms | tok/sec: 2,248,218 | bf16_mfu: 47.20 | epoch: 1 pq: 50 rg: 80 | total time: 17.99m | eta: 0.3m
step 04604/04692 (98.12%) | loss: 2.614412 | lrm: 0.04 | dt: 231.50ms | tok/sec: 2,264,753 | bf16_mfu: 47.54 | epoch: 1 pq: 50 rg: 80 | total time: 17.99m | eta: 0.3m
step 04605/04692 (98.15%) | loss: 2.622345 | lrm: 0.04 | dt: 230.82ms | tok/sec: 2,271,448 | bf16_mfu: 47.68 | epoch: 1 pq: 50 rg: 80 | total time: 17.99m | eta: 0.3m
step 04606/04692 (98.17%) | loss: 2.624579 | lrm: 0.04 | dt: 236.68ms | tok/sec: 2,215,198 | bf16_mfu: 46.50 | epoch: 1 pq: 50 rg: 80 | total time: 18.00m | eta: 0.3m
step 04607/04692 (98.19%) | loss: 2.622185 | lrm: 0.04 | dt: 234.70ms | tok/sec: 2,233,905 | bf16_mfu: 46.90 | epoch: 1 pq: 51 rg: 0 | total time: 18.00m | eta: 0.3m
step 04608/04692 (98.21%) | loss: 2.630408 | lrm: 0.04 | dt: 232.63ms | tok/sec: 2,253,753 | bf16_mfu: 47.31 | epoch: 1 pq: 51 rg: 0 | total time: 18.01m | eta: 0.3m
step 04609/04692 (98.23%) | loss: 2.626557 | lrm: 0.04 | dt: 230.02ms | tok/sec: 2,279,363 | bf16_mfu: 47.85 | epoch: 1 pq: 51 rg: 0 | total time: 18.01m | eta: 0.3m
step 04610/04692 (98.25%) | loss: 2.624004 | lrm: 0.03 | dt: 233.94ms | tok/sec: 2,241,079 | bf16_mfu: 47.05 | epoch: 1 pq: 51 rg: 0 | total time: 18.01m | eta: 0.3m
step 04611/04692 (98.27%) | loss: 2.617469 | lrm: 0.03 | dt: 236.59ms | tok/sec: 2,216,037 | bf16_mfu: 46.52 | epoch: 1 pq: 51 rg: 0 | total time: 18.02m | eta: 0.3m
step 04612/04692 (98.29%) | loss: 2.623640 | lrm: 0.03 | dt: 235.52ms | tok/sec: 2,226,085 | bf16_mfu: 46.73 | epoch: 1 pq: 51 rg: 0 | total time: 18.02m | eta: 0.3m
step 04613/04692 (98.32%) | loss: 2.635401 | lrm: 0.03 | dt: 232.05ms | tok/sec: 2,259,380 | bf16_mfu: 47.43 | epoch: 1 pq: 51 rg: 0 | total time: 18.03m | eta: 0.3m
step 04614/04692 (98.34%) | loss: 2.630816 | lrm: 0.03 | dt: 232.34ms | tok/sec: 2,256,581 | bf16_mfu: 47.37 | epoch: 1 pq: 51 rg: 0 | total time: 18.03m | eta: 0.3m
step 04615/04692 (98.36%) | loss: 2.621916 | lrm: 0.03 | dt: 233.68ms | tok/sec: 2,243,594 | bf16_mfu: 47.10 | epoch: 1 pq: 51 rg: 8 | total time: 18.03m | eta: 0.3m
step 04616/04692 (98.38%) | loss: 2.624376 | lrm: 0.03 | dt: 236.01ms | tok/sec: 2,221,455 | bf16_mfu: 46.63 | epoch: 1 pq: 51 rg: 8 | total time: 18.04m | eta: 0.3m
step 04617/04692 (98.40%) | loss: 2.621396 | lrm: 0.03 | dt: 233.51ms | tok/sec: 2,245,282 | bf16_mfu: 47.13 | epoch: 1 pq: 51 rg: 8 | total time: 18.04m | eta: 0.3m
step 04618/04692 (98.42%) | loss: 2.621184 | lrm: 0.03 | dt: 231.46ms | tok/sec: 2,265,133 | bf16_mfu: 47.55 | epoch: 1 pq: 51 rg: 8 | total time: 18.05m | eta: 0.3m
step 04619/04692 (98.44%) | loss: 2.620308 | lrm: 0.03 | dt: 233.97ms | tok/sec: 2,240,796 | bf16_mfu: 47.04 | epoch: 1 pq: 51 rg: 8 | total time: 18.05m | eta: 0.3m
step 04620/04692 (98.47%) | loss: 2.625270 | lrm: 0.03 | dt: 238.53ms | tok/sec: 2,197,972 | bf16_mfu: 46.14 | epoch: 1 pq: 51 rg: 8 | total time: 18.05m | eta: 0.3m
step 04621/04692 (98.49%) | loss: 2.626201 | lrm: 0.03 | dt: 234.06ms | tok/sec: 2,239,960 | bf16_mfu: 47.02 | epoch: 1 pq: 51 rg: 8 | total time: 18.06m | eta: 0.3m
step 04622/04692 (98.51%) | loss: 2.632466 | lrm: 0.03 | dt: 233.65ms | tok/sec: 2,243,947 | bf16_mfu: 47.11 | epoch: 1 pq: 51 rg: 8 | total time: 18.06m | eta: 0.3m
step 04623/04692 (98.53%) | loss: 2.614364 | lrm: 0.03 | dt: 233.06ms | tok/sec: 2,249,541 | bf16_mfu: 47.22 | epoch: 1 pq: 51 rg: 8 | total time: 18.06m | eta: 0.3m
step 04624/04692 (98.55%) | loss: 2.612105 | lrm: 0.03 | dt: 235.97ms | tok/sec: 2,221,832 | bf16_mfu: 46.64 | epoch: 1 pq: 51 rg: 16 | total time: 18.07m | eta: 0.3m
step 04625/04692 (98.57%) | loss: 2.609155 | lrm: 0.03 | dt: 236.21ms | tok/sec: 2,219,558 | bf16_mfu: 46.59 | epoch: 1 pq: 51 rg: 16 | total time: 18.07m | eta: 0.3m
step 04626/04692 (98.59%) | loss: 2.601114 | lrm: 0.03 | dt: 233.86ms | tok/sec: 2,241,872 | bf16_mfu: 47.06 | epoch: 1 pq: 51 rg: 16 | total time: 18.08m | eta: 0.3m
step 04627/04692 (98.61%) | loss: 2.613292 | lrm: 0.03 | dt: 234.05ms | tok/sec: 2,240,045 | bf16_mfu: 47.03 | epoch: 1 pq: 51 rg: 16 | total time: 18.08m | eta: 0.3m
step 04628/04692 (98.64%) | loss: 2.622258 | lrm: 0.03 | dt: 233.66ms | tok/sec: 2,243,828 | bf16_mfu: 47.10 | epoch: 1 pq: 51 rg: 16 | total time: 18.08m | eta: 0.3m
step 04629/04692 (98.66%) | loss: 2.618758 | lrm: 0.03 | dt: 235.49ms | tok/sec: 2,226,401 | bf16_mfu: 46.74 | epoch: 1 pq: 51 rg: 16 | total time: 18.09m | eta: 0.2m
step 04630/04692 (98.68%) | loss: 2.611877 | lrm: 0.03 | dt: 233.87ms | tok/sec: 2,241,819 | bf16_mfu: 47.06 | epoch: 1 pq: 51 rg: 16 | total time: 18.09m | eta: 0.2m
step 04631/04692 (98.70%) | loss: 2.610067 | lrm: 0.03 | dt: 233.04ms | tok/sec: 2,249,741 | bf16_mfu: 47.23 | epoch: 1 pq: 51 rg: 16 | total time: 18.10m | eta: 0.2m
step 04632/04692 (98.72%) | loss: 2.614349 | lrm: 0.03 | dt: 234.44ms | tok/sec: 2,236,327 | bf16_mfu: 46.95 | epoch: 1 pq: 51 rg: 24 | total time: 18.10m | eta: 0.2m
step 04633/04692 (98.74%) | loss: 2.603234 | lrm: 0.03 | dt: 235.33ms | tok/sec: 2,227,858 | bf16_mfu: 46.77 | epoch: 1 pq: 51 rg: 24 | total time: 18.10m | eta: 0.2m
step 04634/04692 (98.76%) | loss: 2.608015 | lrm: 0.02 | dt: 235.94ms | tok/sec: 2,222,093 | bf16_mfu: 46.65 | epoch: 1 pq: 51 rg: 24 | total time: 18.11m | eta: 0.2m
step 04635/04692 (98.79%) | loss: 2.602477 | lrm: 0.02 | dt: 234.60ms | tok/sec: 2,234,843 | bf16_mfu: 46.92 | epoch: 1 pq: 51 rg: 24 | total time: 18.11m | eta: 0.2m
step 04636/04692 (98.81%) | loss: 2.600145 | lrm: 0.02 | dt: 233.11ms | tok/sec: 2,249,062 | bf16_mfu: 47.21 | epoch: 1 pq: 51 rg: 24 | total time: 18.12m | eta: 0.2m
step 04637/04692 (98.83%) | loss: 2.598489 | lrm: 0.02 | dt: 231.99ms | tok/sec: 2,259,963 | bf16_mfu: 47.44 | epoch: 1 pq: 51 rg: 24 | total time: 18.12m | eta: 0.2m
step 04638/04692 (98.85%) | loss: 2.597584 | lrm: 0.02 | dt: 236.03ms | tok/sec: 2,221,264 | bf16_mfu: 46.63 | epoch: 1 pq: 51 rg: 24 | total time: 18.12m | eta: 0.2m
step 04639/04692 (98.87%) | loss: 2.603508 | lrm: 0.02 | dt: 233.85ms | tok/sec: 2,241,975 | bf16_mfu: 47.07 | epoch: 1 pq: 51 rg: 24 | total time: 18.13m | eta: 0.2m
step 04640/04692 (98.89%) | loss: 2.590183 | lrm: 0.02 | dt: 233.16ms | tok/sec: 2,248,657 | bf16_mfu: 47.21 | epoch: 1 pq: 51 rg: 32 | total time: 18.13m | eta: 0.2m
step 04641/04692 (98.91%) | loss: 2.595416 | lrm: 0.02 | dt: 233.45ms | tok/sec: 2,245,807 | bf16_mfu: 47.15 | epoch: 1 pq: 51 rg: 32 | total time: 18.14m | eta: 0.2m
step 04642/04692 (98.93%) | loss: 2.591130 | lrm: 0.02 | dt: 235.74ms | tok/sec: 2,224,045 | bf16_mfu: 46.69 | epoch: 1 pq: 51 rg: 32 | total time: 18.14m | eta: 0.2m
step 04643/04692 (98.96%) | loss: 2.593648 | lrm: 0.02 | dt: 233.84ms | tok/sec: 2,242,112 | bf16_mfu: 47.07 | epoch: 1 pq: 51 rg: 32 | total time: 18.14m | eta: 0.2m
step 04644/04692 (98.98%) | loss: 2.595369 | lrm: 0.02 | dt: 233.79ms | tok/sec: 2,242,535 | bf16_mfu: 47.08 | epoch: 1 pq: 51 rg: 32 | total time: 18.15m | eta: 0.2m
step 04645/04692 (99.00%) | loss: 2.587651 | lrm: 0.02 | dt: 233.02ms | tok/sec: 2,250,008 | bf16_mfu: 47.23 | epoch: 1 pq: 51 rg: 32 | total time: 18.15m | eta: 0.2m
step 04646/04692 (99.02%) | loss: 2.584738 | lrm: 0.02 | dt: 236.51ms | tok/sec: 2,216,802 | bf16_mfu: 46.54 | epoch: 1 pq: 51 rg: 32 | total time: 18.15m | eta: 0.2m
step 04647/04692 (99.04%) | loss: 2.581637 | lrm: 0.02 | dt: 233.03ms | tok/sec: 2,249,842 | bf16_mfu: 47.23 | epoch: 1 pq: 51 rg: 32 | total time: 18.16m | eta: 0.2m
step 04648/04692 (99.06%) | loss: 2.573024 | lrm: 0.02 | dt: 233.87ms | tok/sec: 2,241,826 | bf16_mfu: 47.06 | epoch: 1 pq: 51 rg: 32 | total time: 18.16m | eta: 0.2m
step 04649/04692 (99.08%) | loss: 2.572050 | lrm: 0.02 | dt: 231.88ms | tok/sec: 2,260,992 | bf16_mfu: 47.46 | epoch: 1 pq: 51 rg: 40 | total time: 18.17m | eta: 0.2m
step 04650/04692 (99.10%) | loss: 2.572733 | lrm: 0.02 | dt: 235.31ms | tok/sec: 2,228,048 | bf16_mfu: 46.77 | epoch: 1 pq: 51 rg: 40 | total time: 18.17m | eta: 0.2m
step 04651/04692 (99.13%) | loss: 2.584830 | lrm: 0.02 | dt: 233.47ms | tok/sec: 2,245,670 | bf16_mfu: 47.14 | epoch: 1 pq: 51 rg: 40 | total time: 18.17m | eta: 0.2m
step 04652/04692 (99.15%) | loss: 2.578574 | lrm: 0.02 | dt: 234.31ms | tok/sec: 2,237,622 | bf16_mfu: 46.97 | epoch: 1 pq: 51 rg: 40 | total time: 18.18m | eta: 0.2m
step 04653/04692 (99.17%) | loss: 2.576809 | lrm: 0.02 | dt: 233.22ms | tok/sec: 2,248,060 | bf16_mfu: 47.19 | epoch: 1 pq: 51 rg: 40 | total time: 18.18m | eta: 0.2m
step 04654/04692 (99.19%) | loss: 2.588256 | lrm: 0.02 | dt: 235.83ms | tok/sec: 2,223,198 | bf16_mfu: 46.67 | epoch: 1 pq: 51 rg: 40 | total time: 18.19m | eta: 0.1m
step 04655/04692 (99.21%) | loss: 2.591409 | lrm: 0.02 | dt: 235.60ms | tok/sec: 2,225,304 | bf16_mfu: 46.72 | epoch: 1 pq: 51 rg: 40 | total time: 18.19m | eta: 0.1m
step 04656/04692 (99.23%) | loss: 2.611582 | lrm: 0.02 | dt: 234.71ms | tok/sec: 2,233,724 | bf16_mfu: 46.89 | epoch: 1 pq: 51 rg: 40 | total time: 18.19m | eta: 0.1m
step 04657/04692 (99.25%) | loss: 2.629653 | lrm: 0.01 | dt: 232.63ms | tok/sec: 2,253,764 | bf16_mfu: 47.31 | epoch: 1 pq: 51 rg: 48 | total time: 18.20m | eta: 0.1m
step 04658/04692 (99.28%) | loss: 2.630129 | lrm: 0.01 | dt: 232.83ms | tok/sec: 2,251,854 | bf16_mfu: 47.27 | epoch: 1 pq: 51 rg: 48 | total time: 18.20m | eta: 0.1m
step 04659/04692 (99.30%) | loss: 2.625786 | lrm: 0.01 | dt: 234.57ms | tok/sec: 2,235,129 | bf16_mfu: 46.92 | epoch: 1 pq: 51 rg: 48 | total time: 18.21m | eta: 0.1m
step 04660/04692 (99.32%) | loss: 2.617582 | lrm: 0.01 | dt: 234.70ms | tok/sec: 2,233,842 | bf16_mfu: 46.89 | epoch: 1 pq: 51 rg: 48 | total time: 18.21m | eta: 0.1m
step 04661/04692 (99.34%) | loss: 2.615758 | lrm: 0.01 | dt: 233.22ms | tok/sec: 2,248,046 | bf16_mfu: 47.19 | epoch: 1 pq: 51 rg: 48 | total time: 18.21m | eta: 0.1m
step 04662/04692 (99.36%) | loss: 2.618831 | lrm: 0.01 | dt: 232.53ms | tok/sec: 2,254,712 | bf16_mfu: 47.33 | epoch: 1 pq: 51 rg: 48 | total time: 18.22m | eta: 0.1m
step 04663/04692 (99.38%) | loss: 2.614971 | lrm: 0.01 | dt: 234.31ms | tok/sec: 2,237,599 | bf16_mfu: 46.97 | epoch: 1 pq: 51 rg: 48 | total time: 18.22m | eta: 0.1m
step 04664/04692 (99.40%) | loss: 2.610524 | lrm: 0.01 | dt: 233.50ms | tok/sec: 2,245,310 | bf16_mfu: 47.14 | epoch: 1 pq: 51 rg: 48 | total time: 18.22m | eta: 0.1m
step 04665/04692 (99.42%) | loss: 2.614083 | lrm: 0.01 | dt: 232.88ms | tok/sec: 2,251,319 | bf16_mfu: 47.26 | epoch: 1 pq: 51 rg: 56 | total time: 18.23m | eta: 0.1m
step 04666/04692 (99.45%) | loss: 2.607795 | lrm: 0.01 | dt: 233.01ms | tok/sec: 2,250,031 | bf16_mfu: 47.23 | epoch: 1 pq: 51 rg: 56 | total time: 18.23m | eta: 0.1m
step 04667/04692 (99.47%) | loss: 2.606053 | lrm: 0.01 | dt: 232.49ms | tok/sec: 2,255,082 | bf16_mfu: 47.34 | epoch: 1 pq: 51 rg: 56 | total time: 18.24m | eta: 0.1m
step 04668/04692 (99.49%) | loss: 2.607220 | lrm: 0.01 | dt: 233.05ms | tok/sec: 2,249,674 | bf16_mfu: 47.23 | epoch: 1 pq: 51 rg: 56 | total time: 18.24m | eta: 0.1m
step 04669/04692 (99.51%) | loss: 2.604151 | lrm: 0.01 | dt: 233.57ms | tok/sec: 2,244,719 | bf16_mfu: 47.12 | epoch: 1 pq: 51 rg: 56 | total time: 18.24m | eta: 0.1m
step 04670/04692 (99.53%) | loss: 2.610099 | lrm: 0.01 | dt: 232.76ms | tok/sec: 2,252,495 | bf16_mfu: 47.29 | epoch: 1 pq: 51 rg: 56 | total time: 18.25m | eta: 0.1m
step 04671/04692 (99.55%) | loss: 2.602707 | lrm: 0.01 | dt: 233.43ms | tok/sec: 2,246,035 | bf16_mfu: 47.15 | epoch: 1 pq: 51 rg: 56 | total time: 18.25m | eta: 0.1m
step 04672/04692 (99.57%) | loss: 2.605886 | lrm: 0.01 | dt: 232.68ms | tok/sec: 2,253,291 | bf16_mfu: 47.30 | epoch: 1 pq: 51 rg: 56 | total time: 18.26m | eta: 0.1m
step 04673/04692 (99.60%) | loss: 2.612010 | lrm: 0.01 | dt: 237.24ms | tok/sec: 2,209,969 | bf16_mfu: 46.39 | epoch: 1 pq: 51 rg: 56 | total time: 18.26m | eta: 0.1m
step 04674/04692 (99.62%) | loss: 2.629845 | lrm: 0.01 | dt: 234.92ms | tok/sec: 2,231,792 | bf16_mfu: 46.85 | epoch: 1 pq: 51 rg: 64 | total time: 18.26m | eta: 0.1m
step 04675/04692 (99.64%) | loss: 2.619790 | lrm: 0.01 | dt: 233.44ms | tok/sec: 2,245,888 | bf16_mfu: 47.15 | epoch: 1 pq: 51 rg: 64 | total time: 18.27m | eta: 0.1m
step 04676/04692 (99.66%) | loss: 2.612140 | lrm: 0.01 | dt: 233.16ms | tok/sec: 2,248,577 | bf16_mfu: 47.20 | epoch: 1 pq: 51 rg: 64 | total time: 18.27m | eta: 0.1m
step 04677/04692 (99.68%) | loss: 2.605843 | lrm: 0.01 | dt: 234.50ms | tok/sec: 2,235,813 | bf16_mfu: 46.94 | epoch: 1 pq: 51 rg: 64 | total time: 18.28m | eta: 0.1m
step 04678/04692 (99.70%) | loss: 2.605903 | lrm: 0.01 | dt: 236.52ms | tok/sec: 2,216,643 | bf16_mfu: 46.53 | epoch: 1 pq: 51 rg: 64 | total time: 18.28m | eta: 0.1m
step 04679/04692 (99.72%) | loss: 2.609470 | lrm: 0.01 | dt: 233.47ms | tok/sec: 2,245,596 | bf16_mfu: 47.14 | epoch: 1 pq: 51 rg: 64 | total time: 18.28m | eta: 0.1m
step 04680/04692 (99.74%) | loss: 2.591554 | lrm: 0.01 | dt: 234.97ms | tok/sec: 2,231,255 | bf16_mfu: 46.84 | epoch: 1 pq: 51 rg: 64 | total time: 18.29m | eta: 0.0m
step 04681/04692 (99.77%) | loss: 2.592720 | lrm: 0.00 | dt: 231.31ms | tok/sec: 2,266,583 | bf16_mfu: 47.58 | epoch: 1 pq: 51 rg: 64 | total time: 18.29m | eta: 0.0m
step 04682/04692 (99.79%) | loss: 2.596639 | lrm: 0.00 | dt: 237.15ms | tok/sec: 2,210,824 | bf16_mfu: 46.41 | epoch: 1 pq: 51 rg: 72 | total time: 18.30m | eta: 0.0m
step 04683/04692 (99.81%) | loss: 2.605657 | lrm: 0.00 | dt: 235.78ms | tok/sec: 2,223,636 | bf16_mfu: 46.68 | epoch: 1 pq: 51 rg: 72 | total time: 18.30m | eta: 0.0m
step 04684/04692 (99.83%) | loss: 2.601686 | lrm: 0.00 | dt: 233.90ms | tok/sec: 2,241,545 | bf16_mfu: 47.06 | epoch: 1 pq: 51 rg: 72 | total time: 18.30m | eta: 0.0m
step 04685/04692 (99.85%) | loss: 2.594581 | lrm: 0.00 | dt: 232.53ms | tok/sec: 2,254,737 | bf16_mfu: 47.33 | epoch: 1 pq: 51 rg: 72 | total time: 18.31m | eta: 0.0m
step 04686/04692 (99.87%) | loss: 2.592493 | lrm: 0.00 | dt: 233.55ms | tok/sec: 2,244,911 | bf16_mfu: 47.13 | epoch: 1 pq: 51 rg: 72 | total time: 18.31m | eta: 0.0m
step 04687/04692 (99.89%) | loss: 2.603900 | lrm: 0.00 | dt: 233.86ms | tok/sec: 2,241,920 | bf16_mfu: 47.06 | epoch: 1 pq: 51 rg: 72 | total time: 18.31m | eta: 0.0m
step 04688/04692 (99.91%) | loss: 2.612467 | lrm: 0.00 | dt: 234.68ms | tok/sec: 2,234,075 | bf16_mfu: 46.90 | epoch: 1 pq: 51 rg: 72 | total time: 18.32m | eta: 0.0m
step 04689/04692 (99.94%) | loss: 2.609816 | lrm: 0.00 | dt: 233.01ms | tok/sec: 2,250,102 | bf16_mfu: 47.24 | epoch: 1 pq: 51 rg: 72 | total time: 18.32m | eta: 0.0m
step 04690/04692 (99.96%) | loss: 2.612319 | lrm: 0.00 | dt: 234.20ms | tok/sec: 2,238,635 | bf16_mfu: 47.00 | epoch: 1 pq: 51 rg: 80 | total time: 18.33m | eta: 0.0m
step 04691/04692 (99.98%) | loss: 2.616805 | lrm: 0.00 | dt: 233.11ms | tok/sec: 2,249,071 | bf16_mfu: 47.21 | epoch: 1 pq: 51 rg: 80 | total time: 18.33m | eta: 0.0m
Step 04692 | Validation bpb: 0.793223
Evaluating: hellaswag_zeroshot (0-shot, type: multiple_choice)... accuracy: 0.4460 | centered: 0.2613 | time: 1.09s
Evaluating: jeopardy (10-shot, type: language_modeling)... accuracy: 0.0440 | centered: 0.0440 | time: 0.98s
Evaluating: bigbench_qa_wikidata (10-shot, type: language_modeling)... accuracy: 0.3400 | centered: 0.3400 | time: 1.00s
Evaluating: arc_easy (10-shot, type: multiple_choice)... accuracy: 0.6600 | centered: 0.5467 | time: 1.11s
Evaluating: arc_challenge (10-shot, type: multiple_choice)... accuracy: 0.3700 | centered: 0.1600 | time: 1.11s
Evaluating: copa (0-shot, type: multiple_choice)... accuracy: 0.5900 | centered: 0.1800 | time: 0.19s
Evaluating: commonsense_qa (10-shot, type: multiple_choice)... accuracy: 0.3220 | centered: 0.1525 | time: 1.15s
Evaluating: piqa (10-shot, type: multiple_choice)... accuracy: 0.7220 | centered: 0.4440 | time: 1.03s
Evaluating: openbook_qa (0-shot, type: multiple_choice)... accuracy: 0.3560 | centered: 0.1413 | time: 0.98s
Evaluating: lambada_openai (0-shot, type: language_modeling)... accuracy: 0.3520 | centered: 0.3520 | time: 0.96s
Evaluating: hellaswag (10-shot, type: multiple_choice)... accuracy: 0.4280 | centered: 0.2373 | time: 1.32s
Evaluating: winograd (0-shot, type: schema)... accuracy: 0.6044 | centered: 0.2088 | time: 0.50s
Evaluating: winogrande (0-shot, type: schema)... accuracy: 0.5280 | centered: 0.0560 | time: 0.93s
Evaluating: bigbench_dyck_languages (10-shot, type: language_modeling)... accuracy: 0.0960 | centered: 0.0960 | time: 1.00s
Evaluating: agi_eval_lsat_ar (3-shot, type: multiple_choice)... accuracy: 0.2696 | centered: 0.0870 | time: 0.58s
Evaluating: bigbench_cs_algorithms (10-shot, type: language_modeling)... accuracy: 0.4040 | centered: 0.4040 | time: 1.00s
Evaluating: bigbench_operators (10-shot, type: language_modeling)... accuracy: 0.1571 | centered: 0.1571 | time: 0.42s
Evaluating: bigbench_repeat_copy_logic (10-shot, type: language_modeling)... accuracy: 0.0312 | centered: 0.0312 | time: 0.07s
Evaluating: squad (10-shot, type: language_modeling)... accuracy: 0.2960 | centered: 0.2960 | time: 1.25s
Evaluating: coqa (0-shot, type: language_modeling)... accuracy: 0.2200 | centered: 0.2200 | time: 1.12s
Evaluating: boolq (10-shot, type: multiple_choice)... accuracy: 0.4740 | centered: -0.3842 | time: 1.26s
Evaluating: bigbench_language_identification (10-shot, type: multiple_choice)... accuracy: 0.2600 | centered: 0.1859 | time: 1.74s
Step 04692 | CORE metric: 0.1917
<|bos|>The capital of France is Paris, and the capital of the United States is Washington, D.C. The
<|bos|>The chemical symbol of gold is Au. The atomic number of gold is 79. The atomic weight of gold
<|bos|>If yesterday was Friday, then tomorrow will be Monday. If today was yesterday, then tomorrow will be today. If today was
2026-03-06 21:29:07,199 - nanochat.checkpoint_manager - [32m[1mINFO[0m - Saved optimizer state to: /data/.cache/nanochat/base_checkpoints/part3/d16_baseline/optim_004692_rank1.pt
2026-03-06 21:29:07,201 - nanochat.checkpoint_manager - [32m[1mINFO[0m - Saved optimizer state to: /data/.cache/nanochat/base_checkpoints/part3/d16_baseline/optim_004692_rank5.pt
2026-03-06 21:29:07,205 - nanochat.checkpoint_manager - [32m[1mINFO[0m - Saved optimizer state to: /data/.cache/nanochat/base_checkpoints/part3/d16_baseline/optim_004692_rank4.pt
<|bos|>The opposite of hot is cold. The opposite of cold is hot. The opposite of hot is cold.
2026-03-06 21:29:07,208 - nanochat.checkpoint_manager - [32m[1mINFO[0m - Saved optimizer state to: /data/.cache/nanochat/base_checkpoints/part3/d16_baseline/optim_004692_rank2.pt
2026-03-06 21:29:07,211 - nanochat.checkpoint_manager - [32m[1mINFO[0m - Saved optimizer state to: /data/.cache/nanochat/base_checkpoints/part3/d16_baseline/optim_004692_rank6.pt
2026-03-06 21:29:07,215 - nanochat.checkpoint_manager - [32m[1mINFO[0m - Saved optimizer state to: /data/.cache/nanochat/base_checkpoints/part3/d16_baseline/optim_004692_rank7.pt
2026-03-06 21:29:07,217 - nanochat.checkpoint_manager - [32m[1mINFO[0m - Saved optimizer state to: /data/.cache/nanochat/base_checkpoints/part3/d16_baseline/optim_004692_rank3.pt
<|bos|>The planets of the solar system are: Mercury, Venus, Earth, Mars, Jupiter, Saturn, Uranus, Ne
<|bos|>My favorite color is blue. I love the color blue. I love the color blue. I love
<|bos|>If 5*x + 3 = 13, then x is 5. If 5*x + 3 = 13, then
2026-03-06 21:29:11,279 - nanochat.checkpoint_manager - [32m[1mINFO[0m - Saved model parameters to: /data/.cache/nanochat/base_checkpoints/part3/d16_baseline/model_004692.pt
2026-03-06 21:29:11,282 - nanochat.checkpoint_manager - [32m[1mINFO[0m - Saved metadata to: /data/.cache/nanochat/base_checkpoints/part3/d16_baseline/meta_004692.json
2026-03-06 21:29:11,840 - nanochat.checkpoint_manager - [32m[1mINFO[0m - Saved optimizer state to: /data/.cache/nanochat/base_checkpoints/part3/d16_baseline/optim_004692_rank0.pt
Peak memory usage: 48352.75MiB
Total training time: 18.33m
Minimum validation bpb: 0.793223
wandb: updating run metadata
wandb:                                                                                
wandb: 
wandb: Run history:
wandb:          core_metric ΓûüΓûâΓûçΓûåΓûê
wandb:                 step ΓûüΓûüΓûüΓûüΓûüΓûéΓûéΓûéΓûéΓûéΓûéΓûéΓûâΓûâΓûâΓûâΓûâΓûâΓûäΓûäΓûäΓûäΓûäΓûàΓûàΓûàΓûàΓûàΓûåΓûåΓûåΓûçΓûçΓûçΓûçΓûçΓûçΓûêΓûêΓûê
wandb: total_training_flops ΓûüΓûüΓûüΓûéΓûéΓûéΓûéΓûéΓûéΓûéΓûâΓûâΓûâΓûâΓûâΓûäΓûäΓûäΓûäΓûäΓûàΓûàΓûàΓûàΓûàΓûàΓûàΓûåΓûåΓûåΓûåΓûåΓûåΓûçΓûçΓûçΓûçΓûêΓûêΓûê
wandb:  total_training_time ΓûüΓûüΓûüΓûüΓûüΓûéΓûéΓûéΓûéΓûéΓûâΓûâΓûâΓûâΓûâΓûäΓûäΓûäΓûäΓûäΓûàΓûàΓûàΓûàΓûàΓûåΓûåΓûåΓûåΓûåΓûçΓûçΓûçΓûçΓûçΓûçΓûêΓûêΓûêΓûê
wandb:             train/dt ΓûêΓûüΓûüΓûüΓûüΓûüΓûüΓûüΓûüΓûüΓûüΓûüΓûüΓûüΓûüΓûüΓûüΓûüΓûüΓûüΓûüΓûüΓûüΓûüΓûüΓûüΓûüΓûüΓûüΓûüΓûüΓûüΓûüΓûüΓûüΓûüΓûüΓûüΓûüΓûü
wandb:           train/loss ΓûêΓûâΓûéΓûéΓûéΓûüΓûüΓûüΓûüΓûüΓûüΓûüΓûüΓûüΓûüΓûüΓûüΓûüΓûüΓûüΓûüΓûüΓûüΓûüΓûüΓûüΓûüΓûüΓûüΓûüΓûüΓûüΓûüΓûüΓûüΓûüΓûüΓûüΓûüΓûü
wandb:            train/lrm ΓûêΓûêΓûêΓûêΓûêΓûêΓûêΓûêΓûêΓûêΓûêΓûêΓûêΓûêΓûêΓûêΓûêΓûêΓûêΓûêΓûêΓûêΓûêΓûçΓûçΓûåΓûåΓûåΓûàΓûàΓûäΓûäΓûäΓûâΓûâΓûâΓûéΓûéΓûéΓûü
wandb:            train/mfu ΓûüΓûêΓûêΓûêΓûêΓûêΓûêΓûêΓûêΓûêΓûêΓûêΓûêΓûêΓûêΓûêΓûêΓûêΓûêΓûêΓûêΓûêΓûêΓûêΓûêΓûêΓûêΓûêΓûêΓûêΓûêΓûêΓûêΓûêΓûêΓûêΓûêΓûêΓûêΓûê
wandb:    train/tok_per_sec ΓûüΓûêΓûêΓûêΓûêΓûêΓûêΓûêΓûêΓûêΓûêΓûêΓûêΓûêΓûêΓûêΓûêΓûêΓûêΓûêΓûêΓûêΓûêΓûêΓûêΓûêΓûêΓûêΓûêΓûêΓûêΓûêΓûêΓûêΓûêΓûêΓûêΓûêΓûêΓûê
wandb:              val/bpb ΓûêΓûéΓûéΓûüΓûüΓûüΓûüΓûüΓûüΓûüΓûüΓûüΓûüΓûüΓûüΓûüΓûüΓûüΓûüΓûü
wandb: 
wandb: Run summary:
wandb:          core_metric 0.19168
wandb:                 step 4692
wandb: total_training_flops 4085885805539622912
wandb:  total_training_time 1099.80736
wandb:             train/dt 0.23047
wandb:          train/epoch 1 pq: 50 rg: 80
wandb:           train/loss 2.64719
wandb:            train/lrm 0.03922
wandb:            train/mfu 47.75533
wandb:    train/tok_per_sec 2274834
wandb:                   +1 ...
wandb: 
wandb: ≡ƒÜÇ View run p3_d16_baseline at: https://wandb.ai/chau-nguyenminh109-university-of-toronto/nanochat-part3/runs/tgvpb1v8
wandb: Γ¡É∩╕Å View project at: https://wandb.ai/chau-nguyenminh109-university-of-toronto/nanochat-part3
wandb: Synced 5 W&B file(s), 0 media file(s), 0 artifact file(s) and 0 other file(s)
wandb: Find logs at: ./wandb/run-20260306_210352-tgvpb1v8/logs
Baseline complete. Checkpoint: base_checkpoints/part3/d16_baseline/
Stopping app - local entrypoint completed.
Runner terminated.
Γ£ô App completed. View run at 
https://modal.com/apps/csc490-assignment3/main/ap-G5PamqRt9ENfGOcC6BB7XX
